-- MySQL dump 10.13  Distrib 8.0.44, for Win64 (x86_64)
--
-- Host: localhost    Database: server_samp
-- ------------------------------------------------------
-- Server version	8.0.45

/*!40101 SET @OLD_CHARACTER_SET_CLIENT=@@CHARACTER_SET_CLIENT */;
/*!40101 SET @OLD_CHARACTER_SET_RESULTS=@@CHARACTER_SET_RESULTS */;
/*!40101 SET @OLD_COLLATION_CONNECTION=@@COLLATION_CONNECTION */;
/*!50503 SET NAMES utf8 */;
/*!40103 SET @OLD_TIME_ZONE=@@TIME_ZONE */;
/*!40103 SET TIME_ZONE='+00:00' */;
/*!40014 SET @OLD_UNIQUE_CHECKS=@@UNIQUE_CHECKS, UNIQUE_CHECKS=0 */;
/*!40014 SET @OLD_FOREIGN_KEY_CHECKS=@@FOREIGN_KEY_CHECKS, FOREIGN_KEY_CHECKS=0 */;
/*!40101 SET @OLD_SQL_MODE=@@SQL_MODE, SQL_MODE='NO_AUTO_VALUE_ON_ZERO' */;
/*!40111 SET @OLD_SQL_NOTES=@@SQL_NOTES, SQL_NOTES=0 */;

--
-- Table structure for table `almacen_faccion`
--

DROP TABLE IF EXISTS `almacen_faccion`;
/*!40101 SET @saved_cs_client     = @@character_set_client */;
/*!50503 SET character_set_client = utf8mb4 */;
CREATE TABLE `almacen_faccion` (
  `id` int NOT NULL,
  `faccionid` int NOT NULL DEFAULT '0',
  `almacen_index` int NOT NULL DEFAULT '1',
  `almacen_chalecos` int NOT NULL DEFAULT '0',
  `almacen_armas` int NOT NULL DEFAULT '0',
  `AlmacenX` float NOT NULL DEFAULT '0',
  `AlmacenY` float NOT NULL DEFAULT '0',
  `AlmacenZ` float NOT NULL DEFAULT '0',
  `AlmacenWorld` int NOT NULL DEFAULT '4',
  `LockA` tinyint(1) NOT NULL DEFAULT '0',
  PRIMARY KEY (`id`),
  UNIQUE KEY `faccionid` (`faccionid`,`almacen_index`),
  KEY `almacen_armas` (`almacen_armas`),
  KEY `almacen_chalecos` (`almacen_chalecos`),
  CONSTRAINT `almacen_faccion_ibfk_1` FOREIGN KEY (`almacen_armas`) REFERENCES `chalecos_faccion` (`idchalecos`),
  CONSTRAINT `almacen_faccion_ibfk_2` FOREIGN KEY (`almacen_chalecos`) REFERENCES `armas_faccion` (`idweapons`),
  CONSTRAINT `almacen_faccion_ibfk_3` FOREIGN KEY (`faccionid`) REFERENCES `facciones` (`faccionid`)
) ENGINE=InnoDB DEFAULT CHARSET=utf8mb4 COLLATE=utf8mb4_unicode_ci;
/*!40101 SET character_set_client = @saved_cs_client */;

--
-- Dumping data for table `almacen_faccion`
--

LOCK TABLES `almacen_faccion` WRITE;
/*!40000 ALTER TABLE `almacen_faccion` DISABLE KEYS */;
INSERT INTO `almacen_faccion` VALUES (0,0,1,0,0,0,0,0,4,0),(1,1,1,1,1,0,0,0,4,0),(2,2,1,2,2,0,0,0,4,0),(3,3,1,3,3,2811.01,1995.97,16.7722,4,0),(4,4,1,4,4,679.225,1843.64,5.59825,4,0),(5,5,1,5,5,940.502,1887.94,10.9535,4,0),(6,6,1,6,6,0,0,0,4,0),(7,7,1,7,7,0,0,0,4,0),(8,8,1,8,8,0,0,0,4,0),(9,9,1,9,9,0,0,0,4,0),(10,10,1,10,10,0,0,0,4,0),(11,11,1,11,11,0,0,0,4,0),(12,12,1,12,12,-557.734,-540.112,25.5234,0,0),(13,13,1,13,13,0,0,0,4,0),(14,14,1,14,14,0,0,0,4,0),(15,15,1,15,15,1893.4,1018.01,31.8828,4,0),(16,16,1,16,16,1041.17,1279.32,20.4648,4,0),(17,17,1,17,17,0,0,0,4,0),(18,18,1,18,18,1088.68,1712.86,10.9153,4,0),(19,19,1,19,19,2686.53,819.526,10.9638,4,0),(20,20,1,20,20,34.3752,2495.58,16.4937,4,1),(21,21,1,21,21,1725.71,-2447.11,13.6246,4,0),(22,21,2,22,22,2447.76,2085.16,62.3593,4,0),(23,22,1,23,23,0,0,0,4,0);
/*!40000 ALTER TABLE `almacen_faccion` ENABLE KEYS */;
UNLOCK TABLES;

--
-- Table structure for table `armas_faccion`
--

DROP TABLE IF EXISTS `armas_faccion`;
/*!40101 SET @saved_cs_client     = @@character_set_client */;
/*!50503 SET character_set_client = utf8mb4 */;
CREATE TABLE `armas_faccion` (
  `idweapons` int NOT NULL,
  `slot_0` int NOT NULL DEFAULT '0',
  `slot_1` int NOT NULL DEFAULT '0',
  `slot_2` int NOT NULL DEFAULT '0',
  `slot_3` int NOT NULL DEFAULT '0',
  `slot_4` int NOT NULL DEFAULT '0',
  `slot_5` int NOT NULL DEFAULT '0',
  `slot_6` int NOT NULL DEFAULT '0',
  `slot_7` int NOT NULL DEFAULT '0',
  `slot_8` int NOT NULL DEFAULT '0',
  `slot_9` int NOT NULL DEFAULT '0',
  `Ammo_0` int NOT NULL DEFAULT '0',
  `Ammo_1` int NOT NULL DEFAULT '0',
  `Ammo_2` int NOT NULL DEFAULT '0',
  `Ammo_3` int NOT NULL DEFAULT '0',
  `Ammo_4` int NOT NULL DEFAULT '0',
  `Ammo_5` int NOT NULL DEFAULT '0',
  `Ammo_6` int NOT NULL DEFAULT '0',
  `Ammo_7` int NOT NULL DEFAULT '0',
  `Ammo_8` int NOT NULL DEFAULT '0',
  `Ammo_9` int NOT NULL DEFAULT '0',
  `Drogas` int NOT NULL DEFAULT '0',
  `Ganzuas` int NOT NULL DEFAULT '0',
  `Bombas` int NOT NULL DEFAULT '0',
  `Materiales` int NOT NULL DEFAULT '0',
  PRIMARY KEY (`idweapons`)
) ENGINE=InnoDB DEFAULT CHARSET=utf8mb4 COLLATE=utf8mb4_unicode_ci;
/*!40101 SET character_set_client = @saved_cs_client */;

--
-- Dumping data for table `armas_faccion`
--

LOCK TABLES `armas_faccion` WRITE;
/*!40000 ALTER TABLE `armas_faccion` DISABLE KEYS */;
INSERT INTO `armas_faccion` VALUES (0,0,0,0,0,0,0,0,0,0,0,0,0,0,0,0,0,0,0,0,0,0,0,0,0),(1,0,0,0,0,0,0,0,0,0,0,0,0,0,0,0,0,0,0,0,0,0,0,0,0),(2,0,0,0,0,0,0,0,0,0,0,0,0,0,0,0,0,0,0,0,0,0,0,0,0),(3,0,0,0,0,0,0,0,0,0,0,0,0,0,0,0,0,0,0,0,0,0,0,0,0),(4,0,0,0,0,0,0,0,0,0,0,0,0,0,0,0,0,0,0,0,0,0,0,0,0),(5,0,0,0,0,0,0,0,0,0,0,0,0,0,0,0,0,0,0,0,0,0,0,0,0),(6,0,0,0,0,0,0,0,0,0,0,0,0,0,0,0,0,0,0,0,0,0,0,0,0),(7,0,0,0,0,0,0,0,0,0,0,0,0,0,0,0,0,0,0,0,0,0,0,0,0),(8,0,0,0,0,0,0,0,0,0,0,0,0,0,0,0,0,0,0,0,0,0,0,0,0),(9,0,0,0,0,0,0,0,0,0,0,0,0,0,0,0,0,0,0,0,0,0,0,0,0),(10,0,0,0,0,0,0,0,0,0,0,0,0,0,0,0,0,0,0,0,0,0,0,0,0),(11,0,0,0,0,0,0,0,0,0,0,0,0,0,0,0,0,0,0,0,0,0,0,0,0),(12,0,0,0,0,0,0,0,0,0,0,0,0,0,0,0,0,0,0,0,0,0,0,0,0),(13,0,0,0,0,0,0,0,0,0,0,0,0,0,0,0,0,0,0,0,0,0,0,0,0),(14,0,0,0,0,0,0,0,0,0,0,0,0,0,0,0,0,0,0,0,0,0,0,0,0),(15,0,0,0,0,0,0,0,0,0,0,0,0,0,0,0,0,0,0,0,0,0,0,0,0),(16,0,0,0,0,0,0,0,0,0,0,0,0,0,0,0,0,0,0,0,0,0,0,0,0),(17,0,0,0,0,0,0,0,0,0,0,0,0,0,0,0,0,0,0,0,0,0,0,0,0),(18,0,0,0,0,0,0,0,0,0,0,0,0,0,0,0,0,0,0,0,0,0,0,0,0),(19,0,0,0,0,0,0,0,0,0,0,0,0,0,0,0,0,0,0,0,0,0,0,0,0),(20,0,0,0,0,0,0,0,0,0,0,0,0,0,0,0,0,0,0,0,0,0,0,0,0),(21,0,0,0,0,0,0,0,0,0,0,0,0,0,0,0,0,0,0,0,0,0,0,0,0),(22,0,0,0,0,0,0,0,0,0,0,0,0,0,0,0,0,0,0,0,0,0,0,0,0),(23,0,0,0,0,0,0,0,0,0,0,0,0,0,0,0,0,0,0,0,0,0,0,0,0);
/*!40000 ALTER TABLE `armas_faccion` ENABLE KEYS */;
UNLOCK TABLES;

--
-- Table structure for table `chalecos_faccion`
--

DROP TABLE IF EXISTS `chalecos_faccion`;
/*!40101 SET @saved_cs_client     = @@character_set_client */;
/*!50503 SET character_set_client = utf8mb4 */;
CREATE TABLE `chalecos_faccion` (
  `idchalecos` int NOT NULL,
  `Chaleco_0` float NOT NULL DEFAULT '0',
  `Chaleco_1` float NOT NULL DEFAULT '0',
  `Chaleco_2` float NOT NULL DEFAULT '0',
  `Chaleco_3` float NOT NULL DEFAULT '0',
  PRIMARY KEY (`idchalecos`)
) ENGINE=InnoDB DEFAULT CHARSET=utf8mb4 COLLATE=utf8mb4_unicode_ci;
/*!40101 SET character_set_client = @saved_cs_client */;

--
-- Dumping data for table `chalecos_faccion`
--

LOCK TABLES `chalecos_faccion` WRITE;
/*!40000 ALTER TABLE `chalecos_faccion` DISABLE KEYS */;
INSERT INTO `chalecos_faccion` VALUES (0,0,0,0,0),(1,0,0,0,0),(2,0,0,0,0),(3,0,0,0,0),(4,0,0,0,0),(5,0,0,0,0),(6,0,0,0,0),(7,0,0,0,0),(8,0,0,0,0),(9,0,0,0,0),(10,0,0,0,0),(11,0,0,0,0),(12,0,0,0,0),(13,0,0,0,0),(14,0,0,0,0),(15,0,0,0,0),(16,0,0,0,0),(17,0,0,0,0),(18,0,0,0,0),(19,0,0,0,0),(20,0,0,0,0),(21,0,0,0,0),(22,0,0,0,0),(23,0,0,0,0);
/*!40000 ALTER TABLE `chalecos_faccion` ENABLE KEYS */;
UNLOCK TABLES;

--
-- Table structure for table `facciones`
--

DROP TABLE IF EXISTS `facciones`;
/*!40101 SET @saved_cs_client     = @@character_set_client */;
/*!50503 SET character_set_client = utf8mb4 */;
CREATE TABLE `facciones` (
  `faccionid` int NOT NULL,
  `faccion_name` varchar(25) CHARACTER SET utf8mb4 COLLATE utf8mb4_unicode_ci NOT NULL,
  `lider` varchar(60) CHARACTER SET utf8mb4 COLLATE utf8mb4_unicode_ci DEFAULT 'Nadie',
  `Precio` int NOT NULL DEFAULT '0',
  `Deposito` int NOT NULL DEFAULT '0',
  `Extorsion` int NOT NULL DEFAULT '0',
  `InteriorSpawn` int NOT NULL DEFAULT '0',
  `Spawn_X` float NOT NULL DEFAULT '0',
  `Spawn_Y` float NOT NULL DEFAULT '0',
  `Spawn_Z` float NOT NULL DEFAULT '0',
  `Spawn_ZZ` float NOT NULL DEFAULT '0',
  `Spawn2_X` float NOT NULL DEFAULT '0',
  `Spawn2_Y` float NOT NULL DEFAULT '0',
  `Spawn2_Z` float NOT NULL DEFAULT '0',
  `Spawn2_ZZ` float NOT NULL DEFAULT '0',
  `PrecioFaccion` int NOT NULL DEFAULT '0',
  `Family` tinyint(1) NOT NULL DEFAULT '0',
  `Radio` tinyint(1) NOT NULL DEFAULT '0',
  PRIMARY KEY (`faccionid`)
) ENGINE=InnoDB DEFAULT CHARSET=utf8mb4 COLLATE=utf8mb4_unicode_ci;
/*!40101 SET character_set_client = @saved_cs_client */;

--
-- Dumping data for table `facciones`
--

LOCK TABLES `facciones` WRITE;
/*!40000 ALTER TABLE `facciones` DISABLE KEYS */;
INSERT INTO `facciones` VALUES (0,'Civil','Nadie',0,0,0,0,1726.7,-1687.18,13.5164,178.123,0,0,0,0,0,0,0),(1,'Gobierno','Nadie',0,0,0,0,-2769.27,388.814,4.4591,270,0,0,0,0,0,0,1),(2,'Licencieros','Nadie',0,0,0,0,-2045.74,-108.835,35.2307,177.665,-1494.68,936.588,7.1875,89.4762,0,0,1),(3,'Traficantes','Nadie',0,0,0,0,1070.09,-342.782,73.9922,0,0,0,0,0,0,1,0),(4,'LCN','Nadie',0,0,0,0,1130.9,-2032.14,69.0078,268.887,0,0,0,0,0,1,0),(5,'Yakuza','Nadie',0,0,0,0,-2279.92,2300.87,4.9637,272.475,0,0,0,0,0,1,0),(6,'Taxistas','Nadie',0,0,0,0,1754.08,-1912.33,13.5679,269.379,-1973.76,162.067,27.694,180.399,0,0,1),(7,'SFPD','Nadie',0,0,0,0,-1605.75,676.143,-5.2422,359.98,0,0,0,0,0,0,1),(8,'NFS','Nadie',0,0,0,0,561.328,-1289.26,17.2482,24.4206,-1954.02,301.153,35.4688,131.043,0,1,1),(9,'SFMD','Nadie',0,0,0,0,-2682.56,637.012,14.4531,179.499,-2060.17,95.2241,28.3906,176.938,0,0,1),(10,'CNN','Nadie',0,0,0,0,742.842,-1343.9,13.5198,268.846,0,0,0,0,0,0,1),(11,'Detectives','Nadie',0,0,0,0,-2081.17,1418.58,7.1007,177.966,0,0,0,0,0,0,1),(12,'Camioneros','Nadie',0,0,0,0,-481.517,-525.306,25.5178,357.649,0,0,0,0,0,1,1),(13,'Taller SF','George_Willeams',0,0,0,0,-2886.98,491.853,4.9066,175.193,0,0,0,0,0,1,1),(14,'LSPD','Nadie',0,0,0,0,1568.37,-1692.73,5.8906,179.835,0,0,0,0,0,0,1),(15,'Contrabandistas','Nadie',0,0,0,0,724.537,-1475.3,17.6891,181.402,0,0,0,0,0,1,0),(16,'Sicarios','Nadie',0,0,0,0,1549.6,25.5359,24.1406,283.096,0,0,0,0,0,1,0),(17,'Taller LS','Nadie',0,0,0,0,1809.99,-2053.18,13.5557,359.761,0,0,0,0,0,1,1),(18,'Colts','Nadie',0,0,0,0,2662.75,-2028.82,13.551,175.833,0,0,0,0,0,1,0),(19,'AK','Nadie',0,0,0,0,-2463.87,-93.7012,25.8586,179.716,0,0,0,0,0,1,0),(20,'Veltran','Nadie',0,0,0,0,-2088.41,903.147,65.5231,353.479,0,0,0,0,0,1,0),(21,'Heors','Nadie',0,0,0,0,2045.48,-1111.68,26.3617,175.955,2793.32,-1624.84,10.9219,81.8914,0,1,0),(22,'LSMD','Nadie',0,0,0,0,1174.4,-1307.27,19.4473,178.728,2036.56,-1438.72,17.3176,87.84,0,0,1);
/*!40000 ALTER TABLE `facciones` ENABLE KEYS */;
UNLOCK TABLES;

--
-- Table structure for table `garages`
--

DROP TABLE IF EXISTS `garages`;
/*!40101 SET @saved_cs_client     = @@character_set_client */;
/*!50503 SET character_set_client = utf8mb4 */;
CREATE TABLE `garages` (
  `ID` int NOT NULL,
  `Creado` int NOT NULL DEFAULT '0',
  `ID_Tele` int NOT NULL DEFAULT '-1',
  `PosXOne` float NOT NULL DEFAULT '0',
  `PosYOne` float NOT NULL,
  `PosZOne` float NOT NULL DEFAULT '-3000',
  `PosZZOne` float NOT NULL DEFAULT '0',
  `PosXTwo` float NOT NULL DEFAULT '0',
  `PosYTwo` float NOT NULL DEFAULT '0',
  `PosZTwo` float NOT NULL DEFAULT '-3000',
  `PosZZTwo` int NOT NULL DEFAULT '0',
  PRIMARY KEY (`ID`),
  KEY `INDEX` (`ID_Tele`)
) ENGINE=InnoDB DEFAULT CHARSET=utf8mb4 COLLATE=utf8mb4_unicode_ci;
/*!40101 SET character_set_client = @saved_cs_client */;

--
-- Dumping data for table `garages`
--

LOCK TABLES `garages` WRITE;
/*!40000 ALTER TABLE `garages` DISABLE KEYS */;
INSERT INTO `garages` VALUES (0,1,292,-2022.52,92.8118,28.4484,270,1296.74,2648.61,11.2193,90),(1,1,294,-2022.52,84.1872,28.4484,270,1296.74,2655.95,11.2193,90),(2,1,296,-2022.52,75.5306,28.4484,270,1296.74,2663.3,11.2193,90),(3,1,298,-2053.5,92.8076,28.7606,90,1336.72,2663.21,11.2193,90),(4,1,300,-2053.5,84.0946,28.7606,90,1336.72,2655.99,11.2193,90),(5,1,302,-2053.3,75.361,28.6271,90,1336.72,2648.73,11.2193,90),(6,1,304,-2874.01,488.805,4.7891,180,617.224,-1.2861,1000.92,90),(7,1,306,1637.79,-1681.78,13.5354,90,2450.39,2374.74,74.4225,270),(8,1,308,-1979.22,433.148,25.6842,0,2395.14,2450.88,69.7957,270),(9,1,310,-2157.14,654.692,52.3672,270,926.108,1889.26,10.9535,0),(10,1,312,-2176,693.222,53.8906,90,938.307,1906.41,10.9535,180),(11,1,314,-2093.29,95.1131,35.3203,90,1034.28,1272.22,20.4648,270),(12,1,316,-2647.43,700.462,27.9247,0,2096.79,2373.57,14.0968,90),(13,1,318,-2004.32,-142.88,35.5859,270,1933.85,658.461,19.2471,270),(14,1,320,-2005.09,-133.374,35.5859,270,1933.55,649.384,19.2213,270),(15,1,322,-2027.85,-133.688,35.1508,90,1946.64,649.422,19.2431,90),(16,1,324,-2027.62,-143.214,35.196,90,1947.47,658.538,19.2275,90),(17,1,326,-1935.8,273.492,40.8112,180,-514.93,2548.61,53.5597,0),(18,1,328,-1928.53,273.85,40.8112,180,-502.872,2548.56,53.5597,0),(19,1,330,-1920.55,303.554,40.8112,270,-500.931,2572.73,53.5597,90),(20,1,332,2366.75,-657.485,128.223,270,687.819,1839.59,5.30988,90),(21,1,334,1769.26,-2022.96,14.1458,268.416,1769.4,-2014.13,20.6677,88),(22,1,336,1768.64,-2032.06,13.616,271.863,1758.84,-2032.16,20.6677,91),(23,1,338,1768.03,-2049.04,13.7018,270.923,1757.99,-2049.02,20.6755,92),(24,1,340,1751.66,-2057.71,13.6694,186.949,1751.25,-2048.5,20.6677,1),(25,1,342,542.165,-1290.07,17.2422,3.7638,1640.4,-2490.19,13.6146,181),(26,1,344,540.46,-1317.94,17.2422,90.2445,1640,-2499.03,13.6146,358),(27,1,346,2644.85,-2035.03,13.49,0,1067.65,1740.34,10.8628,0),(28,1,348,-2458.68,-123.257,25.6172,90,2650.53,789.538,11.0725,90),(29,1,350,1251.41,-1181.37,23.44,270,1957.63,1860.04,27.5,0),(30,1,352,1059.41,-342.164,73.9922,0,2813.68,2002.47,16.8344,90),(31,1,354,751.172,-1355.12,13.5,0,2324.89,1415.89,42.8878,270),(32,1,356,-56.3266,-224.062,5.4297,273.213,1561.11,1261.53,10.559,271),(33,1,358,2787.67,-1624.43,10.7591,0,2448.6,2277.84,91.9094,0),(34,1,360,-2105.28,901.805,76.7109,0,-27.2567,2520.6,16.343,180),(35,1,362,-2133.78,899.674,80,90,-49.7092,2521.11,16.343,270),(36,1,364,-2133.76,890.075,80,90,-49.7251,2510.07,16.343,270),(37,1,366,1179.45,-1338.98,14.1453,270,-24.3323,1520.17,13.0949,0),(38,1,368,1178.96,-1308.33,14.0656,270,39.0062,1520.7,13.0949,0),(39,1,370,2012.51,-1413.58,17.2752,180,1906.84,1177.79,18.7247,0);
/*!40000 ALTER TABLE `garages` ENABLE KEYS */;
UNLOCK TABLES;

--
-- Table structure for table `gasolineras`
--

DROP TABLE IF EXISTS `gasolineras`;
/*!40101 SET @saved_cs_client     = @@character_set_client */;
/*!50503 SET character_set_client = utf8mb4 */;
CREATE TABLE `gasolineras` (
  `ID` int NOT NULL,
  `PosX` float NOT NULL,
  `PosY` float NOT NULL,
  `PosZ` float NOT NULL,
  `Fuel` int NOT NULL,
  PRIMARY KEY (`ID`)
) ENGINE=InnoDB DEFAULT CHARSET=utf8mb4 COLLATE=utf8mb4_unicode_ci;
/*!40101 SET character_set_client = @saved_cs_client */;

--
-- Dumping data for table `gasolineras`
--

LOCK TABLES `gasolineras` WRITE;
/*!40000 ALTER TABLE `gasolineras` DISABLE KEYS */;
INSERT INTO `gasolineras` VALUES (0,1941.88,-1772.95,13.3906,10000),(1,1003.69,-936.888,42.3281,9874),(2,1382.05,459.573,19.9506,10000),(3,655.904,-564.962,16.3359,10000),(4,-94.3134,-1167.71,2.5095,10000),(5,-1605.82,-2714.18,48.5335,10000),(6,-2244.12,-2560.67,31.9219,10000),(7,-2026.79,156.62,29.0391,10000),(8,-2410.91,976.245,45.2969,10000),(9,-2968.83,462.441,4.9141,9783),(10,1601.45,-1710.07,5.8906,10000),(11,-1638.79,692.782,-5.2422,10000),(12,-1672.11,410.021,7.3984,10000),(13,-1678.87,416.111,7.6771,10000),(14,1788.75,-2043.58,13.5417,9939),(15,851.438,-2086.69,1.3205,10000),(16,851.339,-2079.01,1.3205,10000),(17,820.942,-2070.07,1.3205,10000),(18,820.989,-2079.05,1.3205,10000),(19,-1451.91,806.954,1.3205,10000),(20,-1451.78,817.905,1.3205,10000);
/*!40000 ALTER TABLE `gasolineras` ENABLE KEYS */;
UNLOCK TABLES;

--
-- Table structure for table `houses`
--

DROP TABLE IF EXISTS `houses`;
/*!40101 SET @saved_cs_client     = @@character_set_client */;
/*!50503 SET character_set_client = utf8mb4 */;
CREATE TABLE `houses` (
  `ID` int NOT NULL,
  `Dueno` text CHARACTER SET utf8mb4 COLLATE utf8mb4_unicode_ci NOT NULL,
  `Chaleco` float NOT NULL DEFAULT '0',
  `Drogas` int NOT NULL DEFAULT '0',
  `Ganzuas` int NOT NULL DEFAULT '0',
  `PosX` float NOT NULL DEFAULT '0',
  `PosY` float NOT NULL DEFAULT '0',
  `PosZ` float NOT NULL DEFAULT '0',
  `PosZZ` float NOT NULL DEFAULT '0',
  `Interior` int NOT NULL DEFAULT '0',
  `TypeHouseId` int NOT NULL DEFAULT '0',
  `PriceRent` int NOT NULL DEFAULT '0',
  `Level` int NOT NULL DEFAULT '0',
  `Seguro` int NOT NULL DEFAULT '0',
  `Price` int NOT NULL DEFAULT '0',
  `Bombas` int NOT NULL DEFAULT '0',
  `Deposito` int NOT NULL DEFAULT '0',
  `Materiales` int NOT NULL DEFAULT '0',
  `ArmarioLock` int NOT NULL DEFAULT '0',
  `RefrigeradorLock` int NOT NULL DEFAULT '0',
  `StationID` int NOT NULL DEFAULT '0',
  `VolumenHouse` int NOT NULL DEFAULT '0',
  `GavetaLock` int NOT NULL DEFAULT '0',
  `GavetaObjects0` int NOT NULL DEFAULT '0',
  `GavetaObjects1` int NOT NULL DEFAULT '0',
  `GavetaObjects2` int NOT NULL DEFAULT '0',
  `GavetaObjects3` int NOT NULL DEFAULT '0',
  `GavetaObjects4` int NOT NULL DEFAULT '0',
  `GavetaObjects5` int NOT NULL DEFAULT '0',
  `GavetaObjects6` int NOT NULL DEFAULT '0',
  `GavetaObjects7` int NOT NULL DEFAULT '0',
  PRIMARY KEY (`ID`),
  KEY `INDEX` (`Dueno`(24))
) ENGINE=InnoDB DEFAULT CHARSET=utf8mb4 COLLATE=utf8mb4_unicode_ci;
/*!40101 SET character_set_client = @saved_cs_client */;

--
-- Dumping data for table `houses`
--

LOCK TABLES `houses` WRITE;
/*!40000 ALTER TABLE `houses` DISABLE KEYS */;
INSERT INTO `houses` VALUES (1,'No',0,0,0,295.413,-1764.68,4.5476,182.46,2,4,0,0,1,80000,0,0,0,0,0,-1,50,0,0,0,0,0,0,0,0,0),(2,'No',0,0,0,280.759,-1767.57,4.544,180.224,10,7,0,7,1,60000,0,0,0,0,0,-1,50,0,0,0,0,0,0,0,0,0),(3,'No',0,0,0,206.839,-1769.25,4.3582,185.759,9,27,0,12,1,120000,0,0,0,0,0,-1,50,0,0,0,0,0,0,0,0,0),(4,'No',0,0,0,228.067,-1405.46,51.6094,330.477,15,21,0,3,1,16000,0,0,0,0,0,-1,50,0,0,0,0,0,0,0,0,0),(5,'No',0,0,0,254.568,-1367.09,53.1094,309.315,5,11,0,12,1,250000,0,0,0,0,0,-1,50,0,0,0,0,0,0,0,0,0),(6,'No',0,0,0,298.342,-1338.01,53.4415,36.0307,3,8,0,8,1,240000,0,0,0,0,0,-1,50,0,0,0,0,0,0,0,0,0),(7,'No',0,0,0,219.337,-1249.95,78.3356,216.595,5,20,0,23,1,450000,0,0,0,0,0,-1,50,0,0,0,0,0,0,0,0,0),(8,'No',0,0,0,253.148,-1269.88,74.3698,39.1014,4,18,0,15,1,300000,0,0,0,0,0,-1,50,0,0,0,0,0,0,0,0,0),(9,'No',0,0,0,252.162,-1220.85,75.7817,217.281,5,20,0,22,1,450000,0,0,0,0,0,-1,50,0,0,0,0,0,0,0,0,0),(10,'No',0,0,0,300.116,-1154.64,81.2907,133.913,5,20,0,8,1,450000,0,0,0,0,0,-1,50,0,0,0,0,0,0,0,0,0),(11,'No',0,0,0,1045.15,-642.703,120.117,7.8162,3,8,0,20,1,280000,0,0,0,0,0,-1,50,0,0,0,0,0,0,0,0,0),(12,'No',0,0,0,980.507,-677.055,121.976,32.0684,6,21,0,10,1,350000,0,0,0,0,0,-1,50,0,0,0,0,0,0,0,0,0),(13,'No',0,0,0,1094.86,-647.612,113.648,357.934,6,21,0,5,1,300000,0,0,0,0,0,-1,50,0,0,0,0,0,0,0,0,0),(14,'No',0,0,0,1496.98,-688.085,95.5633,182.384,5,20,0,0,0,0,0,0,0,0,0,-1,50,0,0,0,0,0,0,0,0,0),(15,'No',0,0,0,1535.02,-800.26,72.8495,88.7394,2,25,0,10,1,95000,0,0,0,0,0,-1,50,0,0,0,0,0,0,0,0,0),(16,'No',0,0,0,1540.24,-851.4,64.3361,89.3463,2,0,0,12,1,80000,0,0,0,0,0,-1,50,0,0,0,0,0,0,0,0,0),(17,'No',0,0,0,1468.62,-906.002,54.8359,1.8199,4,1,0,7,1,40000,0,0,0,0,0,-1,50,0,0,0,0,0,0,0,0,0),(18,'No',0,0,0,1421.85,-886.075,50.6806,358.291,15,12,0,4,1,40000,0,0,0,0,0,-1,50,0,0,0,0,0,0,0,0,0),(19,'No',0,0,0,1093.74,-806.76,107.42,11.9952,4,9,0,12,1,130000,0,0,0,0,0,-1,50,0,0,0,0,0,0,0,0,0),(20,'No',0,0,0,989.703,-828.493,95.4686,23.9843,5,0,0,10,1,80000,0,0,0,0,0,-1,50,0,0,0,0,0,0,0,0,0),(21,'No',0,0,0,827.94,-858.177,70.3308,195.284,15,23,0,12,1,200000,0,0,0,0,0,-1,50,0,0,0,0,0,0,0,0,0),(22,'No',0,0,0,835.984,-894.602,68.7689,321.077,2,9,0,7,1,98000,0,0,0,0,0,-1,50,0,0,0,0,0,0,0,0,0),(23,'No',0,0,0,653.045,-1619.73,15,93.262,5,19,0,10,1,112000,0,0,0,0,0,-1,50,0,0,0,0,0,0,0,0,0),(24,'No',0,0,0,656.667,-1652.55,15.4063,92.5531,8,0,0,8,1,90000,0,0,0,0,0,-1,50,0,0,0,0,0,0,0,0,0),(25,'No',0,0,0,652.426,-1694.07,14.5571,89.2747,5,6,0,8,1,85000,0,0,0,0,0,-1,50,0,0,0,0,0,0,0,0,0),(26,'No',0,0,0,766.73,-1605.74,13.8039,89.1923,15,12,0,10,1,60000,0,0,0,0,0,-1,50,0,0,0,0,0,0,0,0,0),(27,'No',0,0,0,767.914,-1655.78,5.6094,86.0392,1,10,0,8,1,78000,0,0,0,0,0,-1,50,0,0,0,0,0,0,0,0,0),(28,'No',0,0,0,813.24,-1456.74,14.0189,88.5263,5,11,0,12,1,230000,0,0,0,0,0,-1,50,0,0,0,0,0,0,0,0,0),(29,'No',0,0,0,852.199,-1423.03,14.1426,358.704,4,18,0,8,1,180000,0,0,0,0,0,-1,50,0,0,0,0,0,0,0,0,0),(30,'No',0,0,0,1886.06,-1113.71,26.2758,275.749,5,19,0,10,1,90000,0,0,0,0,0,-1,50,0,0,0,0,0,0,0,0,0),(31,'No',0,0,0,1905.94,-1113.41,26.6641,181.31,2,25,0,10,1,90000,0,0,0,0,0,-1,50,0,0,0,0,0,0,0,0,0),(32,'No',0,0,0,1939.17,-1114.65,27.4523,178.407,4,1,0,6,1,50000,0,0,0,0,0,-1,50,0,0,0,0,0,0,0,0,0),(33,'No',0,0,0,2000.03,-1114.28,27.125,179.453,3,8,0,18,1,185000,0,0,0,0,0,-1,50,0,0,0,0,0,0,0,0,0),(34,'No',0,0,0,2284.06,-1046.19,49.8871,143.627,2,5,0,4,1,8000,0,0,0,0,0,-1,50,0,0,0,0,0,0,0,0,0),(35,'No',0,0,0,2297.53,-1053,49.934,153.822,2,5,0,4,1,8000,0,0,0,0,0,-1,50,0,0,0,0,0,0,0,0,0),(36,'No',0,0,0,2335.07,-1045.79,52.5529,359.852,2,5,0,4,1,8000,0,0,0,0,0,-1,50,0,0,0,0,0,0,0,0,0),(37,'No',0,0,0,2370.12,-1034.72,54.4106,177.408,2,5,0,4,1,8000,0,0,0,0,0,-1,50,0,0,0,0,0,0,0,0,0),(38,'No',0,0,0,2440.71,-1057.23,54.7387,1.4191,2,5,0,4,1,15000,0,0,0,0,0,-1,50,0,0,0,0,0,0,0,0,0),(39,'No',0,0,0,2462.25,-1011.27,60.1137,174.776,2,5,0,4,1,15000,0,0,0,0,0,-1,50,0,0,0,0,0,0,0,0,0),(40,'No',0,0,0,2433.97,-1303.45,25.3234,269.361,1,10,0,7,1,65000,0,0,0,0,0,-1,50,0,0,0,0,0,0,0,0,0),(41,'No',0,0,0,2433.96,-1320.7,25.3234,269.569,2,4,0,6,1,50000,0,0,0,0,0,-1,50,0,0,0,0,0,0,0,0,0),(42,'No',0,0,0,2435.06,-1289.45,25.3479,272.181,8,0,0,5,1,50000,0,0,0,0,0,-1,50,0,0,0,0,0,0,0,0,0),(43,'No',0,0,0,2433.98,-1275.01,24.7567,267.857,4,17,0,5,1,50000,0,0,0,0,0,-1,50,0,0,0,0,0,0,0,0,0),(44,'No',0,0,0,2100.72,-1321.72,25.9531,359.143,2,25,0,10,1,120000,0,0,0,0,0,-1,50,0,0,0,0,0,0,0,0,0),(45,'No',0,0,0,2091.09,-1278.35,26.1797,173.711,8,25,0,12,1,90000,0,0,0,0,0,-1,50,0,0,0,0,0,0,0,0,0),(46,'No',0,0,0,2148.58,-1319.87,25.7433,356.801,2,13,0,14,1,100000,0,0,0,0,0,-1,50,0,0,0,0,0,0,0,0,0),(47,'No',0,0,0,2190.63,-1470.3,25.9141,268.813,1,1,0,7,1,40000,0,0,0,0,0,-1,50,0,0,0,0,0,0,0,0,0),(48,'No',0,0,0,2486.53,-1644.64,14.0772,178.239,5,11,0,7,1,80000,0,0,0,0,0,-1,50,0,0,0,0,0,0,0,0,0),(49,'No',0,0,0,2413.78,-1646.98,14.0119,181.894,8,25,0,5,1,60000,0,0,0,0,0,-1,50,0,0,0,0,0,0,0,0,0),(50,'No',0,0,0,2408.96,-1674.75,14.3518,1.7056,1,3,0,5,1,45000,0,0,0,0,0,-1,50,0,0,0,0,0,0,0,0,0),(51,'No',0,0,0,2327.13,-1681.97,14.9297,267.309,15,12,0,7,1,80000,0,0,0,0,0,-1,50,0,0,0,0,0,0,0,0,0),(52,'No',0,0,0,2484.52,-28.2866,28.4416,357.275,1,3,0,6,1,50000,0,0,0,0,0,-1,50,0,0,0,0,0,0,0,0,0),(53,'No',0,0,0,2488.29,11.5995,28.4416,179.07,2,13,0,9,1,80000,0,0,0,0,0,-1,50,0,0,0,0,0,0,0,0,0),(54,'No',0,0,0,2415.42,-52.1714,28.1535,358.443,15,12,0,3,1,78000,0,0,0,0,0,-1,50,0,0,0,0,0,0,0,0,0),(55,'No',0,0,0,2392.29,-54.9609,28.1536,358.924,10,15,0,8,1,68000,0,0,0,0,0,-1,50,0,0,0,0,0,0,0,0,0),(56,'No',0,0,0,2373.86,-8.64229,28.4416,267.035,8,25,0,7,1,60000,0,0,0,0,0,-1,50,0,0,0,0,0,0,0,0,0),(57,'No',0,0,0,2373.85,42.2858,28.4416,268.018,10,7,0,7,1,65000,0,0,0,0,0,-1,50,0,0,0,0,0,0,0,0,0),(58,'No',0,0,0,2413.63,61.7513,28.4416,178.634,1,10,0,7,1,61000,0,0,0,0,0,-1,50,0,0,0,0,0,0,0,0,0),(59,'No',0,0,0,2270.4,-7.5082,28.1535,177.988,4,18,0,8,1,98000,0,0,0,0,0,-1,50,0,0,0,0,0,0,0,0,0),(60,'No',0,0,0,2236.57,168.302,28.1535,177.279,1,24,0,8,1,80000,0,0,0,0,0,-1,50,0,0,0,0,0,0,0,0,0),(61,'No',0,0,0,2518.63,58.2764,27.6835,267.79,5,19,0,9,1,80000,0,0,0,0,0,-1,50,0,0,0,0,0,0,0,0,0),(62,'No',0,0,0,1451.51,375.583,19.4005,156.975,2,5,0,4,1,4000,0,0,0,0,0,-1,50,0,0,0,0,0,0,0,0,0),(63,'No',0,0,0,1447.42,361.754,18.9081,333.277,2,5,0,4,1,9000,0,0,0,0,0,-1,50,0,0,0,0,0,0,0,0,0),(64,'No',0,0,0,1403.13,333.99,18.9063,115.697,2,5,0,4,1,10000,0,0,0,0,0,-1,50,0,0,0,0,0,0,0,0,0),(65,'No',0,0,0,1461.25,342.533,18.9531,204.645,2,5,0,3,1,10000,0,0,0,0,0,-1,50,0,0,0,0,0,0,0,0,0),(66,'No',0,0,0,1415.73,324.491,18.8438,136.483,2,5,0,4,1,10000,0,0,0,0,0,-1,50,0,0,0,0,0,0,0,0,0),(67,'No',0,0,0,1428.7,356.74,18.875,155.573,2,5,0,4,1,4000,0,0,0,0,0,-1,50,0,0,0,0,0,0,0,0,0),(68,'No',0,0,0,1283.33,158.307,20.4628,285.271,2,5,0,3,1,8000,0,0,0,0,0,-1,50,0,0,0,0,0,0,0,0,0),(69,'No',0,0,0,1294.45,157.797,20.578,109.677,2,5,0,4,1,8000,0,0,0,0,0,-1,50,0,0,0,0,0,0,0,0,0),(70,'No',0,0,0,1295.24,174.657,20.9106,64.3259,2,5,0,4,1,8000,0,0,0,0,0,-1,50,0,0,0,0,0,0,0,0,0),(71,'No',0,0,0,1303.6,186.351,20.4609,30.192,2,5,0,3,1,8000,0,0,0,0,0,-1,50,0,0,0,0,0,0,0,0,0),(72,'No',0,0,0,1312.03,169.697,20.6311,340.642,2,5,0,3,1,20000,0,0,0,0,0,-1,50,0,0,0,0,0,0,0,0,0),(73,'No',0,0,0,295.146,-54.4452,2.7772,176.638,8,0,0,9,1,90000,0,0,0,0,0,-1,50,0,0,0,0,0,0,0,0,0),(74,'No',0,0,0,271.554,-48.4026,1.8906,181.628,15,23,0,9,1,90000,0,0,0,0,0,-1,50,0,0,0,0,0,0,0,0,0),(75,'No',0,0,0,252.666,-92.4832,3.5354,89.0494,2,13,0,10,1,100000,0,0,0,0,0,-1,50,0,0,0,0,0,0,0,0,0),(76,'No',0,0,0,313.463,-92.4468,3.5354,272.113,10,15,0,10,1,95000,0,0,0,0,0,-1,50,0,0,0,0,0,0,0,0,0),(77,'No',0,0,0,252.701,-121.363,3.5354,89.343,9,27,0,15,1,150000,0,0,0,0,0,-1,50,0,0,0,0,0,0,0,0,0),(78,'No',0,0,0,226.351,-303.004,1.9262,175.342,2,5,0,4,1,8000,0,0,0,0,0,-1,50,0,0,0,0,0,0,0,0,0),(79,'No',0,0,0,253.523,-274.524,1.6561,300.32,2,5,0,4,1,8000,0,0,0,0,0,-1,50,0,0,0,0,0,0,0,0,0),(80,'No',0,0,0,261.913,-269.926,1.6405,127.276,2,5,0,4,1,8000,0,0,0,0,0,-1,50,0,0,0,0,0,0,0,0,0),(81,'No',0,0,0,260.501,-302.737,1.9184,42.8834,2,5,0,4,1,8000,0,0,0,0,0,-1,50,0,0,0,0,0,0,0,0,0),(82,'No',0,0,0,766.685,-556.781,18.0129,357.423,2,13,0,9,1,79000,0,0,0,0,0,-1,50,0,0,0,0,0,0,0,0,0),(83,'No',0,0,0,745.112,-556.592,18.0129,357.717,2,25,0,8,1,78000,0,0,0,0,0,-1,50,0,0,0,0,0,0,0,0,0),(84,'No',0,0,0,743.299,-509.509,18.0129,179.534,9,26,0,9,1,98000,0,0,0,0,0,-1,50,0,0,0,0,0,0,0,0,0),(85,'No',0,0,0,768.314,-503.669,18.0129,178.512,4,18,0,6,1,85000,0,0,0,0,0,-1,50,0,0,0,0,0,0,0,0,0),(86,'No',0,0,0,795.084,-506.151,18.0129,179.745,15,12,0,10,1,98000,0,0,0,0,0,-1,50,0,0,0,0,0,0,0,0,0),(87,'No',0,0,0,818.235,-509.527,18.0129,174.211,10,7,0,7,1,78000,0,0,0,0,0,-1,50,0,0,0,0,0,0,0,0,0),(88,'No',0,0,0,-2724.46,-191.315,4.3359,269.798,15,12,0,10,1,93000,0,0,0,0,0,-1,50,0,0,0,0,0,0,0,0,0),(89,'No',0,0,0,-2722.92,-166.472,5,268.964,1,10,0,9,1,80000,0,0,0,0,0,-1,50,0,0,0,0,0,0,0,0,0),(90,'No',0,0,0,-2723.14,-127.855,5,267.628,15,12,0,9,1,100000,0,0,0,0,0,-1,50,0,0,0,0,0,0,0,0,0),(91,'No',0,0,0,-2723.56,-105.617,4.3426,272.246,9,26,0,10,1,93000,0,0,0,0,0,-1,50,0,0,0,0,0,0,0,0,0),(92,'No',0,0,0,-2725.55,-92.8048,7.2031,266.19,1,1,0,6,1,60000,0,0,0,0,0,-1,50,0,0,0,0,0,0,0,0,0),(93,'No',0,0,0,-2723.12,-58.0205,4.3426,271.665,4,18,0,11,1,87000,0,0,0,0,0,-1,50,0,0,0,0,0,0,0,0,0),(94,'No',0,0,0,-2864.82,681.622,23.4629,295.585,2,13,0,7,1,100000,0,0,0,0,0,-1,50,0,0,0,0,0,0,0,0,0),(95,'No',0,0,0,-2872.31,697.575,23.4639,294.562,2,25,0,7,1,79000,0,0,0,0,0,-1,50,0,0,0,0,0,0,0,0,0),(96,'No',0,0,0,-2883.43,736.611,29.2286,271.23,4,4,0,3,1,50000,0,0,0,0,0,-1,50,0,0,0,0,0,0,0,0,0),(97,'No',0,0,0,-2884.8,750.778,29.2015,274.281,10,7,0,4,1,59000,0,0,0,0,0,-1,50,0,0,0,0,0,0,0,0,0),(98,'No',0,0,0,-2882.09,779.987,35.1154,264.109,1,10,0,8,1,75000,0,0,0,0,0,-1,50,0,0,0,0,0,0,0,0,0),(99,'No',0,0,0,-2880.55,797.618,35.2088,266.659,5,11,0,8,1,90000,0,0,0,0,0,-1,50,0,0,0,0,0,0,0,0,0),(100,'No',0,0,0,-2868.57,820.895,39.4333,236.935,3,8,0,9,1,98000,0,0,0,0,0,-1,50,0,0,0,0,0,0,0,0,0),(101,'No',0,0,0,-2856.63,841.985,39.6539,237.961,15,12,0,9,1,89000,0,0,0,0,0,-1,50,0,0,0,0,0,0,0,0,0),(102,'No',0,0,0,-2840.36,866.813,44.0547,268.021,8,0,0,10,1,94000,0,0,0,0,0,-1,50,0,0,0,0,0,0,0,0,0),(103,'No',0,0,0,-2840.06,884.475,44.0547,265.996,5,11,0,9,1,93000,0,0,0,0,0,-1,50,0,0,0,0,0,0,0,0,0),(104,'No',0,0,0,-2905.42,1164.76,13.6641,269.651,4,18,0,12,1,98000,0,0,0,0,0,-1,50,0,0,0,0,0,0,0,0,0),(105,'No',0,0,0,-2904.53,1118.93,27.0703,268.166,6,22,0,8,1,78000,0,0,0,0,0,-1,50,0,0,0,0,0,0,0,0,0),(106,'No',0,0,0,2402.53,-1714.98,14.1328,177.174,1,1,0,5,1,50000,0,0,0,0,0,-1,50,0,0,0,0,0,0,0,0,0),(107,'No',0,0,0,2385.33,-1711.83,14.2422,178.783,4,7,0,6,1,50000,0,0,0,0,0,-1,50,0,0,0,0,0,0,0,0,0),(108,'No',0,0,0,2015,-1732.66,14.2344,91.1318,5,19,0,7,1,75000,0,0,0,0,0,-1,50,0,0,0,0,0,0,0,0,0),(109,'No',0,0,0,1980.53,-1719.01,17.0304,268.441,1,24,0,10,1,70000,0,0,0,0,0,-1,50,0,0,0,0,0,0,0,0,0),(110,'No',0,0,0,1981.11,-1682.93,17.0538,267.105,1,10,0,9,1,100000,0,0,0,0,0,-1,50,0,0,0,0,0,0,0,0,0),(111,'No',0,0,0,2013.39,-1656.37,13.8058,90.8656,5,6,0,6,1,60000,0,0,0,0,0,-1,50,0,0,0,0,0,0,0,0,0),(112,'No',0,0,0,1378.2,-1753.14,14.1406,271.578,10,7,0,10,1,35000,0,0,0,0,0,-1,50,0,0,0,0,0,0,0,0,0),(113,'No',0,0,0,-2478.73,1141.86,55.7266,181.066,15,23,0,18,1,200000,0,0,0,0,0,-1,50,0,0,0,0,0,0,0,0,0),(114,'No',0,0,0,-2451.29,1141.59,55.7333,175.093,15,12,0,15,1,120000,0,0,0,0,0,-1,50,0,0,0,0,0,0,0,0,0),(115,'No',0,0,0,-2424.14,1139.3,55.7266,168.783,10,2,0,6,1,50000,0,0,0,0,0,-1,50,0,0,0,0,0,0,0,0,0),(116,'No',0,0,0,-2406.92,1135.85,55.7266,163.875,1,10,0,11,1,90000,0,0,0,0,0,-1,50,0,0,0,0,0,0,0,0,0),(117,'No',0,0,0,-2620.49,-173.287,5,266.293,2,4,0,7,1,70000,0,0,0,0,0,-1,50,0,0,0,0,0,0,0,0,0),(118,'No',0,0,0,-2620.24,-134.82,5,270.347,1,24,0,8,1,93000,0,0,0,0,0,-1,50,0,0,0,0,0,0,0,0,0),(119,'No',0,0,0,-2621.2,-112.507,4.3426,274.651,5,6,0,8,1,89000,0,0,0,0,0,-1,50,0,0,0,0,0,0,0,0,0),(120,'No',0,0,0,-2623.25,-99.3907,7.2031,270.683,3,8,0,9,1,98000,0,0,0,0,0,-1,50,0,0,0,0,0,0,0,0,0),(121,'No',0,0,0,1341.33,-1675.17,17.7157,265.166,2,2,0,6,1,80000,0,0,0,0,0,-1,50,0,0,0,0,0,0,0,0,0),(122,'No',0,0,0,1341.51,-1654.63,17.7191,269.471,4,14,0,6,1,80000,0,0,0,0,0,-1,50,0,0,0,0,0,0,0,0,0),(123,'No',0,0,0,1341.45,-1633.91,17.7314,265.816,6,6,0,6,1,60000,0,0,0,0,0,-1,50,0,0,0,0,0,0,0,0,0),(124,'No',0,0,0,-65.1723,-1574,2.6107,185.529,0,5,0,3,1,10000,0,0,0,0,0,-1,50,0,0,0,0,0,0,0,0,0),(125,'No',0,0,0,-91.0521,-1592.55,3.0043,301.796,0,5,0,3,1,15000,0,0,0,0,0,-1,50,0,0,0,0,0,0,0,0,0),(126,'No',0,0,0,-89.1494,-1564.63,3.0043,222.126,0,5,0,4,1,15000,0,0,0,0,0,-1,50,0,0,0,0,0,0,0,0,0),(127,'No',0,0,0,-68.8939,-1545.73,3.0043,134.874,0,5,0,3,1,15000,0,0,0,0,0,-1,50,0,0,0,0,0,0,0,0,0),(128,'No',0,0,0,747.152,278.134,27.2188,279.427,0,5,0,4,1,8000,0,0,0,0,0,-1,50,0,0,0,0,0,0,0,0,0),(129,'No',0,0,0,748.185,257.346,27.0859,10.5652,0,5,0,4,1,8000,0,0,0,0,0,-1,50,0,0,0,0,0,0,0,0,0),(130,'No',0,0,0,746.671,305.042,20.2344,279.263,0,5,0,4,1,8000,0,0,0,0,0,-1,50,0,0,0,0,0,0,0,0,0),(131,'No',0,0,0,758.743,375.057,23.3922,101.017,0,5,0,4,1,8000,0,0,0,0,0,-1,50,0,0,0,0,0,0,0,0,0),(132,'No',0,0,0,772.736,348.207,20.1527,97.2374,0,5,0,4,1,8000,0,0,0,0,0,-1,50,0,0,0,0,0,0,0,0,0),(133,'No',0,0,0,783.939,352.603,19.5938,7.0789,0,5,0,3,1,8000,0,0,0,0,0,-1,50,0,0,0,0,0,0,0,0,0),(134,'No',0,0,0,805.396,358.509,19.7621,358.889,0,5,0,2,1,8000,0,0,0,0,0,-1,50,0,0,0,0,0,0,0,0,0),(135,'No',0,0,0,-929.07,-519.181,26.1249,22.1818,0,5,0,4,1,10000,0,0,0,0,0,-1,50,0,0,0,0,0,0,0,0,0),(136,'No',0,0,0,-940.393,-491.132,26.3637,338.546,0,5,0,2,1,10000,0,0,0,0,0,-1,50,0,0,0,0,0,0,0,0,0),(137,'No',0,0,0,-960.535,-507.652,26.2387,272.6,0,5,0,4,1,10000,0,0,0,0,0,-1,50,0,0,0,0,0,0,0,0,0),(138,'No',0,0,0,-950.944,-530.592,25.9536,359.226,0,5,0,3,1,20000,0,0,0,0,0,-1,50,0,0,0,0,0,0,0,0,0),(139,'No',0,0,0,-2667.55,912.863,79.6814,266.435,0,21,0,2,1,2,0,0,0,0,0,-1,50,0,0,0,0,0,0,0,0,0),(140,'No',0,0,0,-2655.39,985.791,64.9913,2.6122,5,20,0,12,1,290000,0,0,0,0,0,-1,50,0,0,0,0,0,0,0,0,0),(141,'No',0,0,0,-2641.11,935.581,71.9531,177.533,5,20,0,10,1,350000,0,0,0,0,0,-1,50,0,0,0,0,0,0,0,0,0),(142,'No',0,0,0,-2710.78,967.676,54.4609,2.8397,4,18,0,10,1,280000,0,0,0,0,0,-1,50,0,0,0,0,0,0,0,0,0),(143,'No',0,0,0,-2661.96,876.333,79.7738,358.516,9,27,0,10,1,180000,0,0,0,0,0,-1,50,0,0,0,0,0,0,0,0,0),(144,'No',0,0,0,-2706.63,866.227,70.7031,1.5434,5,11,0,10,1,150000,0,0,0,0,0,-1,50,0,0,0,0,0,0,0,0,0),(145,'No',0,0,0,315.744,-1769.82,4.63179,182.762,0,11,0,10,1,50000,0,0,0,0,0,-1,50,0,0,0,0,0,0,0,0,0),(146,'No',0,0,0,189.766,-1308.19,70.2521,266.36,0,20,0,7,1,200000,0,0,0,0,0,-1,50,0,0,0,0,0,0,0,0,0),(147,'No',0,0,0,345.104,-1298.08,50.759,296.413,0,10,0,6,1,40000,0,0,0,0,0,-1,50,0,0,0,0,0,0,0,0,0),(148,'No',0,0,0,355.023,-1281.06,53.7036,25.3927,0,12,0,10,1,80000,0,0,0,0,0,-1,50,0,0,0,0,0,0,0,0,0),(149,'No',0,0,0,398.171,-1271.22,50.0198,17.9585,0,15,0,10,1,89000,0,0,0,0,0,-1,50,0,0,0,0,0,0,0,0,0),(150,'No',0,0,0,432.123,-1253.92,51.5809,10.274,0,17,0,6,1,50000,0,0,0,0,0,-1,50,0,0,0,0,0,0,0,0,0),(151,'No',0,0,0,497.401,-1094.82,82.3592,358.32,0,21,0,17,1,185000,0,0,0,0,0,-1,50,0,0,0,0,0,0,0,0,0),(152,'No',0,0,0,559.087,-1076.31,72.922,25.8546,0,17,0,5,1,50000,0,0,0,0,0,-1,50,0,0,0,0,0,0,0,0,0),(153,'No',0,0,0,2469.47,-1646.49,13.7801,181.96,0,13,0,10,1,80000,0,0,0,0,0,-1,50,0,0,0,0,0,0,0,0,0),(154,'No',0,0,0,2451.92,-1641.64,13.7357,181.96,0,14,0,11,1,40000,0,0,0,0,0,-1,50,0,0,0,0,0,0,0,0,0),(155,'No',0,0,0,2393.09,-1646.12,13.9051,175.317,0,14,0,10,1,80000,0,0,0,0,0,-1,50,0,0,0,0,0,0,0,0,0),(156,'No',0,0,0,2384.71,-1675.82,15.2457,358.494,0,15,0,10,1,80000,0,0,0,0,0,-1,50,0,0,0,0,0,0,0,0,0),(157,'No',0,0,0,2368.38,-1675.15,14.1682,357.311,0,3,0,11,1,65000,0,0,0,0,0,-1,50,0,0,0,0,0,0,0,0,0),(158,'No',0,0,0,2362.87,-1643.27,14.3516,179.038,0,4,0,7,1,55000,0,0,0,0,0,-1,50,0,0,0,0,0,0,0,0,0),(159,'No',0,0,0,2307.03,-1679.2,14.3316,356.731,0,25,0,10,1,80000,0,0,0,0,0,-1,50,0,0,0,0,0,0,0,0,0),(160,'No',0,0,0,2282.31,-1641.22,15.8898,180.777,0,24,0,6,1,67000,0,0,0,0,0,-1,50,0,0,0,0,0,0,0,0,0),(161,'No',0,0,0,2257.09,-1644.14,15.5238,172.082,0,2,0,9,1,70000,0,0,0,0,0,-1,50,0,0,0,0,0,0,0,0,0),(162,'No',0,0,0,2244.42,-1637.75,16.2379,157.88,0,26,0,12,1,75000,0,0,0,0,0,-1,50,0,0,0,0,0,0,0,0,0),(163,'No',0,0,0,2326.81,-1716.83,14.2379,178.437,0,6,0,8,1,60000,0,0,0,0,0,-1,50,0,0,0,0,0,0,0,0,0),(164,'No',0,0,0,2308.75,-1714.4,14.9801,177.857,0,1,0,5,1,50000,0,0,0,0,0,-1,50,0,0,0,0,0,0,0,0,0),(165,'No',0,0,0,2067.83,-1628.99,14.2066,269.185,0,0,0,10,1,70000,0,0,0,0,0,-1,50,0,0,0,0,0,0,0,0,0),(166,'No',0,0,0,2067.56,-1643.72,14.1363,271.793,0,7,0,7,1,60000,0,0,0,0,0,-1,50,0,0,0,0,0,0,0,0,0),(167,'No',0,0,0,2066.75,-1656.5,14.1328,272.663,0,2,0,10,1,60000,0,0,0,0,0,-1,50,0,0,0,0,0,0,0,0,0),(168,'No',0,0,0,2065.7,-1703.53,14.1484,270.94,0,0,0,10,1,80000,0,0,0,0,0,-1,50,0,0,0,0,0,0,0,0,0),(169,'No',0,0,0,2067.36,-1731.71,13.8762,270.401,0,3,0,9,1,76000,0,0,0,0,0,-1,50,0,0,0,0,0,0,0,0,0),(170,'No',0,0,0,2066.4,-1717.35,14.1363,270.91,0,4,0,5,1,46000,0,0,0,0,0,-1,50,0,0,0,0,0,0,0,0,0),(171,'No',0,0,0,2016.02,-1716.94,14.1031,91.605,0,10,0,4,1,50000,0,0,0,0,0,-1,50,0,0,0,0,0,0,0,0,0),(172,'No',0,0,0,2018.12,-1703.24,14.2344,90.4206,0,1,0,8,1,45000,0,0,0,0,0,-1,50,0,0,0,0,0,0,0,0,0),(173,'No',0,0,0,2016.45,-1641.54,14.1129,88.9966,0,12,0,12,1,100000,0,0,0,0,0,-1,50,0,0,0,0,0,0,0,0,0),(174,'No',0,0,0,2017.96,-1629.86,14.0426,86.2914,0,4,0,6,1,50000,0,0,0,0,0,-1,50,0,0,0,0,0,0,0,0,0),(175,'No',0,0,0,1853.91,-1914.4,15.2568,183.332,0,12,0,12,1,100000,0,0,0,0,0,-1,50,0,0,0,0,0,0,0,0,0),(176,'No',0,0,0,1872.24,-1912.09,15.2568,184.591,0,4,0,6,1,65000,0,0,0,0,0,-1,50,0,0,0,0,0,0,0,0,0),(177,'No',0,0,0,1913.4,-1912.17,15.2568,180.226,0,4,0,6,1,65000,0,0,0,0,0,-1,50,0,0,0,0,0,0,0,0,0),(178,'No',0,0,0,1891.89,-1914.6,15.2568,184.734,0,24,0,11,1,80000,0,0,0,0,0,-1,50,0,0,0,0,0,0,0,0,0),(179,'No',0,0,0,1938.25,-1911.33,15.2568,89.3838,0,4,0,6,1,65000,0,0,0,0,0,-1,50,0,0,0,0,0,0,0,0,0),(180,'No',0,0,0,1928.55,-1915.99,15.2568,186.518,0,4,0,6,1,65000,0,0,0,0,0,-1,50,0,0,0,0,0,0,0,0,0),(181,'No',0,0,0,769.139,-1745.7,13.0773,89.5326,0,0,0,8,1,75000,0,0,0,0,0,-1,50,0,0,0,0,0,0,0,0,0),(182,'No',0,0,0,769.064,-1726.33,13.4321,183.22,0,1,0,10,1,40000,0,0,0,0,0,-1,50,0,0,0,0,0,0,0,0,0),(183,'No',0,0,0,769.192,-1696.6,5.15542,83.5792,0,0,0,10,1,80000,0,0,0,0,0,-1,50,0,0,0,0,0,0,0,0,0),(184,'No',0,0,0,1442.63,-628.884,95.7186,177.179,0,15,0,10,1,87000,0,0,0,0,0,-1,50,0,0,0,0,0,0,0,0,0);
/*!40000 ALTER TABLE `houses` ENABLE KEYS */;
UNLOCK TABLES;

--
-- Table structure for table `houses_fridge`
--

DROP TABLE IF EXISTS `houses_fridge`;
/*!40101 SET @saved_cs_client     = @@character_set_client */;
/*!50503 SET character_set_client = utf8mb4 */;
CREATE TABLE `houses_fridge` (
  `ID` int NOT NULL AUTO_INCREMENT,
  `house_id` int NOT NULL DEFAULT '0',
  `slot_id` int NOT NULL DEFAULT '-1',
  `article` int NOT NULL DEFAULT '0',
  `amount` int NOT NULL DEFAULT '0',
  PRIMARY KEY (`ID`),
  KEY `INDEX` (`house_id`,`slot_id`) USING BTREE,
  CONSTRAINT `houses_fridge_ibfk_1` FOREIGN KEY (`house_id`) REFERENCES `houses` (`ID`)
) ENGINE=InnoDB AUTO_INCREMENT=1841 DEFAULT CHARSET=utf8mb4 COLLATE=utf8mb4_unicode_ci;
/*!40101 SET character_set_client = @saved_cs_client */;

--
-- Dumping data for table `houses_fridge`
--

LOCK TABLES `houses_fridge` WRITE;
/*!40000 ALTER TABLE `houses_fridge` DISABLE KEYS */;
INSERT INTO `houses_fridge` VALUES (1,1,0,0,0),(2,1,1,0,0),(3,1,2,0,0),(4,1,3,0,0),(5,1,4,0,0),(6,1,5,0,0),(7,1,6,0,0),(8,1,7,0,0),(9,1,8,0,0),(10,1,9,0,0),(11,2,0,0,0),(12,2,1,0,0),(13,2,2,0,0),(14,2,3,0,0),(15,2,4,0,0),(16,2,5,0,0),(17,2,6,0,0),(18,2,7,0,0),(19,2,8,0,0),(20,2,9,0,0),(21,3,0,0,0),(22,3,1,0,0),(23,3,2,0,0),(24,3,3,0,0),(25,3,4,0,0),(26,3,5,0,0),(27,3,6,0,0),(28,3,7,0,0),(29,3,8,0,0),(30,3,9,0,0),(31,4,0,0,0),(32,4,1,0,0),(33,4,2,0,0),(34,4,3,0,0),(35,4,4,0,0),(36,4,5,0,0),(37,4,6,0,0),(38,4,7,0,0),(39,4,8,0,0),(40,4,9,0,0),(41,5,0,0,0),(42,5,1,0,0),(43,5,2,0,0),(44,5,3,0,0),(45,5,4,0,0),(46,5,5,0,0),(47,5,6,0,0),(48,5,7,0,0),(49,5,8,0,0),(50,5,9,0,0),(51,6,0,0,0),(52,6,1,0,0),(53,6,2,0,0),(54,6,3,0,0),(55,6,4,0,0),(56,6,5,0,0),(57,6,6,0,0),(58,6,7,0,0),(59,6,8,0,0),(60,6,9,0,0),(61,7,0,0,0),(62,7,1,0,0),(63,7,2,0,0),(64,7,3,0,0),(65,7,4,0,0),(66,7,5,0,0),(67,7,6,0,0),(68,7,7,0,0),(69,7,8,0,0),(70,7,9,0,0),(71,8,0,0,0),(72,8,1,0,0),(73,8,2,0,0),(74,8,3,0,0),(75,8,4,0,0),(76,8,5,0,0),(77,8,6,0,0),(78,8,7,0,0),(79,8,8,0,0),(80,8,9,0,0),(81,9,0,0,0),(82,9,1,0,0),(83,9,2,0,0),(84,9,3,0,0),(85,9,4,0,0),(86,9,5,0,0),(87,9,6,0,0),(88,9,7,0,0),(89,9,8,0,0),(90,9,9,0,0),(91,10,0,0,0),(92,10,1,0,0),(93,10,2,0,0),(94,10,3,0,0),(95,10,4,0,0),(96,10,5,0,0),(97,10,6,0,0),(98,10,7,0,0),(99,10,8,0,0),(100,10,9,0,0),(101,11,0,0,0),(102,11,1,0,0),(103,11,2,0,0),(104,11,3,0,0),(105,11,4,0,0),(106,11,5,0,0),(107,11,6,0,0),(108,11,7,0,0),(109,11,8,0,0),(110,11,9,0,0),(111,12,0,0,0),(112,12,1,0,0),(113,12,2,0,0),(114,12,3,0,0),(115,12,4,0,0),(116,12,5,0,0),(117,12,6,0,0),(118,12,7,0,0),(119,12,8,0,0),(120,12,9,0,0),(121,13,0,0,0),(122,13,1,0,0),(123,13,2,0,0),(124,13,3,0,0),(125,13,4,0,0),(126,13,5,0,0),(127,13,6,0,0),(128,13,7,0,0),(129,13,8,0,0),(130,13,9,0,0),(131,14,0,0,0),(132,14,1,0,0),(133,14,2,0,0),(134,14,3,0,0),(135,14,4,0,0),(136,14,5,0,0),(137,14,6,0,0),(138,14,7,0,0),(139,14,8,0,0),(140,14,9,0,0),(141,15,0,0,0),(142,15,1,0,0),(143,15,2,0,0),(144,15,3,0,0),(145,15,4,0,0),(146,15,5,0,0),(147,15,6,0,0),(148,15,7,0,0),(149,15,8,0,0),(150,15,9,0,0),(151,16,0,0,0),(152,16,1,0,0),(153,16,2,0,0),(154,16,3,0,0),(155,16,4,0,0),(156,16,5,0,0),(157,16,6,0,0),(158,16,7,0,0),(159,16,8,0,0),(160,16,9,0,0),(161,17,0,0,0),(162,17,1,0,0),(163,17,2,0,0),(164,17,3,0,0),(165,17,4,0,0),(166,17,5,0,0),(167,17,6,0,0),(168,17,7,0,0),(169,17,8,0,0),(170,17,9,0,0),(171,18,0,0,0),(172,18,1,0,0),(173,18,2,0,0),(174,18,3,0,0),(175,18,4,0,0),(176,18,5,0,0),(177,18,6,0,0),(178,18,7,0,0),(179,18,8,0,0),(180,18,9,0,0),(181,19,0,0,0),(182,19,1,0,0),(183,19,2,0,0),(184,19,3,0,0),(185,19,4,0,0),(186,19,5,0,0),(187,19,6,0,0),(188,19,7,0,0),(189,19,8,0,0),(190,19,9,0,0),(191,20,0,0,0),(192,20,1,0,0),(193,20,2,0,0),(194,20,3,0,0),(195,20,4,0,0),(196,20,5,0,0),(197,20,6,0,0),(198,20,7,0,0),(199,20,8,0,0),(200,20,9,0,0),(201,21,0,0,0),(202,21,1,0,0),(203,21,2,0,0),(204,21,3,0,0),(205,21,4,0,0),(206,21,5,0,0),(207,21,6,0,0),(208,21,7,0,0),(209,21,8,0,0),(210,21,9,0,0),(211,22,0,0,0),(212,22,1,0,0),(213,22,2,0,0),(214,22,3,0,0),(215,22,4,0,0),(216,22,5,0,0),(217,22,6,0,0),(218,22,7,0,0),(219,22,8,0,0),(220,22,9,0,0),(221,23,0,0,0),(222,23,1,0,0),(223,23,2,0,0),(224,23,3,0,0),(225,23,4,0,0),(226,23,5,0,0),(227,23,6,0,0),(228,23,7,0,0),(229,23,8,0,0),(230,23,9,0,0),(231,24,0,0,0),(232,24,1,0,0),(233,24,2,0,0),(234,24,3,0,0),(235,24,4,0,0),(236,24,5,0,0),(237,24,6,0,0),(238,24,7,0,0),(239,24,8,0,0),(240,24,9,0,0),(241,25,0,0,0),(242,25,1,0,0),(243,25,2,0,0),(244,25,3,0,0),(245,25,4,0,0),(246,25,5,0,0),(247,25,6,0,0),(248,25,7,0,0),(249,25,8,0,0),(250,25,9,0,0),(251,26,0,0,0),(252,26,1,0,0),(253,26,2,0,0),(254,26,3,0,0),(255,26,4,0,0),(256,26,5,0,0),(257,26,6,0,0),(258,26,7,0,0),(259,26,8,0,0),(260,26,9,0,0),(261,27,0,0,0),(262,27,1,0,0),(263,27,2,0,0),(264,27,3,0,0),(265,27,4,0,0),(266,27,5,0,0),(267,27,6,0,0),(268,27,7,0,0),(269,27,8,0,0),(270,27,9,0,0),(271,28,0,0,0),(272,28,1,0,0),(273,28,2,0,0),(274,28,3,0,0),(275,28,4,0,0),(276,28,5,0,0),(277,28,6,0,0),(278,28,7,0,0),(279,28,8,0,0),(280,28,9,0,0),(281,29,0,0,0),(282,29,1,0,0),(283,29,2,0,0),(284,29,3,0,0),(285,29,4,0,0),(286,29,5,0,0),(287,29,6,0,0),(288,29,7,0,0),(289,29,8,0,0),(290,29,9,0,0),(291,30,0,0,0),(292,30,1,0,0),(293,30,2,0,0),(294,30,3,0,0),(295,30,4,0,0),(296,30,5,0,0),(297,30,6,0,0),(298,30,7,0,0),(299,30,8,0,0),(300,30,9,0,0),(301,31,0,0,0),(302,31,1,0,0),(303,31,2,0,0),(304,31,3,0,0),(305,31,4,0,0),(306,31,5,0,0),(307,31,6,0,0),(308,31,7,0,0),(309,31,8,0,0),(310,31,9,0,0),(311,32,0,0,0),(312,32,1,0,0),(313,32,2,0,0),(314,32,3,0,0),(315,32,4,0,0),(316,32,5,0,0),(317,32,6,0,0),(318,32,7,0,0),(319,32,8,0,0),(320,32,9,0,0),(321,33,0,0,0),(322,33,1,0,0),(323,33,2,0,0),(324,33,3,0,0),(325,33,4,0,0),(326,33,5,0,0),(327,33,6,0,0),(328,33,7,0,0),(329,33,8,0,0),(330,33,9,0,0),(331,34,0,0,0),(332,34,1,0,0),(333,34,2,0,0),(334,34,3,0,0),(335,34,4,0,0),(336,34,5,0,0),(337,34,6,0,0),(338,34,7,0,0),(339,34,8,0,0),(340,34,9,0,0),(341,35,0,0,0),(342,35,1,0,0),(343,35,2,0,0),(344,35,3,0,0),(345,35,4,0,0),(346,35,5,0,0),(347,35,6,0,0),(348,35,7,0,0),(349,35,8,0,0),(350,35,9,0,0),(351,36,0,0,0),(352,36,1,0,0),(353,36,2,0,0),(354,36,3,0,0),(355,36,4,0,0),(356,36,5,0,0),(357,36,6,0,0),(358,36,7,0,0),(359,36,8,0,0),(360,36,9,0,0),(361,37,0,0,0),(362,37,1,0,0),(363,37,2,0,0),(364,37,3,0,0),(365,37,4,0,0),(366,37,5,0,0),(367,37,6,0,0),(368,37,7,0,0),(369,37,8,0,0),(370,37,9,0,0),(371,38,0,0,0),(372,38,1,0,0),(373,38,2,0,0),(374,38,3,0,0),(375,38,4,0,0),(376,38,5,0,0),(377,38,6,0,0),(378,38,7,0,0),(379,38,8,0,0),(380,38,9,0,0),(381,39,0,0,0),(382,39,1,0,0),(383,39,2,0,0),(384,39,3,0,0),(385,39,4,0,0),(386,39,5,0,0),(387,39,6,0,0),(388,39,7,0,0),(389,39,8,0,0),(390,39,9,0,0),(391,40,0,0,0),(392,40,1,0,0),(393,40,2,0,0),(394,40,3,0,0),(395,40,4,0,0),(396,40,5,0,0),(397,40,6,0,0),(398,40,7,0,0),(399,40,8,0,0),(400,40,9,0,0),(401,41,0,0,0),(402,41,1,0,0),(403,41,2,0,0),(404,41,3,0,0),(405,41,4,0,0),(406,41,5,0,0),(407,41,6,0,0),(408,41,7,0,0),(409,41,8,0,0),(410,41,9,0,0),(411,42,0,0,0),(412,42,1,0,0),(413,42,2,0,0),(414,42,3,0,0),(415,42,4,0,0),(416,42,5,0,0),(417,42,6,0,0),(418,42,7,0,0),(419,42,8,0,0),(420,42,9,0,0),(421,43,0,0,0),(422,43,1,0,0),(423,43,2,0,0),(424,43,3,0,0),(425,43,4,0,0),(426,43,5,0,0),(427,43,6,0,0),(428,43,7,0,0),(429,43,8,0,0),(430,43,9,0,0),(431,44,0,0,0),(432,44,1,0,0),(433,44,2,0,0),(434,44,3,0,0),(435,44,4,0,0),(436,44,5,0,0),(437,44,6,0,0),(438,44,7,0,0),(439,44,8,0,0),(440,44,9,0,0),(441,45,0,0,0),(442,45,1,0,0),(443,45,2,0,0),(444,45,3,0,0),(445,45,4,0,0),(446,45,5,0,0),(447,45,6,0,0),(448,45,7,0,0),(449,45,8,0,0),(450,45,9,0,0),(451,46,0,0,0),(452,46,1,0,0),(453,46,2,0,0),(454,46,3,0,0),(455,46,4,0,0),(456,46,5,0,0),(457,46,6,0,0),(458,46,7,0,0),(459,46,8,0,0),(460,46,9,0,0),(461,47,0,0,0),(462,47,1,0,0),(463,47,2,0,0),(464,47,3,0,0),(465,47,4,0,0),(466,47,5,0,0),(467,47,6,0,0),(468,47,7,0,0),(469,47,8,0,0),(470,47,9,0,0),(471,48,0,0,0),(472,48,1,0,0),(473,48,2,0,0),(474,48,3,0,0),(475,48,4,0,0),(476,48,5,0,0),(477,48,6,0,0),(478,48,7,0,0),(479,48,8,0,0),(480,48,9,0,0),(481,49,0,0,0),(482,49,1,0,0),(483,49,2,0,0),(484,49,3,0,0),(485,49,4,0,0),(486,49,5,0,0),(487,49,6,0,0),(488,49,7,0,0),(489,49,8,0,0),(490,49,9,0,0),(491,50,0,0,0),(492,50,1,0,0),(493,50,2,0,0),(494,50,3,0,0),(495,50,4,0,0),(496,50,5,0,0),(497,50,6,0,0),(498,50,7,0,0),(499,50,8,0,0),(500,50,9,0,0),(501,51,0,0,0),(502,51,1,0,0),(503,51,2,0,0),(504,51,3,0,0),(505,51,4,0,0),(506,51,5,0,0),(507,51,6,0,0),(508,51,7,0,0),(509,51,8,0,0),(510,51,9,0,0),(511,52,0,0,0),(512,52,1,0,0),(513,52,2,0,0),(514,52,3,0,0),(515,52,4,0,0),(516,52,5,0,0),(517,52,6,0,0),(518,52,7,0,0),(519,52,8,0,0),(520,52,9,0,0),(521,53,0,0,0),(522,53,1,0,0),(523,53,2,0,0),(524,53,3,0,0),(525,53,4,0,0),(526,53,5,0,0),(527,53,6,0,0),(528,53,7,0,0),(529,53,8,0,0),(530,53,9,0,0),(531,54,0,0,0),(532,54,1,0,0),(533,54,2,0,0),(534,54,3,0,0),(535,54,4,0,0),(536,54,5,0,0),(537,54,6,0,0),(538,54,7,0,0),(539,54,8,0,0),(540,54,9,0,0),(541,55,0,0,0),(542,55,1,0,0),(543,55,2,0,0),(544,55,3,0,0),(545,55,4,0,0),(546,55,5,0,0),(547,55,6,0,0),(548,55,7,0,0),(549,55,8,0,0),(550,55,9,0,0),(551,56,0,0,0),(552,56,1,0,0),(553,56,2,0,0),(554,56,3,0,0),(555,56,4,0,0),(556,56,5,0,0),(557,56,6,0,0),(558,56,7,0,0),(559,56,8,0,0),(560,56,9,0,0),(561,57,0,0,0),(562,57,1,0,0),(563,57,2,0,0),(564,57,3,0,0),(565,57,4,0,0),(566,57,5,0,0),(567,57,6,0,0),(568,57,7,0,0),(569,57,8,0,0),(570,57,9,0,0),(571,58,0,0,0),(572,58,1,0,0),(573,58,2,0,0),(574,58,3,0,0),(575,58,4,0,0),(576,58,5,0,0),(577,58,6,0,0),(578,58,7,0,0),(579,58,8,0,0),(580,58,9,0,0),(581,59,0,0,0),(582,59,1,0,0),(583,59,2,0,0),(584,59,3,0,0),(585,59,4,0,0),(586,59,5,0,0),(587,59,6,0,0),(588,59,7,0,0),(589,59,8,0,0),(590,59,9,0,0),(591,60,0,0,0),(592,60,1,0,0),(593,60,2,0,0),(594,60,3,0,0),(595,60,4,0,0),(596,60,5,0,0),(597,60,6,0,0),(598,60,7,0,0),(599,60,8,0,0),(600,60,9,0,0),(601,61,0,0,0),(602,61,1,0,0),(603,61,2,0,0),(604,61,3,0,0),(605,61,4,0,0),(606,61,5,0,0),(607,61,6,0,0),(608,61,7,0,0),(609,61,8,0,0),(610,61,9,0,0),(611,62,0,0,0),(612,62,1,0,0),(613,62,2,0,0),(614,62,3,0,0),(615,62,4,0,0),(616,62,5,0,0),(617,62,6,0,0),(618,62,7,0,0),(619,62,8,0,0),(620,62,9,0,0),(621,63,0,0,0),(622,63,1,0,0),(623,63,2,0,0),(624,63,3,0,0),(625,63,4,0,0),(626,63,5,0,0),(627,63,6,0,0),(628,63,7,0,0),(629,63,8,0,0),(630,63,9,0,0),(631,64,0,0,0),(632,64,1,0,0),(633,64,2,0,0),(634,64,3,0,0),(635,64,4,0,0),(636,64,5,0,0),(637,64,6,0,0),(638,64,7,0,0),(639,64,8,0,0),(640,64,9,0,0),(641,65,0,0,0),(642,65,1,0,0),(643,65,2,0,0),(644,65,3,0,0),(645,65,4,0,0),(646,65,5,0,0),(647,65,6,0,0),(648,65,7,0,0),(649,65,8,0,0),(650,65,9,0,0),(651,66,0,0,0),(652,66,1,0,0),(653,66,2,0,0),(654,66,3,0,0),(655,66,4,0,0),(656,66,5,0,0),(657,66,6,0,0),(658,66,7,0,0),(659,66,8,0,0),(660,66,9,0,0),(661,67,0,0,0),(662,67,1,0,0),(663,67,2,0,0),(664,67,3,0,0),(665,67,4,0,0),(666,67,5,0,0),(667,67,6,0,0),(668,67,7,0,0),(669,67,8,0,0),(670,67,9,0,0),(671,68,0,0,0),(672,68,1,0,0),(673,68,2,0,0),(674,68,3,0,0),(675,68,4,0,0),(676,68,5,0,0),(677,68,6,0,0),(678,68,7,0,0),(679,68,8,0,0),(680,68,9,0,0),(681,69,0,0,0),(682,69,1,0,0),(683,69,2,0,0),(684,69,3,0,0),(685,69,4,0,0),(686,69,5,0,0),(687,69,6,0,0),(688,69,7,0,0),(689,69,8,0,0),(690,69,9,0,0),(691,70,0,0,0),(692,70,1,0,0),(693,70,2,0,0),(694,70,3,0,0),(695,70,4,0,0),(696,70,5,0,0),(697,70,6,0,0),(698,70,7,0,0),(699,70,8,0,0),(700,70,9,0,0),(701,71,0,0,0),(702,71,1,0,0),(703,71,2,0,0),(704,71,3,0,0),(705,71,4,0,0),(706,71,5,0,0),(707,71,6,0,0),(708,71,7,0,0),(709,71,8,0,0),(710,71,9,0,0),(711,72,0,0,0),(712,72,1,0,0),(713,72,2,0,0),(714,72,3,0,0),(715,72,4,0,0),(716,72,5,0,0),(717,72,6,0,0),(718,72,7,0,0),(719,72,8,0,0),(720,72,9,0,0),(721,73,0,0,0),(722,73,1,0,0),(723,73,2,0,0),(724,73,3,0,0),(725,73,4,0,0),(726,73,5,0,0),(727,73,6,0,0),(728,73,7,0,0),(729,73,8,0,0),(730,73,9,0,0),(731,74,0,0,0),(732,74,1,0,0),(733,74,2,0,0),(734,74,3,0,0),(735,74,4,0,0),(736,74,5,0,0),(737,74,6,0,0),(738,74,7,0,0),(739,74,8,0,0),(740,74,9,0,0),(741,75,0,0,0),(742,75,1,0,0),(743,75,2,0,0),(744,75,3,0,0),(745,75,4,0,0),(746,75,5,0,0),(747,75,6,0,0),(748,75,7,0,0),(749,75,8,0,0),(750,75,9,0,0),(751,76,0,0,0),(752,76,1,0,0),(753,76,2,0,0),(754,76,3,0,0),(755,76,4,0,0),(756,76,5,0,0),(757,76,6,0,0),(758,76,7,0,0),(759,76,8,0,0),(760,76,9,0,0),(761,77,0,0,0),(762,77,1,0,0),(763,77,2,0,0),(764,77,3,0,0),(765,77,4,0,0),(766,77,5,0,0),(767,77,6,0,0),(768,77,7,0,0),(769,77,8,0,0),(770,77,9,0,0),(771,78,0,0,0),(772,78,1,0,0),(773,78,2,0,0),(774,78,3,0,0),(775,78,4,0,0),(776,78,5,0,0),(777,78,6,0,0),(778,78,7,0,0),(779,78,8,0,0),(780,78,9,0,0),(781,79,0,0,0),(782,79,1,0,0),(783,79,2,0,0),(784,79,3,0,0),(785,79,4,0,0),(786,79,5,0,0),(787,79,6,0,0),(788,79,7,0,0),(789,79,8,0,0),(790,79,9,0,0),(791,80,0,0,0),(792,80,1,0,0),(793,80,2,0,0),(794,80,3,0,0),(795,80,4,0,0),(796,80,5,0,0),(797,80,6,0,0),(798,80,7,0,0),(799,80,8,0,0),(800,80,9,0,0),(801,81,0,0,0),(802,81,1,0,0),(803,81,2,0,0),(804,81,3,0,0),(805,81,4,0,0),(806,81,5,0,0),(807,81,6,0,0),(808,81,7,0,0),(809,81,8,0,0),(810,81,9,0,0),(811,82,0,0,0),(812,82,1,0,0),(813,82,2,0,0),(814,82,3,0,0),(815,82,4,0,0),(816,82,5,0,0),(817,82,6,0,0),(818,82,7,0,0),(819,82,8,0,0),(820,82,9,0,0),(821,83,0,0,0),(822,83,1,0,0),(823,83,2,0,0),(824,83,3,0,0),(825,83,4,0,0),(826,83,5,0,0),(827,83,6,0,0),(828,83,7,0,0),(829,83,8,0,0),(830,83,9,0,0),(831,84,0,0,0),(832,84,1,0,0),(833,84,2,0,0),(834,84,3,0,0),(835,84,4,0,0),(836,84,5,0,0),(837,84,6,0,0),(838,84,7,0,0),(839,84,8,0,0),(840,84,9,0,0),(841,85,0,0,0),(842,85,1,0,0),(843,85,2,0,0),(844,85,3,0,0),(845,85,4,0,0),(846,85,5,0,0),(847,85,6,0,0),(848,85,7,0,0),(849,85,8,0,0),(850,85,9,0,0),(851,86,0,0,0),(852,86,1,0,0),(853,86,2,0,0),(854,86,3,0,0),(855,86,4,0,0),(856,86,5,0,0),(857,86,6,0,0),(858,86,7,0,0),(859,86,8,0,0),(860,86,9,0,0),(861,87,0,0,0),(862,87,1,0,0),(863,87,2,0,0),(864,87,3,0,0),(865,87,4,0,0),(866,87,5,0,0),(867,87,6,0,0),(868,87,7,0,0),(869,87,8,0,0),(870,87,9,0,0),(871,88,0,0,0),(872,88,1,0,0),(873,88,2,0,0),(874,88,3,0,0),(875,88,4,0,0),(876,88,5,0,0),(877,88,6,0,0),(878,88,7,0,0),(879,88,8,0,0),(880,88,9,0,0),(881,89,0,0,0),(882,89,1,0,0),(883,89,2,0,0),(884,89,3,0,0),(885,89,4,0,0),(886,89,5,0,0),(887,89,6,0,0),(888,89,7,0,0),(889,89,8,0,0),(890,89,9,0,0),(891,90,0,0,0),(892,90,1,0,0),(893,90,2,0,0),(894,90,3,0,0),(895,90,4,0,0),(896,90,5,0,0),(897,90,6,0,0),(898,90,7,0,0),(899,90,8,0,0),(900,90,9,0,0),(901,91,0,0,0),(902,91,1,0,0),(903,91,2,0,0),(904,91,3,0,0),(905,91,4,0,0),(906,91,5,0,0),(907,91,6,0,0),(908,91,7,0,0),(909,91,8,0,0),(910,91,9,0,0),(911,92,0,0,0),(912,92,1,0,0),(913,92,2,0,0),(914,92,3,0,0),(915,92,4,0,0),(916,92,5,0,0),(917,92,6,0,0),(918,92,7,0,0),(919,92,8,0,0),(920,92,9,0,0),(921,93,0,0,0),(922,93,1,0,0),(923,93,2,0,0),(924,93,3,0,0),(925,93,4,0,0),(926,93,5,0,0),(927,93,6,0,0),(928,93,7,0,0),(929,93,8,0,0),(930,93,9,0,0),(931,94,0,0,0),(932,94,1,0,0),(933,94,2,0,0),(934,94,3,0,0),(935,94,4,0,0),(936,94,5,0,0),(937,94,6,0,0),(938,94,7,0,0),(939,94,8,0,0),(940,94,9,0,0),(941,95,0,0,0),(942,95,1,0,0),(943,95,2,0,0),(944,95,3,0,0),(945,95,4,0,0),(946,95,5,0,0),(947,95,6,0,0),(948,95,7,0,0),(949,95,8,0,0),(950,95,9,0,0),(951,96,0,0,0),(952,96,1,0,0),(953,96,2,0,0),(954,96,3,0,0),(955,96,4,0,0),(956,96,5,0,0),(957,96,6,0,0),(958,96,7,0,0),(959,96,8,0,0),(960,96,9,0,0),(961,97,0,0,0),(962,97,1,0,0),(963,97,2,0,0),(964,97,3,0,0),(965,97,4,0,0),(966,97,5,0,0),(967,97,6,0,0),(968,97,7,0,0),(969,97,8,0,0),(970,97,9,0,0),(971,98,0,0,0),(972,98,1,0,0),(973,98,2,0,0),(974,98,3,0,0),(975,98,4,0,0),(976,98,5,0,0),(977,98,6,0,0),(978,98,7,0,0),(979,98,8,0,0),(980,98,9,0,0),(981,99,0,0,0),(982,99,1,0,0),(983,99,2,0,0),(984,99,3,0,0),(985,99,4,0,0),(986,99,5,0,0),(987,99,6,0,0),(988,99,7,0,0),(989,99,8,0,0),(990,99,9,0,0),(991,100,0,0,0),(992,100,1,0,0),(993,100,2,0,0),(994,100,3,0,0),(995,100,4,0,0),(996,100,5,0,0),(997,100,6,0,0),(998,100,7,0,0),(999,100,8,0,0),(1000,100,9,0,0),(1001,101,0,0,0),(1002,101,1,0,0),(1003,101,2,0,0),(1004,101,3,0,0),(1005,101,4,0,0),(1006,101,5,0,0),(1007,101,6,0,0),(1008,101,7,0,0),(1009,101,8,0,0),(1010,101,9,0,0),(1011,102,0,0,0),(1012,102,1,0,0),(1013,102,2,0,0),(1014,102,3,0,0),(1015,102,4,0,0),(1016,102,5,0,0),(1017,102,6,0,0),(1018,102,7,0,0),(1019,102,8,0,0),(1020,102,9,0,0),(1021,103,0,0,0),(1022,103,1,0,0),(1023,103,2,0,0),(1024,103,3,0,0),(1025,103,4,0,0),(1026,103,5,0,0),(1027,103,6,0,0),(1028,103,7,0,0),(1029,103,8,0,0),(1030,103,9,0,0),(1031,104,0,0,0),(1032,104,1,0,0),(1033,104,2,0,0),(1034,104,3,0,0),(1035,104,4,0,0),(1036,104,5,0,0),(1037,104,6,0,0),(1038,104,7,0,0),(1039,104,8,0,0),(1040,104,9,0,0),(1041,105,0,0,0),(1042,105,1,0,0),(1043,105,2,0,0),(1044,105,3,0,0),(1045,105,4,0,0),(1046,105,5,0,0),(1047,105,6,0,0),(1048,105,7,0,0),(1049,105,8,0,0),(1050,105,9,0,0),(1051,106,0,0,0),(1052,106,1,0,0),(1053,106,2,0,0),(1054,106,3,0,0),(1055,106,4,0,0),(1056,106,5,0,0),(1057,106,6,0,0),(1058,106,7,0,0),(1059,106,8,0,0),(1060,106,9,0,0),(1061,107,0,0,0),(1062,107,1,0,0),(1063,107,2,0,0),(1064,107,3,0,0),(1065,107,4,0,0),(1066,107,5,0,0),(1067,107,6,0,0),(1068,107,7,0,0),(1069,107,8,0,0),(1070,107,9,0,0),(1071,108,0,0,0),(1072,108,1,0,0),(1073,108,2,0,0),(1074,108,3,0,0),(1075,108,4,0,0),(1076,108,5,0,0),(1077,108,6,0,0),(1078,108,7,0,0),(1079,108,8,0,0),(1080,108,9,0,0),(1081,109,0,0,0),(1082,109,1,0,0),(1083,109,2,0,0),(1084,109,3,0,0),(1085,109,4,0,0),(1086,109,5,0,0),(1087,109,6,0,0),(1088,109,7,0,0),(1089,109,8,0,0),(1090,109,9,0,0),(1091,110,0,0,0),(1092,110,1,0,0),(1093,110,2,0,0),(1094,110,3,0,0),(1095,110,4,0,0),(1096,110,5,0,0),(1097,110,6,0,0),(1098,110,7,0,0),(1099,110,8,0,0),(1100,110,9,0,0),(1101,111,0,0,0),(1102,111,1,0,0),(1103,111,2,0,0),(1104,111,3,0,0),(1105,111,4,0,0),(1106,111,5,0,0),(1107,111,6,0,0),(1108,111,7,0,0),(1109,111,8,0,0),(1110,111,9,0,0),(1111,112,0,0,0),(1112,112,1,0,0),(1113,112,2,0,0),(1114,112,3,0,0),(1115,112,4,0,0),(1116,112,5,0,0),(1117,112,6,0,0),(1118,112,7,0,0),(1119,112,8,0,0),(1120,112,9,0,0),(1121,113,0,0,0),(1122,113,1,0,0),(1123,113,2,0,0),(1124,113,3,0,0),(1125,113,4,0,0),(1126,113,5,0,0),(1127,113,6,0,0),(1128,113,7,0,0),(1129,113,8,0,0),(1130,113,9,0,0),(1131,114,0,0,0),(1132,114,1,0,0),(1133,114,2,0,0),(1134,114,3,0,0),(1135,114,4,0,0),(1136,114,5,0,0),(1137,114,6,0,0),(1138,114,7,0,0),(1139,114,8,0,0),(1140,114,9,0,0),(1141,115,0,0,0),(1142,115,1,0,0),(1143,115,2,0,0),(1144,115,3,0,0),(1145,115,4,0,0),(1146,115,5,0,0),(1147,115,6,0,0),(1148,115,7,0,0),(1149,115,8,0,0),(1150,115,9,0,0),(1151,116,0,0,0),(1152,116,1,0,0),(1153,116,2,0,0),(1154,116,3,0,0),(1155,116,4,0,0),(1156,116,5,0,0),(1157,116,6,0,0),(1158,116,7,0,0),(1159,116,8,0,0),(1160,116,9,0,0),(1161,117,0,0,0),(1162,117,1,0,0),(1163,117,2,0,0),(1164,117,3,0,0),(1165,117,4,0,0),(1166,117,5,0,0),(1167,117,6,0,0),(1168,117,7,0,0),(1169,117,8,0,0),(1170,117,9,0,0),(1171,118,0,0,0),(1172,118,1,0,0),(1173,118,2,0,0),(1174,118,3,0,0),(1175,118,4,0,0),(1176,118,5,0,0),(1177,118,6,0,0),(1178,118,7,0,0),(1179,118,8,0,0),(1180,118,9,0,0),(1181,119,0,0,0),(1182,119,1,0,0),(1183,119,2,0,0),(1184,119,3,0,0),(1185,119,4,0,0),(1186,119,5,0,0),(1187,119,6,0,0),(1188,119,7,0,0),(1189,119,8,0,0),(1190,119,9,0,0),(1191,120,0,0,0),(1192,120,1,0,0),(1193,120,2,0,0),(1194,120,3,0,0),(1195,120,4,0,0),(1196,120,5,0,0),(1197,120,6,0,0),(1198,120,7,0,0),(1199,120,8,0,0),(1200,120,9,0,0),(1201,121,0,0,0),(1202,121,1,0,0),(1203,121,2,0,0),(1204,121,3,0,0),(1205,121,4,0,0),(1206,121,5,0,0),(1207,121,6,0,0),(1208,121,7,0,0),(1209,121,8,0,0),(1210,121,9,0,0),(1211,122,0,0,0),(1212,122,1,0,0),(1213,122,2,0,0),(1214,122,3,0,0),(1215,122,4,0,0),(1216,122,5,0,0),(1217,122,6,0,0),(1218,122,7,0,0),(1219,122,8,0,0),(1220,122,9,0,0),(1221,123,0,0,0),(1222,123,1,0,0),(1223,123,2,0,0),(1224,123,3,0,0),(1225,123,4,0,0),(1226,123,5,0,0),(1227,123,6,0,0),(1228,123,7,0,0),(1229,123,8,0,0),(1230,123,9,0,0),(1231,124,0,0,0),(1232,124,1,0,0),(1233,124,2,0,0),(1234,124,3,0,0),(1235,124,4,0,0),(1236,124,5,0,0),(1237,124,6,0,0),(1238,124,7,0,0),(1239,124,8,0,0),(1240,124,9,0,0),(1241,125,0,0,0),(1242,125,1,0,0),(1243,125,2,0,0),(1244,125,3,0,0),(1245,125,4,0,0),(1246,125,5,0,0),(1247,125,6,0,0),(1248,125,7,0,0),(1249,125,8,0,0),(1250,125,9,0,0),(1251,126,0,0,0),(1252,126,1,0,0),(1253,126,2,0,0),(1254,126,3,0,0),(1255,126,4,0,0),(1256,126,5,0,0),(1257,126,6,0,0),(1258,126,7,0,0),(1259,126,8,0,0),(1260,126,9,0,0),(1261,127,0,0,0),(1262,127,1,0,0),(1263,127,2,0,0),(1264,127,3,0,0),(1265,127,4,0,0),(1266,127,5,0,0),(1267,127,6,0,0),(1268,127,7,0,0),(1269,127,8,0,0),(1270,127,9,0,0),(1271,128,0,0,0),(1272,128,1,0,0),(1273,128,2,0,0),(1274,128,3,0,0),(1275,128,4,0,0),(1276,128,5,0,0),(1277,128,6,0,0),(1278,128,7,0,0),(1279,128,8,0,0),(1280,128,9,0,0),(1281,129,0,0,0),(1282,129,1,0,0),(1283,129,2,0,0),(1284,129,3,0,0),(1285,129,4,0,0),(1286,129,5,0,0),(1287,129,6,0,0),(1288,129,7,0,0),(1289,129,8,0,0),(1290,129,9,0,0),(1291,130,0,0,0),(1292,130,1,0,0),(1293,130,2,0,0),(1294,130,3,0,0),(1295,130,4,0,0),(1296,130,5,0,0),(1297,130,6,0,0),(1298,130,7,0,0),(1299,130,8,0,0),(1300,130,9,0,0),(1301,131,0,0,0),(1302,131,1,0,0),(1303,131,2,0,0),(1304,131,3,0,0),(1305,131,4,0,0),(1306,131,5,0,0),(1307,131,6,0,0),(1308,131,7,0,0),(1309,131,8,0,0),(1310,131,9,0,0),(1311,132,0,0,0),(1312,132,1,0,0),(1313,132,2,0,0),(1314,132,3,0,0),(1315,132,4,0,0),(1316,132,5,0,0),(1317,132,6,0,0),(1318,132,7,0,0),(1319,132,8,0,0),(1320,132,9,0,0),(1321,133,0,0,0),(1322,133,1,0,0),(1323,133,2,0,0),(1324,133,3,0,0),(1325,133,4,0,0),(1326,133,5,0,0),(1327,133,6,0,0),(1328,133,7,0,0),(1329,133,8,0,0),(1330,133,9,0,0),(1331,134,0,0,0),(1332,134,1,0,0),(1333,134,2,0,0),(1334,134,3,0,0),(1335,134,4,0,0),(1336,134,5,0,0),(1337,134,6,0,0),(1338,134,7,0,0),(1339,134,8,0,0),(1340,134,9,0,0),(1341,135,0,0,0),(1342,135,1,0,0),(1343,135,2,0,0),(1344,135,3,0,0),(1345,135,4,0,0),(1346,135,5,0,0),(1347,135,6,0,0),(1348,135,7,0,0),(1349,135,8,0,0),(1350,135,9,0,0),(1351,136,0,0,0),(1352,136,1,0,0),(1353,136,2,0,0),(1354,136,3,0,0),(1355,136,4,0,0),(1356,136,5,0,0),(1357,136,6,0,0),(1358,136,7,0,0),(1359,136,8,0,0),(1360,136,9,0,0),(1361,137,0,0,0),(1362,137,1,0,0),(1363,137,2,0,0),(1364,137,3,0,0),(1365,137,4,0,0),(1366,137,5,0,0),(1367,137,6,0,0),(1368,137,7,0,0),(1369,137,8,0,0),(1370,137,9,0,0),(1371,138,0,0,0),(1372,138,1,0,0),(1373,138,2,0,0),(1374,138,3,0,0),(1375,138,4,0,0),(1376,138,5,0,0),(1377,138,6,0,0),(1378,138,7,0,0),(1379,138,8,0,0),(1380,138,9,0,0),(1381,139,0,0,0),(1382,139,1,0,0),(1383,139,2,0,0),(1384,139,3,0,0),(1385,139,4,0,0),(1386,139,5,0,0),(1387,139,6,0,0),(1388,139,7,0,0),(1389,139,8,0,0),(1390,139,9,0,0),(1391,140,0,0,0),(1392,140,1,0,0),(1393,140,2,0,0),(1394,140,3,0,0),(1395,140,4,0,0),(1396,140,5,0,0),(1397,140,6,0,0),(1398,140,7,0,0),(1399,140,8,0,0),(1400,140,9,0,0),(1401,141,0,0,0),(1402,141,1,0,0),(1403,141,2,0,0),(1404,141,3,0,0),(1405,141,4,0,0),(1406,141,5,0,0),(1407,141,6,0,0),(1408,141,7,0,0),(1409,141,8,0,0),(1410,141,9,0,0),(1411,142,0,0,0),(1412,142,1,0,0),(1413,142,2,0,0),(1414,142,3,0,0),(1415,142,4,0,0),(1416,142,5,0,0),(1417,142,6,0,0),(1418,142,7,0,0),(1419,142,8,0,0),(1420,142,9,0,0),(1421,143,0,0,0),(1422,143,1,0,0),(1423,143,2,0,0),(1424,143,3,0,0),(1425,143,4,0,0),(1426,143,5,0,0),(1427,143,6,0,0),(1428,143,7,0,0),(1429,143,8,0,0),(1430,143,9,0,0),(1431,144,0,0,0),(1432,144,1,0,0),(1433,144,2,0,0),(1434,144,3,0,0),(1435,144,4,0,0),(1436,144,5,0,0),(1437,144,6,0,0),(1438,144,7,0,0),(1439,144,8,0,0),(1440,144,9,0,0),(1441,145,0,0,0),(1442,145,1,0,0),(1443,145,2,0,0),(1444,145,3,0,0),(1445,145,4,0,0),(1446,145,5,0,0),(1447,145,6,0,0),(1448,145,7,0,0),(1449,145,8,0,0),(1450,145,9,0,0),(1451,146,0,0,0),(1452,146,1,0,0),(1453,146,2,0,0),(1454,146,3,0,0),(1455,146,4,0,0),(1456,146,5,0,0),(1457,146,6,0,0),(1458,146,7,0,0),(1459,146,8,0,0),(1460,146,9,0,0),(1461,147,0,0,0),(1462,147,1,0,0),(1463,147,2,0,0),(1464,147,3,0,0),(1465,147,4,0,0),(1466,147,5,0,0),(1467,147,6,0,0),(1468,147,7,0,0),(1469,147,8,0,0),(1470,147,9,0,0),(1471,148,0,0,0),(1472,148,1,0,0),(1473,148,2,0,0),(1474,148,3,0,0),(1475,148,4,0,0),(1476,148,5,0,0),(1477,148,6,0,0),(1478,148,7,0,0),(1479,148,8,0,0),(1480,148,9,0,0),(1481,149,0,0,0),(1482,149,1,0,0),(1483,149,2,0,0),(1484,149,3,0,0),(1485,149,4,0,0),(1486,149,5,0,0),(1487,149,6,0,0),(1488,149,7,0,0),(1489,149,8,0,0),(1490,149,9,0,0),(1491,150,0,0,0),(1492,150,1,0,0),(1493,150,2,0,0),(1494,150,3,0,0),(1495,150,4,0,0),(1496,150,5,0,0),(1497,150,6,0,0),(1498,150,7,0,0),(1499,150,8,0,0),(1500,150,9,0,0),(1501,151,0,0,0),(1502,151,1,0,0),(1503,151,2,0,0),(1504,151,3,0,0),(1505,151,4,0,0),(1506,151,5,0,0),(1507,151,6,0,0),(1508,151,7,0,0),(1509,151,8,0,0),(1510,151,9,0,0),(1511,152,0,0,0),(1512,152,1,0,0),(1513,152,2,0,0),(1514,152,3,0,0),(1515,152,4,0,0),(1516,152,5,0,0),(1517,152,6,0,0),(1518,152,7,0,0),(1519,152,8,0,0),(1520,152,9,0,0),(1521,153,0,0,0),(1522,153,1,0,0),(1523,153,2,0,0),(1524,153,3,0,0),(1525,153,4,0,0),(1526,153,5,0,0),(1527,153,6,0,0),(1528,153,7,0,0),(1529,153,8,0,0),(1530,153,9,0,0),(1531,154,0,0,0),(1532,154,1,0,0),(1533,154,2,0,0),(1534,154,3,0,0),(1535,154,4,0,0),(1536,154,5,0,0),(1537,154,6,0,0),(1538,154,7,0,0),(1539,154,8,0,0),(1540,154,9,0,0),(1541,155,0,0,0),(1542,155,1,0,0),(1543,155,2,0,0),(1544,155,3,0,0),(1545,155,4,0,0),(1546,155,5,0,0),(1547,155,6,0,0),(1548,155,7,0,0),(1549,155,8,0,0),(1550,155,9,0,0),(1551,156,0,0,0),(1552,156,1,0,0),(1553,156,2,0,0),(1554,156,3,0,0),(1555,156,4,0,0),(1556,156,5,0,0),(1557,156,6,0,0),(1558,156,7,0,0),(1559,156,8,0,0),(1560,156,9,0,0),(1561,157,0,0,0),(1562,157,1,0,0),(1563,157,2,0,0),(1564,157,3,0,0),(1565,157,4,0,0),(1566,157,5,0,0),(1567,157,6,0,0),(1568,157,7,0,0),(1569,157,8,0,0),(1570,157,9,0,0),(1571,158,0,0,0),(1572,158,1,0,0),(1573,158,2,0,0),(1574,158,3,0,0),(1575,158,4,0,0),(1576,158,5,0,0),(1577,158,6,0,0),(1578,158,7,0,0),(1579,158,8,0,0),(1580,158,9,0,0),(1581,159,0,0,0),(1582,159,1,0,0),(1583,159,2,0,0),(1584,159,3,0,0),(1585,159,4,0,0),(1586,159,5,0,0),(1587,159,6,0,0),(1588,159,7,0,0),(1589,159,8,0,0),(1590,159,9,0,0),(1591,160,0,0,0),(1592,160,1,0,0),(1593,160,2,0,0),(1594,160,3,0,0),(1595,160,4,0,0),(1596,160,5,0,0),(1597,160,6,0,0),(1598,160,7,0,0),(1599,160,8,0,0),(1600,160,9,0,0),(1601,161,0,0,0),(1602,161,1,0,0),(1603,161,2,0,0),(1604,161,3,0,0),(1605,161,4,0,0),(1606,161,5,0,0),(1607,161,6,0,0),(1608,161,7,0,0),(1609,161,8,0,0),(1610,161,9,0,0),(1611,162,0,0,0),(1612,162,1,0,0),(1613,162,2,0,0),(1614,162,3,0,0),(1615,162,4,0,0),(1616,162,5,0,0),(1617,162,6,0,0),(1618,162,7,0,0),(1619,162,8,0,0),(1620,162,9,0,0),(1621,163,0,0,0),(1622,163,1,0,0),(1623,163,2,0,0),(1624,163,3,0,0),(1625,163,4,0,0),(1626,163,5,0,0),(1627,163,6,0,0),(1628,163,7,0,0),(1629,163,8,0,0),(1630,163,9,0,0),(1631,164,0,0,0),(1632,164,1,0,0),(1633,164,2,0,0),(1634,164,3,0,0),(1635,164,4,0,0),(1636,164,5,0,0),(1637,164,6,0,0),(1638,164,7,0,0),(1639,164,8,0,0),(1640,164,9,0,0),(1641,165,0,0,0),(1642,165,1,0,0),(1643,165,2,0,0),(1644,165,3,0,0),(1645,165,4,0,0),(1646,165,5,0,0),(1647,165,6,0,0),(1648,165,7,0,0),(1649,165,8,0,0),(1650,165,9,0,0),(1651,166,0,0,0),(1652,166,1,0,0),(1653,166,2,0,0),(1654,166,3,0,0),(1655,166,4,0,0),(1656,166,5,0,0),(1657,166,6,0,0),(1658,166,7,0,0),(1659,166,8,0,0),(1660,166,9,0,0),(1661,167,0,0,0),(1662,167,1,0,0),(1663,167,2,0,0),(1664,167,3,0,0),(1665,167,4,0,0),(1666,167,5,0,0),(1667,167,6,0,0),(1668,167,7,0,0),(1669,167,8,0,0),(1670,167,9,0,0),(1671,168,0,0,0),(1672,168,1,0,0),(1673,168,2,0,0),(1674,168,3,0,0),(1675,168,4,0,0),(1676,168,5,0,0),(1677,168,6,0,0),(1678,168,7,0,0),(1679,168,8,0,0),(1680,168,9,0,0),(1681,169,0,0,0),(1682,169,1,0,0),(1683,169,2,0,0),(1684,169,3,0,0),(1685,169,4,0,0),(1686,169,5,0,0),(1687,169,6,0,0),(1688,169,7,0,0),(1689,169,8,0,0),(1690,169,9,0,0),(1691,170,0,0,0),(1692,170,1,0,0),(1693,170,2,0,0),(1694,170,3,0,0),(1695,170,4,0,0),(1696,170,5,0,0),(1697,170,6,0,0),(1698,170,7,0,0),(1699,170,8,0,0),(1700,170,9,0,0),(1701,171,0,0,0),(1702,171,1,0,0),(1703,171,2,0,0),(1704,171,3,0,0),(1705,171,4,0,0),(1706,171,5,0,0),(1707,171,6,0,0),(1708,171,7,0,0),(1709,171,8,0,0),(1710,171,9,0,0),(1711,172,0,0,0),(1712,172,1,0,0),(1713,172,2,0,0),(1714,172,3,0,0),(1715,172,4,0,0),(1716,172,5,0,0),(1717,172,6,0,0),(1718,172,7,0,0),(1719,172,8,0,0),(1720,172,9,0,0),(1721,173,0,0,0),(1722,173,1,0,0),(1723,173,2,0,0),(1724,173,3,0,0),(1725,173,4,0,0),(1726,173,5,0,0),(1727,173,6,0,0),(1728,173,7,0,0),(1729,173,8,0,0),(1730,173,9,0,0),(1731,174,0,0,0),(1732,174,1,0,0),(1733,174,2,0,0),(1734,174,3,0,0),(1735,174,4,0,0),(1736,174,5,0,0),(1737,174,6,0,0),(1738,174,7,0,0),(1739,174,8,0,0),(1740,174,9,0,0),(1741,175,0,0,0),(1742,175,1,0,0),(1743,175,2,0,0),(1744,175,3,0,0),(1745,175,4,0,0),(1746,175,5,0,0),(1747,175,6,0,0),(1748,175,7,0,0),(1749,175,8,0,0),(1750,175,9,0,0),(1751,176,0,0,0),(1752,176,1,0,0),(1753,176,2,0,0),(1754,176,3,0,0),(1755,176,4,0,0),(1756,176,5,0,0),(1757,176,6,0,0),(1758,176,7,0,0),(1759,176,8,0,0),(1760,176,9,0,0),(1761,177,0,0,0),(1762,177,1,0,0),(1763,177,2,0,0),(1764,177,3,0,0),(1765,177,4,0,0),(1766,177,5,0,0),(1767,177,6,0,0),(1768,177,7,0,0),(1769,177,8,0,0),(1770,177,9,0,0),(1771,178,0,0,0),(1772,178,1,0,0),(1773,178,2,0,0),(1774,178,3,0,0),(1775,178,4,0,0),(1776,178,5,0,0),(1777,178,6,0,0),(1778,178,7,0,0),(1779,178,8,0,0),(1780,178,9,0,0),(1781,179,0,0,0),(1782,179,1,0,0),(1783,179,2,0,0),(1784,179,3,0,0),(1785,179,4,0,0),(1786,179,5,0,0),(1787,179,6,0,0),(1788,179,7,0,0),(1789,179,8,0,0),(1790,179,9,0,0),(1791,180,0,0,0),(1792,180,1,0,0),(1793,180,2,0,0),(1794,180,3,0,0),(1795,180,4,0,0),(1796,180,5,0,0),(1797,180,6,0,0),(1798,180,7,0,0),(1799,180,8,0,0),(1800,180,9,0,0),(1801,181,0,0,0),(1802,181,1,0,0),(1803,181,2,0,0),(1804,181,3,0,0),(1805,181,4,0,0),(1806,181,5,0,0),(1807,181,6,0,0),(1808,181,7,0,0),(1809,181,8,0,0),(1810,181,9,0,0),(1811,182,0,0,0),(1812,182,1,0,0),(1813,182,2,0,0),(1814,182,3,0,0),(1815,182,4,0,0),(1816,182,5,0,0),(1817,182,6,0,0),(1818,182,7,0,0),(1819,182,8,0,0),(1820,182,9,0,0),(1821,183,0,0,0),(1822,183,1,0,0),(1823,183,2,0,0),(1824,183,3,0,0),(1825,183,4,0,0),(1826,183,5,0,0),(1827,183,6,0,0),(1828,183,7,0,0),(1829,183,8,0,0),(1830,183,9,0,0),(1831,184,0,0,0),(1832,184,1,0,0),(1833,184,2,0,0),(1834,184,3,0,0),(1835,184,4,0,0),(1836,184,5,0,0),(1837,184,6,0,0),(1838,184,7,0,0),(1839,184,8,0,0),(1840,184,9,0,0);
/*!40000 ALTER TABLE `houses_fridge` ENABLE KEYS */;
UNLOCK TABLES;

--
-- Table structure for table `houses_friends`
--

DROP TABLE IF EXISTS `houses_friends`;
/*!40101 SET @saved_cs_client     = @@character_set_client */;
/*!50503 SET character_set_client = utf8mb4 */;
CREATE TABLE `houses_friends` (
  `ID` int NOT NULL AUTO_INCREMENT,
  `house_id` int NOT NULL DEFAULT '0',
  `friend_slot` int NOT NULL DEFAULT '-1',
  `friend` varchar(24) CHARACTER SET utf8mb4 COLLATE utf8mb4_unicode_ci NOT NULL DEFAULT 'No',
  PRIMARY KEY (`ID`),
  KEY `INDEX` (`house_id`,`friend_slot`) USING BTREE,
  CONSTRAINT `houses_friends_ibfk_1` FOREIGN KEY (`house_id`) REFERENCES `houses` (`ID`)
) ENGINE=InnoDB AUTO_INCREMENT=921 DEFAULT CHARSET=utf8mb4 COLLATE=utf8mb4_unicode_ci;
/*!40101 SET character_set_client = @saved_cs_client */;

--
-- Dumping data for table `houses_friends`
--

LOCK TABLES `houses_friends` WRITE;
/*!40000 ALTER TABLE `houses_friends` DISABLE KEYS */;
INSERT INTO `houses_friends` VALUES (1,1,0,''),(2,1,1,''),(3,1,2,''),(4,1,3,''),(5,1,4,''),(6,2,0,''),(7,2,1,''),(8,2,2,''),(9,2,3,''),(10,2,4,''),(11,3,0,''),(12,3,1,''),(13,3,2,''),(14,3,3,''),(15,3,4,''),(16,4,0,''),(17,4,1,''),(18,4,2,''),(19,4,3,''),(20,4,4,''),(21,5,0,''),(22,5,1,''),(23,5,2,''),(24,5,3,''),(25,5,4,''),(26,6,0,''),(27,6,1,''),(28,6,2,''),(29,6,3,''),(30,6,4,''),(31,7,0,''),(32,7,1,''),(33,7,2,''),(34,7,3,''),(35,7,4,''),(36,8,0,''),(37,8,1,''),(38,8,2,''),(39,8,3,''),(40,8,4,''),(41,9,0,''),(42,9,1,''),(43,9,2,''),(44,9,3,''),(45,9,4,''),(46,10,0,''),(47,10,1,''),(48,10,2,''),(49,10,3,''),(50,10,4,''),(51,11,0,''),(52,11,1,''),(53,11,2,''),(54,11,3,''),(55,11,4,''),(56,12,0,''),(57,12,1,''),(58,12,2,''),(59,12,3,''),(60,12,4,''),(61,13,0,''),(62,13,1,''),(63,13,2,''),(64,13,3,''),(65,13,4,''),(66,14,0,''),(67,14,1,''),(68,14,2,''),(69,14,3,''),(70,14,4,''),(71,15,0,''),(72,15,1,''),(73,15,2,''),(74,15,3,''),(75,15,4,''),(76,16,0,''),(77,16,1,''),(78,16,2,''),(79,16,3,''),(80,16,4,''),(81,17,0,''),(82,17,1,''),(83,17,2,''),(84,17,3,''),(85,17,4,''),(86,18,0,''),(87,18,1,''),(88,18,2,''),(89,18,3,''),(90,18,4,''),(91,19,0,''),(92,19,1,''),(93,19,2,''),(94,19,3,''),(95,19,4,''),(96,20,0,''),(97,20,1,''),(98,20,2,''),(99,20,3,''),(100,20,4,''),(101,21,0,''),(102,21,1,''),(103,21,2,''),(104,21,3,''),(105,21,4,''),(106,22,0,''),(107,22,1,''),(108,22,2,''),(109,22,3,''),(110,22,4,''),(111,23,0,''),(112,23,1,''),(113,23,2,''),(114,23,3,''),(115,23,4,''),(116,24,0,''),(117,24,1,''),(118,24,2,''),(119,24,3,''),(120,24,4,''),(121,25,0,''),(122,25,1,''),(123,25,2,''),(124,25,3,''),(125,25,4,''),(126,26,0,''),(127,26,1,''),(128,26,2,''),(129,26,3,''),(130,26,4,''),(131,27,0,''),(132,27,1,''),(133,27,2,''),(134,27,3,''),(135,27,4,''),(136,28,0,''),(137,28,1,''),(138,28,2,''),(139,28,3,''),(140,28,4,''),(141,29,0,''),(142,29,1,''),(143,29,2,''),(144,29,3,''),(145,29,4,''),(146,30,0,''),(147,30,1,''),(148,30,2,''),(149,30,3,''),(150,30,4,''),(151,31,0,''),(152,31,1,''),(153,31,2,''),(154,31,3,''),(155,31,4,''),(156,32,0,''),(157,32,1,''),(158,32,2,''),(159,32,3,''),(160,32,4,''),(161,33,0,''),(162,33,1,''),(163,33,2,''),(164,33,3,''),(165,33,4,''),(166,34,0,''),(167,34,1,''),(168,34,2,''),(169,34,3,''),(170,34,4,''),(171,35,0,''),(172,35,1,''),(173,35,2,''),(174,35,3,''),(175,35,4,''),(176,36,0,''),(177,36,1,''),(178,36,2,''),(179,36,3,''),(180,36,4,''),(181,37,0,''),(182,37,1,''),(183,37,2,''),(184,37,3,''),(185,37,4,''),(186,38,0,''),(187,38,1,''),(188,38,2,''),(189,38,3,''),(190,38,4,''),(191,39,0,''),(192,39,1,''),(193,39,2,''),(194,39,3,''),(195,39,4,''),(196,40,0,''),(197,40,1,''),(198,40,2,''),(199,40,3,''),(200,40,4,''),(201,41,0,''),(202,41,1,''),(203,41,2,''),(204,41,3,''),(205,41,4,''),(206,42,0,''),(207,42,1,''),(208,42,2,''),(209,42,3,''),(210,42,4,''),(211,43,0,''),(212,43,1,''),(213,43,2,''),(214,43,3,''),(215,43,4,''),(216,44,0,''),(217,44,1,''),(218,44,2,''),(219,44,3,''),(220,44,4,''),(221,45,0,''),(222,45,1,''),(223,45,2,''),(224,45,3,''),(225,45,4,''),(226,46,0,''),(227,46,1,''),(228,46,2,''),(229,46,3,''),(230,46,4,''),(231,47,0,''),(232,47,1,''),(233,47,2,''),(234,47,3,''),(235,47,4,''),(236,48,0,''),(237,48,1,''),(238,48,2,''),(239,48,3,''),(240,48,4,''),(241,49,0,''),(242,49,1,''),(243,49,2,''),(244,49,3,''),(245,49,4,''),(246,50,0,''),(247,50,1,''),(248,50,2,''),(249,50,3,''),(250,50,4,''),(251,51,0,''),(252,51,1,''),(253,51,2,''),(254,51,3,''),(255,51,4,''),(256,52,0,''),(257,52,1,''),(258,52,2,''),(259,52,3,''),(260,52,4,''),(261,53,0,''),(262,53,1,''),(263,53,2,''),(264,53,3,''),(265,53,4,''),(266,54,0,''),(267,54,1,''),(268,54,2,''),(269,54,3,''),(270,54,4,''),(271,55,0,''),(272,55,1,''),(273,55,2,''),(274,55,3,''),(275,55,4,''),(276,56,0,''),(277,56,1,''),(278,56,2,''),(279,56,3,''),(280,56,4,''),(281,57,0,''),(282,57,1,''),(283,57,2,''),(284,57,3,''),(285,57,4,''),(286,58,0,''),(287,58,1,''),(288,58,2,''),(289,58,3,''),(290,58,4,''),(291,59,0,''),(292,59,1,''),(293,59,2,''),(294,59,3,''),(295,59,4,''),(296,60,0,''),(297,60,1,''),(298,60,2,''),(299,60,3,''),(300,60,4,''),(301,61,0,''),(302,61,1,''),(303,61,2,''),(304,61,3,''),(305,61,4,''),(306,62,0,''),(307,62,1,''),(308,62,2,''),(309,62,3,''),(310,62,4,''),(311,63,0,''),(312,63,1,''),(313,63,2,''),(314,63,3,''),(315,63,4,''),(316,64,0,''),(317,64,1,''),(318,64,2,''),(319,64,3,''),(320,64,4,''),(321,65,0,''),(322,65,1,''),(323,65,2,''),(324,65,3,''),(325,65,4,''),(326,66,0,''),(327,66,1,''),(328,66,2,''),(329,66,3,''),(330,66,4,''),(331,67,0,''),(332,67,1,''),(333,67,2,''),(334,67,3,''),(335,67,4,''),(336,68,0,''),(337,68,1,''),(338,68,2,''),(339,68,3,''),(340,68,4,''),(341,69,0,''),(342,69,1,''),(343,69,2,''),(344,69,3,''),(345,69,4,''),(346,70,0,''),(347,70,1,''),(348,70,2,''),(349,70,3,''),(350,70,4,''),(351,71,0,''),(352,71,1,''),(353,71,2,''),(354,71,3,''),(355,71,4,''),(356,72,0,''),(357,72,1,''),(358,72,2,''),(359,72,3,''),(360,72,4,''),(361,73,0,''),(362,73,1,''),(363,73,2,''),(364,73,3,''),(365,73,4,''),(366,74,0,''),(367,74,1,''),(368,74,2,''),(369,74,3,''),(370,74,4,''),(371,75,0,''),(372,75,1,''),(373,75,2,''),(374,75,3,''),(375,75,4,''),(376,76,0,''),(377,76,1,''),(378,76,2,''),(379,76,3,''),(380,76,4,''),(381,77,0,''),(382,77,1,''),(383,77,2,''),(384,77,3,''),(385,77,4,''),(386,78,0,''),(387,78,1,''),(388,78,2,''),(389,78,3,''),(390,78,4,''),(391,79,0,''),(392,79,1,''),(393,79,2,''),(394,79,3,''),(395,79,4,''),(396,80,0,''),(397,80,1,''),(398,80,2,''),(399,80,3,''),(400,80,4,''),(401,81,0,''),(402,81,1,''),(403,81,2,''),(404,81,3,''),(405,81,4,''),(406,82,0,''),(407,82,1,''),(408,82,2,''),(409,82,3,''),(410,82,4,''),(411,83,0,''),(412,83,1,''),(413,83,2,''),(414,83,3,''),(415,83,4,''),(416,84,0,''),(417,84,1,''),(418,84,2,''),(419,84,3,''),(420,84,4,''),(421,85,0,''),(422,85,1,''),(423,85,2,''),(424,85,3,''),(425,85,4,''),(426,86,0,''),(427,86,1,''),(428,86,2,''),(429,86,3,''),(430,86,4,''),(431,87,0,''),(432,87,1,''),(433,87,2,''),(434,87,3,''),(435,87,4,''),(436,88,0,''),(437,88,1,''),(438,88,2,''),(439,88,3,''),(440,88,4,''),(441,89,0,''),(442,89,1,''),(443,89,2,''),(444,89,3,''),(445,89,4,''),(446,90,0,''),(447,90,1,''),(448,90,2,''),(449,90,3,''),(450,90,4,''),(451,91,0,''),(452,91,1,''),(453,91,2,''),(454,91,3,''),(455,91,4,''),(456,92,0,''),(457,92,1,''),(458,92,2,''),(459,92,3,''),(460,92,4,''),(461,93,0,''),(462,93,1,''),(463,93,2,''),(464,93,3,''),(465,93,4,''),(466,94,0,''),(467,94,1,''),(468,94,2,''),(469,94,3,''),(470,94,4,''),(471,95,0,''),(472,95,1,''),(473,95,2,''),(474,95,3,''),(475,95,4,''),(476,96,0,''),(477,96,1,''),(478,96,2,''),(479,96,3,''),(480,96,4,''),(481,97,0,''),(482,97,1,''),(483,97,2,''),(484,97,3,''),(485,97,4,''),(486,98,0,''),(487,98,1,''),(488,98,2,''),(489,98,3,''),(490,98,4,''),(491,99,0,''),(492,99,1,''),(493,99,2,''),(494,99,3,''),(495,99,4,''),(496,100,0,''),(497,100,1,''),(498,100,2,''),(499,100,3,''),(500,100,4,''),(501,101,0,''),(502,101,1,''),(503,101,2,''),(504,101,3,''),(505,101,4,''),(506,102,0,''),(507,102,1,''),(508,102,2,''),(509,102,3,''),(510,102,4,''),(511,103,0,''),(512,103,1,''),(513,103,2,''),(514,103,3,''),(515,103,4,''),(516,104,0,''),(517,104,1,''),(518,104,2,''),(519,104,3,''),(520,104,4,''),(521,105,0,''),(522,105,1,''),(523,105,2,''),(524,105,3,''),(525,105,4,''),(526,106,0,''),(527,106,1,''),(528,106,2,''),(529,106,3,''),(530,106,4,''),(531,107,0,''),(532,107,1,''),(533,107,2,''),(534,107,3,''),(535,107,4,''),(536,108,0,''),(537,108,1,''),(538,108,2,''),(539,108,3,''),(540,108,4,''),(541,109,0,''),(542,109,1,''),(543,109,2,''),(544,109,3,''),(545,109,4,''),(546,110,0,''),(547,110,1,''),(548,110,2,''),(549,110,3,''),(550,110,4,''),(551,111,0,''),(552,111,1,''),(553,111,2,''),(554,111,3,''),(555,111,4,''),(556,112,0,''),(557,112,1,''),(558,112,2,''),(559,112,3,''),(560,112,4,''),(561,113,0,''),(562,113,1,''),(563,113,2,''),(564,113,3,''),(565,113,4,''),(566,114,0,''),(567,114,1,''),(568,114,2,''),(569,114,3,''),(570,114,4,''),(571,115,0,''),(572,115,1,''),(573,115,2,''),(574,115,3,''),(575,115,4,''),(576,116,0,''),(577,116,1,''),(578,116,2,''),(579,116,3,''),(580,116,4,''),(581,117,0,''),(582,117,1,''),(583,117,2,''),(584,117,3,''),(585,117,4,''),(586,118,0,''),(587,118,1,''),(588,118,2,''),(589,118,3,''),(590,118,4,''),(591,119,0,''),(592,119,1,''),(593,119,2,''),(594,119,3,''),(595,119,4,''),(596,120,0,''),(597,120,1,''),(598,120,2,''),(599,120,3,''),(600,120,4,''),(601,121,0,''),(602,121,1,''),(603,121,2,''),(604,121,3,''),(605,121,4,''),(606,122,0,''),(607,122,1,''),(608,122,2,''),(609,122,3,''),(610,122,4,''),(611,123,0,''),(612,123,1,''),(613,123,2,''),(614,123,3,''),(615,123,4,''),(616,124,0,''),(617,124,1,''),(618,124,2,''),(619,124,3,''),(620,124,4,''),(621,125,0,''),(622,125,1,''),(623,125,2,''),(624,125,3,''),(625,125,4,''),(626,126,0,''),(627,126,1,''),(628,126,2,''),(629,126,3,''),(630,126,4,''),(631,127,0,''),(632,127,1,''),(633,127,2,''),(634,127,3,''),(635,127,4,''),(636,128,0,''),(637,128,1,''),(638,128,2,''),(639,128,3,''),(640,128,4,''),(641,129,0,''),(642,129,1,''),(643,129,2,''),(644,129,3,''),(645,129,4,''),(646,130,0,''),(647,130,1,''),(648,130,2,''),(649,130,3,''),(650,130,4,''),(651,131,0,''),(652,131,1,''),(653,131,2,''),(654,131,3,''),(655,131,4,''),(656,132,0,''),(657,132,1,''),(658,132,2,''),(659,132,3,''),(660,132,4,''),(661,133,0,''),(662,133,1,''),(663,133,2,''),(664,133,3,''),(665,133,4,''),(666,134,0,''),(667,134,1,''),(668,134,2,''),(669,134,3,''),(670,134,4,''),(671,135,0,''),(672,135,1,''),(673,135,2,''),(674,135,3,''),(675,135,4,''),(676,136,0,''),(677,136,1,''),(678,136,2,''),(679,136,3,''),(680,136,4,''),(681,137,0,''),(682,137,1,''),(683,137,2,''),(684,137,3,''),(685,137,4,''),(686,138,0,''),(687,138,1,''),(688,138,2,''),(689,138,3,''),(690,138,4,''),(691,139,0,''),(692,139,1,''),(693,139,2,''),(694,139,3,''),(695,139,4,''),(696,140,0,''),(697,140,1,''),(698,140,2,''),(699,140,3,''),(700,140,4,''),(701,141,0,''),(702,141,1,''),(703,141,2,''),(704,141,3,''),(705,141,4,''),(706,142,0,''),(707,142,1,''),(708,142,2,''),(709,142,3,''),(710,142,4,''),(711,143,0,''),(712,143,1,''),(713,143,2,''),(714,143,3,''),(715,143,4,''),(716,144,0,''),(717,144,1,''),(718,144,2,''),(719,144,3,''),(720,144,4,''),(721,145,0,''),(722,145,1,''),(723,145,2,''),(724,145,3,''),(725,145,4,''),(726,146,0,''),(727,146,1,''),(728,146,2,''),(729,146,3,''),(730,146,4,''),(731,147,0,''),(732,147,1,''),(733,147,2,''),(734,147,3,''),(735,147,4,''),(736,148,0,''),(737,148,1,''),(738,148,2,''),(739,148,3,''),(740,148,4,''),(741,149,0,''),(742,149,1,''),(743,149,2,''),(744,149,3,''),(745,149,4,''),(746,150,0,''),(747,150,1,''),(748,150,2,''),(749,150,3,''),(750,150,4,''),(751,151,0,''),(752,151,1,''),(753,151,2,''),(754,151,3,''),(755,151,4,''),(756,152,0,''),(757,152,1,''),(758,152,2,''),(759,152,3,''),(760,152,4,''),(761,153,0,''),(762,153,1,''),(763,153,2,''),(764,153,3,''),(765,153,4,''),(766,154,0,''),(767,154,1,''),(768,154,2,''),(769,154,3,''),(770,154,4,''),(771,155,0,''),(772,155,1,''),(773,155,2,''),(774,155,3,''),(775,155,4,''),(776,156,0,''),(777,156,1,''),(778,156,2,''),(779,156,3,''),(780,156,4,''),(781,157,0,''),(782,157,1,''),(783,157,2,''),(784,157,3,''),(785,157,4,''),(786,158,0,''),(787,158,1,''),(788,158,2,''),(789,158,3,''),(790,158,4,''),(791,159,0,''),(792,159,1,''),(793,159,2,''),(794,159,3,''),(795,159,4,''),(796,160,0,''),(797,160,1,''),(798,160,2,''),(799,160,3,''),(800,160,4,''),(801,161,0,''),(802,161,1,''),(803,161,2,''),(804,161,3,''),(805,161,4,''),(806,162,0,''),(807,162,1,''),(808,162,2,''),(809,162,3,''),(810,162,4,''),(811,163,0,''),(812,163,1,''),(813,163,2,''),(814,163,3,''),(815,163,4,''),(816,164,0,''),(817,164,1,''),(818,164,2,''),(819,164,3,''),(820,164,4,''),(821,165,0,''),(822,165,1,''),(823,165,2,''),(824,165,3,''),(825,165,4,''),(826,166,0,''),(827,166,1,''),(828,166,2,''),(829,166,3,''),(830,166,4,''),(831,167,0,''),(832,167,1,''),(833,167,2,''),(834,167,3,''),(835,167,4,''),(836,168,0,''),(837,168,1,''),(838,168,2,''),(839,168,3,''),(840,168,4,''),(841,169,0,''),(842,169,1,''),(843,169,2,''),(844,169,3,''),(845,169,4,''),(846,170,0,''),(847,170,1,''),(848,170,2,''),(849,170,3,''),(850,170,4,''),(851,171,0,''),(852,171,1,''),(853,171,2,''),(854,171,3,''),(855,171,4,''),(856,172,0,''),(857,172,1,''),(858,172,2,''),(859,172,3,''),(860,172,4,''),(861,173,0,''),(862,173,1,''),(863,173,2,''),(864,173,3,''),(865,173,4,''),(866,174,0,''),(867,174,1,''),(868,174,2,''),(869,174,3,''),(870,174,4,''),(871,175,0,''),(872,175,1,''),(873,175,2,''),(874,175,3,''),(875,175,4,''),(876,176,0,''),(877,176,1,''),(878,176,2,''),(879,176,3,''),(880,176,4,''),(881,177,0,''),(882,177,1,''),(883,177,2,''),(884,177,3,''),(885,177,4,''),(886,178,0,''),(887,178,1,''),(888,178,2,''),(889,178,3,''),(890,178,4,''),(891,179,0,''),(892,179,1,''),(893,179,2,''),(894,179,3,''),(895,179,4,''),(896,180,0,''),(897,180,1,''),(898,180,2,''),(899,180,3,''),(900,180,4,''),(901,181,0,''),(902,181,1,''),(903,181,2,''),(904,181,3,''),(905,181,4,''),(906,182,0,''),(907,182,1,''),(908,182,2,''),(909,182,3,''),(910,182,4,''),(911,183,0,''),(912,183,1,''),(913,183,2,''),(914,183,3,''),(915,183,4,''),(916,184,0,''),(917,184,1,''),(918,184,2,''),(919,184,3,''),(920,184,4,'');
/*!40000 ALTER TABLE `houses_friends` ENABLE KEYS */;
UNLOCK TABLES;

--
-- Table structure for table `houses_garages`
--

DROP TABLE IF EXISTS `houses_garages`;
/*!40101 SET @saved_cs_client     = @@character_set_client */;
/*!50503 SET character_set_client = utf8mb4 */;
CREATE TABLE `houses_garages` (
  `ID` int NOT NULL AUTO_INCREMENT,
  `house_id` int NOT NULL DEFAULT '0',
  `garage_id` int NOT NULL DEFAULT '-1',
  `Xg` float NOT NULL DEFAULT '0',
  `Yg` float NOT NULL DEFAULT '0',
  `Zg` float NOT NULL DEFAULT '0',
  `ZZg` float NOT NULL DEFAULT '0',
  `XgIn` float NOT NULL DEFAULT '0',
  `YgIn` float NOT NULL DEFAULT '0',
  `ZgIn` float NOT NULL DEFAULT '0',
  `ZZgIn` float NOT NULL DEFAULT '0',
  `XgOut` float NOT NULL DEFAULT '0',
  `YgOut` float NOT NULL DEFAULT '0',
  `ZgOut` float NOT NULL DEFAULT '0',
  `ZZgOut` float NOT NULL DEFAULT '0',
  `LockIn` int NOT NULL DEFAULT '0',
  `LockOut` int NOT NULL DEFAULT '0',
  `TypeGarageE` int NOT NULL DEFAULT '0',
  `World` int NOT NULL DEFAULT '0',
  PRIMARY KEY (`ID`),
  KEY `INDEX` (`house_id`,`garage_id`) USING BTREE,
  CONSTRAINT `houses_garages_ibfk_1` FOREIGN KEY (`house_id`) REFERENCES `houses` (`ID`)
) ENGINE=InnoDB AUTO_INCREMENT=921 DEFAULT CHARSET=utf8mb4 COLLATE=utf8mb4_unicode_ci;
/*!40101 SET character_set_client = @saved_cs_client */;

--
-- Dumping data for table `houses_garages`
--

LOCK TABLES `houses_garages` WRITE;
/*!40000 ALTER TABLE `houses_garages` DISABLE KEYS */;
INSERT INTO `houses_garages` VALUES (1,1,0,0,0,0,0,0,0,0,0,0,0,0,0,1,1,0,0),(2,1,1,0,0,0,0,0,0,0,0,0,0,0,0,0,0,0,0),(3,1,2,0,0,0,0,0,0,0,0,0,0,0,0,0,0,0,0),(4,1,3,0,0,0,0,0,0,0,0,0,0,0,0,0,0,0,0),(5,1,4,0,0,0,0,0,0,0,0,0,0,0,0,0,0,0,0),(6,2,0,0,0,0,0,0,0,0,0,0,0,0,0,0,0,0,0),(7,2,1,0,0,0,0,0,0,0,0,0,0,0,0,0,0,0,0),(8,2,2,0,0,0,0,0,0,0,0,0,0,0,0,0,0,0,0),(9,2,3,0,0,0,0,0,0,0,0,0,0,0,0,0,0,0,0),(10,2,4,0,0,0,0,0,0,0,0,0,0,0,0,0,0,0,0),(11,3,0,0,0,0,0,0,0,0,0,0,0,0,0,0,0,0,0),(12,3,1,0,0,0,0,0,0,0,0,0,0,0,0,0,0,0,0),(13,3,2,0,0,0,0,0,0,0,0,0,0,0,0,0,0,0,0),(14,3,3,0,0,0,0,0,0,0,0,0,0,0,0,0,0,0,0),(15,3,4,0,0,0,0,0,0,0,0,0,0,0,0,0,0,0,0),(16,4,0,0,0,0,0,0,0,0,0,0,0,0,0,0,0,0,0),(17,4,1,0,0,0,0,0,0,0,0,0,0,0,0,0,0,0,0),(18,4,2,0,0,0,0,0,0,0,0,0,0,0,0,0,0,0,0),(19,4,3,0,0,0,0,0,0,0,0,0,0,0,0,0,0,0,0),(20,4,4,0,0,0,0,0,0,0,0,0,0,0,0,0,0,0,0),(21,5,0,0,0,0,0,0,0,0,0,0,0,0,0,0,0,0,0),(22,5,1,0,0,0,0,0,0,0,0,0,0,0,0,0,0,0,0),(23,5,2,0,0,0,0,0,0,0,0,0,0,0,0,0,0,0,0),(24,5,3,0,0,0,0,0,0,0,0,0,0,0,0,0,0,0,0),(25,5,4,0,0,0,0,0,0,0,0,0,0,0,0,0,0,0,0),(26,6,0,0,0,0,0,0,0,0,0,0,0,0,0,0,0,0,0),(27,6,1,0,0,0,0,0,0,0,0,0,0,0,0,0,0,0,0),(28,6,2,0,0,0,0,0,0,0,0,0,0,0,0,0,0,0,0),(29,6,3,0,0,0,0,0,0,0,0,0,0,0,0,0,0,0,0),(30,6,4,0,0,0,0,0,0,0,0,0,0,0,0,0,0,0,0),(31,7,0,0,0,0,0,0,0,0,0,0,0,0,0,0,0,0,0),(32,7,1,0,0,0,0,0,0,0,0,0,0,0,0,0,0,0,0),(33,7,2,0,0,0,0,0,0,0,0,0,0,0,0,0,0,0,0),(34,7,3,0,0,0,0,0,0,0,0,0,0,0,0,0,0,0,0),(35,7,4,0,0,0,0,0,0,0,0,0,0,0,0,0,0,0,0),(36,8,0,0,0,0,0,0,0,0,0,0,0,0,0,0,0,0,0),(37,8,1,0,0,0,0,0,0,0,0,0,0,0,0,0,0,0,0),(38,8,2,0,0,0,0,0,0,0,0,0,0,0,0,0,0,0,0),(39,8,3,0,0,0,0,0,0,0,0,0,0,0,0,0,0,0,0),(40,8,4,0,0,0,0,0,0,0,0,0,0,0,0,0,0,0,0),(41,9,0,0,0,0,0,0,0,0,0,0,0,0,0,0,0,0,0),(42,9,1,0,0,0,0,0,0,0,0,0,0,0,0,0,0,0,0),(43,9,2,0,0,0,0,0,0,0,0,0,0,0,0,0,0,0,0),(44,9,3,0,0,0,0,0,0,0,0,0,0,0,0,0,0,0,0),(45,9,4,0,0,0,0,0,0,0,0,0,0,0,0,0,0,0,0),(46,10,0,0,0,0,0,0,0,0,0,0,0,0,0,0,0,0,0),(47,10,1,0,0,0,0,0,0,0,0,0,0,0,0,0,0,0,0),(48,10,2,0,0,0,0,0,0,0,0,0,0,0,0,0,0,0,0),(49,10,3,0,0,0,0,0,0,0,0,0,0,0,0,0,0,0,0),(50,10,4,0,0,0,0,0,0,0,0,0,0,0,0,0,0,0,0),(51,11,0,0,0,0,0,0,0,0,0,0,0,0,0,0,0,0,0),(52,11,1,0,0,0,0,0,0,0,0,0,0,0,0,0,0,0,0),(53,11,2,0,0,0,0,0,0,0,0,0,0,0,0,0,0,0,0),(54,11,3,0,0,0,0,0,0,0,0,0,0,0,0,0,0,0,0),(55,11,4,0,0,0,0,0,0,0,0,0,0,0,0,0,0,0,0),(56,12,0,0,0,0,0,0,0,0,0,0,0,0,0,0,0,0,0),(57,12,1,0,0,0,0,0,0,0,0,0,0,0,0,0,0,0,0),(58,12,2,0,0,0,0,0,0,0,0,0,0,0,0,0,0,0,0),(59,12,3,0,0,0,0,0,0,0,0,0,0,0,0,0,0,0,0),(60,12,4,0,0,0,0,0,0,0,0,0,0,0,0,0,0,0,0),(61,13,0,0,0,0,0,0,0,0,0,0,0,0,0,0,0,0,0),(62,13,1,0,0,0,0,0,0,0,0,0,0,0,0,0,0,0,0),(63,13,2,0,0,0,0,0,0,0,0,0,0,0,0,0,0,0,0),(64,13,3,0,0,0,0,0,0,0,0,0,0,0,0,0,0,0,0),(65,13,4,0,0,0,0,0,0,0,0,0,0,0,0,0,0,0,0),(66,14,0,0,0,0,0,0,0,0,0,0,0,0,0,0,0,0,0),(67,14,1,0,0,0,0,0,0,0,0,0,0,0,0,0,0,0,0),(68,14,2,0,0,0,0,0,0,0,0,0,0,0,0,0,0,0,0),(69,14,3,0,0,0,0,0,0,0,0,0,0,0,0,0,0,0,0),(70,14,4,0,0,0,0,0,0,0,0,0,0,0,0,0,0,0,0),(71,15,0,0,0,0,0,0,0,0,0,0,0,0,0,0,0,0,0),(72,15,1,0,0,0,0,0,0,0,0,0,0,0,0,0,0,0,0),(73,15,2,0,0,0,0,0,0,0,0,0,0,0,0,0,0,0,0),(74,15,3,0,0,0,0,0,0,0,0,0,0,0,0,0,0,0,0),(75,15,4,0,0,0,0,0,0,0,0,0,0,0,0,0,0,0,0),(76,16,0,0,0,0,0,0,0,0,0,0,0,0,0,0,0,0,0),(77,16,1,0,0,0,0,0,0,0,0,0,0,0,0,0,0,0,0),(78,16,2,0,0,0,0,0,0,0,0,0,0,0,0,0,0,0,0),(79,16,3,0,0,0,0,0,0,0,0,0,0,0,0,0,0,0,0),(80,16,4,0,0,0,0,0,0,0,0,0,0,0,0,0,0,0,0),(81,17,0,0,0,0,0,0,0,0,0,0,0,0,0,0,0,0,0),(82,17,1,0,0,0,0,0,0,0,0,0,0,0,0,0,0,0,0),(83,17,2,0,0,0,0,0,0,0,0,0,0,0,0,0,0,0,0),(84,17,3,0,0,0,0,0,0,0,0,0,0,0,0,0,0,0,0),(85,17,4,0,0,0,0,0,0,0,0,0,0,0,0,0,0,0,0),(86,18,0,0,0,0,0,0,0,0,0,0,0,0,0,0,0,0,0),(87,18,1,0,0,0,0,0,0,0,0,0,0,0,0,0,0,0,0),(88,18,2,0,0,0,0,0,0,0,0,0,0,0,0,0,0,0,0),(89,18,3,0,0,0,0,0,0,0,0,0,0,0,0,0,0,0,0),(90,18,4,0,0,0,0,0,0,0,0,0,0,0,0,0,0,0,0),(91,19,0,0,0,0,0,0,0,0,0,0,0,0,0,0,0,0,0),(92,19,1,0,0,0,0,0,0,0,0,0,0,0,0,0,0,0,0),(93,19,2,0,0,0,0,0,0,0,0,0,0,0,0,0,0,0,0),(94,19,3,0,0,0,0,0,0,0,0,0,0,0,0,0,0,0,0),(95,19,4,0,0,0,0,0,0,0,0,0,0,0,0,0,0,0,0),(96,20,0,0,0,0,0,0,0,0,0,0,0,0,0,0,0,0,0),(97,20,1,0,0,0,0,0,0,0,0,0,0,0,0,0,0,0,0),(98,20,2,0,0,0,0,0,0,0,0,0,0,0,0,0,0,0,0),(99,20,3,0,0,0,0,0,0,0,0,0,0,0,0,0,0,0,0),(100,20,4,0,0,0,0,0,0,0,0,0,0,0,0,0,0,0,0),(101,21,0,0,0,0,0,0,0,0,0,0,0,0,0,0,0,0,0),(102,21,1,0,0,0,0,0,0,0,0,0,0,0,0,0,0,0,0),(103,21,2,0,0,0,0,0,0,0,0,0,0,0,0,0,0,0,0),(104,21,3,0,0,0,0,0,0,0,0,0,0,0,0,0,0,0,0),(105,21,4,0,0,0,0,0,0,0,0,0,0,0,0,0,0,0,0),(106,22,0,0,0,0,0,0,0,0,0,0,0,0,0,0,0,0,0),(107,22,1,0,0,0,0,0,0,0,0,0,0,0,0,0,0,0,0),(108,22,2,0,0,0,0,0,0,0,0,0,0,0,0,0,0,0,0),(109,22,3,0,0,0,0,0,0,0,0,0,0,0,0,0,0,0,0),(110,22,4,0,0,0,0,0,0,0,0,0,0,0,0,0,0,0,0),(111,23,0,0,0,0,0,0,0,0,0,0,0,0,0,0,0,0,0),(112,23,1,0,0,0,0,0,0,0,0,0,0,0,0,0,0,0,0),(113,23,2,0,0,0,0,0,0,0,0,0,0,0,0,0,0,0,0),(114,23,3,0,0,0,0,0,0,0,0,0,0,0,0,0,0,0,0),(115,23,4,0,0,0,0,0,0,0,0,0,0,0,0,0,0,0,0),(116,24,0,0,0,0,0,0,0,0,0,0,0,0,0,0,0,0,0),(117,24,1,0,0,0,0,0,0,0,0,0,0,0,0,0,0,0,0),(118,24,2,0,0,0,0,0,0,0,0,0,0,0,0,0,0,0,0),(119,24,3,0,0,0,0,0,0,0,0,0,0,0,0,0,0,0,0),(120,24,4,0,0,0,0,0,0,0,0,0,0,0,0,0,0,0,0),(121,25,0,0,0,0,0,0,0,0,0,0,0,0,0,0,0,0,0),(122,25,1,0,0,0,0,0,0,0,0,0,0,0,0,0,0,0,0),(123,25,2,0,0,0,0,0,0,0,0,0,0,0,0,0,0,0,0),(124,25,3,0,0,0,0,0,0,0,0,0,0,0,0,0,0,0,0),(125,25,4,0,0,0,0,0,0,0,0,0,0,0,0,0,0,0,0),(126,26,0,0,0,0,0,0,0,0,0,0,0,0,0,0,0,0,0),(127,26,1,0,0,0,0,0,0,0,0,0,0,0,0,0,0,0,0),(128,26,2,0,0,0,0,0,0,0,0,0,0,0,0,0,0,0,0),(129,26,3,0,0,0,0,0,0,0,0,0,0,0,0,0,0,0,0),(130,26,4,0,0,0,0,0,0,0,0,0,0,0,0,0,0,0,0),(131,27,0,0,0,0,0,0,0,0,0,0,0,0,0,0,0,0,0),(132,27,1,0,0,0,0,0,0,0,0,0,0,0,0,0,0,0,0),(133,27,2,0,0,0,0,0,0,0,0,0,0,0,0,0,0,0,0),(134,27,3,0,0,0,0,0,0,0,0,0,0,0,0,0,0,0,0),(135,27,4,0,0,0,0,0,0,0,0,0,0,0,0,0,0,0,0),(136,28,0,0,0,0,0,0,0,0,0,0,0,0,0,0,0,0,0),(137,28,1,0,0,0,0,0,0,0,0,0,0,0,0,0,0,0,0),(138,28,2,0,0,0,0,0,0,0,0,0,0,0,0,0,0,0,0),(139,28,3,0,0,0,0,0,0,0,0,0,0,0,0,0,0,0,0),(140,28,4,0,0,0,0,0,0,0,0,0,0,0,0,0,0,0,0),(141,29,0,0,0,0,0,0,0,0,0,0,0,0,0,0,0,0,0),(142,29,1,0,0,0,0,0,0,0,0,0,0,0,0,0,0,0,0),(143,29,2,0,0,0,0,0,0,0,0,0,0,0,0,0,0,0,0),(144,29,3,0,0,0,0,0,0,0,0,0,0,0,0,0,0,0,0),(145,29,4,0,0,0,0,0,0,0,0,0,0,0,0,0,0,0,0),(146,30,0,0,0,0,0,0,0,0,0,0,0,0,0,0,0,0,0),(147,30,1,0,0,0,0,0,0,0,0,0,0,0,0,0,0,0,0),(148,30,2,0,0,0,0,0,0,0,0,0,0,0,0,0,0,0,0),(149,30,3,0,0,0,0,0,0,0,0,0,0,0,0,0,0,0,0),(150,30,4,0,0,0,0,0,0,0,0,0,0,0,0,0,0,0,0),(151,31,0,0,0,0,0,0,0,0,0,0,0,0,0,0,0,0,0),(152,31,1,0,0,0,0,0,0,0,0,0,0,0,0,0,0,0,0),(153,31,2,0,0,0,0,0,0,0,0,0,0,0,0,0,0,0,0),(154,31,3,0,0,0,0,0,0,0,0,0,0,0,0,0,0,0,0),(155,31,4,0,0,0,0,0,0,0,0,0,0,0,0,0,0,0,0),(156,32,0,0,0,0,0,0,0,0,0,0,0,0,0,0,0,0,0),(157,32,1,0,0,0,0,0,0,0,0,0,0,0,0,0,0,0,0),(158,32,2,0,0,0,0,0,0,0,0,0,0,0,0,0,0,0,0),(159,32,3,0,0,0,0,0,0,0,0,0,0,0,0,0,0,0,0),(160,32,4,0,0,0,0,0,0,0,0,0,0,0,0,0,0,0,0),(161,33,0,0,0,0,0,0,0,0,0,0,0,0,0,0,0,0,0),(162,33,1,0,0,0,0,0,0,0,0,0,0,0,0,0,0,0,0),(163,33,2,0,0,0,0,0,0,0,0,0,0,0,0,0,0,0,0),(164,33,3,0,0,0,0,0,0,0,0,0,0,0,0,0,0,0,0),(165,33,4,0,0,0,0,0,0,0,0,0,0,0,0,0,0,0,0),(166,34,0,0,0,0,0,0,0,0,0,0,0,0,0,0,0,0,0),(167,34,1,0,0,0,0,0,0,0,0,0,0,0,0,0,0,0,0),(168,34,2,0,0,0,0,0,0,0,0,0,0,0,0,0,0,0,0),(169,34,3,0,0,0,0,0,0,0,0,0,0,0,0,0,0,0,0),(170,34,4,0,0,0,0,0,0,0,0,0,0,0,0,0,0,0,0),(171,35,0,0,0,0,0,0,0,0,0,0,0,0,0,0,0,0,0),(172,35,1,0,0,0,0,0,0,0,0,0,0,0,0,0,0,0,0),(173,35,2,0,0,0,0,0,0,0,0,0,0,0,0,0,0,0,0),(174,35,3,0,0,0,0,0,0,0,0,0,0,0,0,0,0,0,0),(175,35,4,0,0,0,0,0,0,0,0,0,0,0,0,0,0,0,0),(176,36,0,0,0,0,0,0,0,0,0,0,0,0,0,0,0,0,0),(177,36,1,0,0,0,0,0,0,0,0,0,0,0,0,0,0,0,0),(178,36,2,0,0,0,0,0,0,0,0,0,0,0,0,0,0,0,0),(179,36,3,0,0,0,0,0,0,0,0,0,0,0,0,0,0,0,0),(180,36,4,0,0,0,0,0,0,0,0,0,0,0,0,0,0,0,0),(181,37,0,0,0,0,0,0,0,0,0,0,0,0,0,0,0,0,0),(182,37,1,0,0,0,0,0,0,0,0,0,0,0,0,0,0,0,0),(183,37,2,0,0,0,0,0,0,0,0,0,0,0,0,0,0,0,0),(184,37,3,0,0,0,0,0,0,0,0,0,0,0,0,0,0,0,0),(185,37,4,0,0,0,0,0,0,0,0,0,0,0,0,0,0,0,0),(186,38,0,0,0,0,0,0,0,0,0,0,0,0,0,0,0,0,0),(187,38,1,0,0,0,0,0,0,0,0,0,0,0,0,0,0,0,0),(188,38,2,0,0,0,0,0,0,0,0,0,0,0,0,0,0,0,0),(189,38,3,0,0,0,0,0,0,0,0,0,0,0,0,0,0,0,0),(190,38,4,0,0,0,0,0,0,0,0,0,0,0,0,0,0,0,0),(191,39,0,0,0,0,0,0,0,0,0,0,0,0,0,0,0,0,0),(192,39,1,0,0,0,0,0,0,0,0,0,0,0,0,0,0,0,0),(193,39,2,0,0,0,0,0,0,0,0,0,0,0,0,0,0,0,0),(194,39,3,0,0,0,0,0,0,0,0,0,0,0,0,0,0,0,0),(195,39,4,0,0,0,0,0,0,0,0,0,0,0,0,0,0,0,0),(196,40,0,0,0,0,0,0,0,0,0,0,0,0,0,0,0,0,0),(197,40,1,0,0,0,0,0,0,0,0,0,0,0,0,0,0,0,0),(198,40,2,0,0,0,0,0,0,0,0,0,0,0,0,0,0,0,0),(199,40,3,0,0,0,0,0,0,0,0,0,0,0,0,0,0,0,0),(200,40,4,0,0,0,0,0,0,0,0,0,0,0,0,0,0,0,0),(201,41,0,0,0,0,0,0,0,0,0,0,0,0,0,0,0,0,0),(202,41,1,0,0,0,0,0,0,0,0,0,0,0,0,0,0,0,0),(203,41,2,0,0,0,0,0,0,0,0,0,0,0,0,0,0,0,0),(204,41,3,0,0,0,0,0,0,0,0,0,0,0,0,0,0,0,0),(205,41,4,0,0,0,0,0,0,0,0,0,0,0,0,0,0,0,0),(206,42,0,0,0,0,0,0,0,0,0,0,0,0,0,0,0,0,0),(207,42,1,0,0,0,0,0,0,0,0,0,0,0,0,0,0,0,0),(208,42,2,0,0,0,0,0,0,0,0,0,0,0,0,0,0,0,0),(209,42,3,0,0,0,0,0,0,0,0,0,0,0,0,0,0,0,0),(210,42,4,0,0,0,0,0,0,0,0,0,0,0,0,0,0,0,0),(211,43,0,0,0,0,0,0,0,0,0,0,0,0,0,0,0,0,0),(212,43,1,0,0,0,0,0,0,0,0,0,0,0,0,0,0,0,0),(213,43,2,0,0,0,0,0,0,0,0,0,0,0,0,0,0,0,0),(214,43,3,0,0,0,0,0,0,0,0,0,0,0,0,0,0,0,0),(215,43,4,0,0,0,0,0,0,0,0,0,0,0,0,0,0,0,0),(216,44,0,0,0,0,0,0,0,0,0,0,0,0,0,0,0,0,0),(217,44,1,0,0,0,0,0,0,0,0,0,0,0,0,0,0,0,0),(218,44,2,0,0,0,0,0,0,0,0,0,0,0,0,0,0,0,0),(219,44,3,0,0,0,0,0,0,0,0,0,0,0,0,0,0,0,0),(220,44,4,0,0,0,0,0,0,0,0,0,0,0,0,0,0,0,0),(221,45,0,0,0,0,0,0,0,0,0,0,0,0,0,0,0,0,0),(222,45,1,0,0,0,0,0,0,0,0,0,0,0,0,0,0,0,0),(223,45,2,0,0,0,0,0,0,0,0,0,0,0,0,0,0,0,0),(224,45,3,0,0,0,0,0,0,0,0,0,0,0,0,0,0,0,0),(225,45,4,0,0,0,0,0,0,0,0,0,0,0,0,0,0,0,0),(226,46,0,0,0,0,0,0,0,0,0,0,0,0,0,0,0,0,0),(227,46,1,0,0,0,0,0,0,0,0,0,0,0,0,0,0,0,0),(228,46,2,0,0,0,0,0,0,0,0,0,0,0,0,0,0,0,0),(229,46,3,0,0,0,0,0,0,0,0,0,0,0,0,0,0,0,0),(230,46,4,0,0,0,0,0,0,0,0,0,0,0,0,0,0,0,0),(231,47,0,0,0,0,0,0,0,0,0,0,0,0,0,0,0,0,0),(232,47,1,0,0,0,0,0,0,0,0,0,0,0,0,0,0,0,0),(233,47,2,0,0,0,0,0,0,0,0,0,0,0,0,0,0,0,0),(234,47,3,0,0,0,0,0,0,0,0,0,0,0,0,0,0,0,0),(235,47,4,0,0,0,0,0,0,0,0,0,0,0,0,0,0,0,0),(236,48,0,0,0,0,0,0,0,0,0,0,0,0,0,0,0,0,0),(237,48,1,0,0,0,0,0,0,0,0,0,0,0,0,0,0,0,0),(238,48,2,0,0,0,0,0,0,0,0,0,0,0,0,0,0,0,0),(239,48,3,0,0,0,0,0,0,0,0,0,0,0,0,0,0,0,0),(240,48,4,0,0,0,0,0,0,0,0,0,0,0,0,0,0,0,0),(241,49,0,0,0,0,0,0,0,0,0,0,0,0,0,0,0,0,0),(242,49,1,0,0,0,0,0,0,0,0,0,0,0,0,0,0,0,0),(243,49,2,0,0,0,0,0,0,0,0,0,0,0,0,0,0,0,0),(244,49,3,0,0,0,0,0,0,0,0,0,0,0,0,0,0,0,0),(245,49,4,0,0,0,0,0,0,0,0,0,0,0,0,0,0,0,0),(246,50,0,0,0,0,0,0,0,0,0,0,0,0,0,0,0,0,0),(247,50,1,0,0,0,0,0,0,0,0,0,0,0,0,0,0,0,0),(248,50,2,0,0,0,0,0,0,0,0,0,0,0,0,0,0,0,0),(249,50,3,0,0,0,0,0,0,0,0,0,0,0,0,0,0,0,0),(250,50,4,0,0,0,0,0,0,0,0,0,0,0,0,0,0,0,0),(251,51,0,0,0,0,0,0,0,0,0,0,0,0,0,0,0,0,0),(252,51,1,0,0,0,0,0,0,0,0,0,0,0,0,0,0,0,0),(253,51,2,0,0,0,0,0,0,0,0,0,0,0,0,0,0,0,0),(254,51,3,0,0,0,0,0,0,0,0,0,0,0,0,0,0,0,0),(255,51,4,0,0,0,0,0,0,0,0,0,0,0,0,0,0,0,0),(256,52,0,0,0,0,0,0,0,0,0,0,0,0,0,0,0,0,0),(257,52,1,0,0,0,0,0,0,0,0,0,0,0,0,0,0,0,0),(258,52,2,0,0,0,0,0,0,0,0,0,0,0,0,0,0,0,0),(259,52,3,0,0,0,0,0,0,0,0,0,0,0,0,0,0,0,0),(260,52,4,0,0,0,0,0,0,0,0,0,0,0,0,0,0,0,0),(261,53,0,0,0,0,0,0,0,0,0,0,0,0,0,0,0,0,0),(262,53,1,0,0,0,0,0,0,0,0,0,0,0,0,0,0,0,0),(263,53,2,0,0,0,0,0,0,0,0,0,0,0,0,0,0,0,0),(264,53,3,0,0,0,0,0,0,0,0,0,0,0,0,0,0,0,0),(265,53,4,0,0,0,0,0,0,0,0,0,0,0,0,0,0,0,0),(266,54,0,0,0,0,0,0,0,0,0,0,0,0,0,0,0,0,0),(267,54,1,0,0,0,0,0,0,0,0,0,0,0,0,0,0,0,0),(268,54,2,0,0,0,0,0,0,0,0,0,0,0,0,0,0,0,0),(269,54,3,0,0,0,0,0,0,0,0,0,0,0,0,0,0,0,0),(270,54,4,0,0,0,0,0,0,0,0,0,0,0,0,0,0,0,0),(271,55,0,0,0,0,0,0,0,0,0,0,0,0,0,0,0,0,0),(272,55,1,0,0,0,0,0,0,0,0,0,0,0,0,0,0,0,0),(273,55,2,0,0,0,0,0,0,0,0,0,0,0,0,0,0,0,0),(274,55,3,0,0,0,0,0,0,0,0,0,0,0,0,0,0,0,0),(275,55,4,0,0,0,0,0,0,0,0,0,0,0,0,0,0,0,0),(276,56,0,0,0,0,0,0,0,0,0,0,0,0,0,0,0,0,0),(277,56,1,0,0,0,0,0,0,0,0,0,0,0,0,0,0,0,0),(278,56,2,0,0,0,0,0,0,0,0,0,0,0,0,0,0,0,0),(279,56,3,0,0,0,0,0,0,0,0,0,0,0,0,0,0,0,0),(280,56,4,0,0,0,0,0,0,0,0,0,0,0,0,0,0,0,0),(281,57,0,0,0,0,0,0,0,0,0,0,0,0,0,0,0,0,0),(282,57,1,0,0,0,0,0,0,0,0,0,0,0,0,0,0,0,0),(283,57,2,0,0,0,0,0,0,0,0,0,0,0,0,0,0,0,0),(284,57,3,0,0,0,0,0,0,0,0,0,0,0,0,0,0,0,0),(285,57,4,0,0,0,0,0,0,0,0,0,0,0,0,0,0,0,0),(286,58,0,0,0,0,0,0,0,0,0,0,0,0,0,0,0,0,0),(287,58,1,0,0,0,0,0,0,0,0,0,0,0,0,0,0,0,0),(288,58,2,0,0,0,0,0,0,0,0,0,0,0,0,0,0,0,0),(289,58,3,0,0,0,0,0,0,0,0,0,0,0,0,0,0,0,0),(290,58,4,0,0,0,0,0,0,0,0,0,0,0,0,0,0,0,0),(291,59,0,0,0,0,0,0,0,0,0,0,0,0,0,0,0,0,0),(292,59,1,0,0,0,0,0,0,0,0,0,0,0,0,0,0,0,0),(293,59,2,0,0,0,0,0,0,0,0,0,0,0,0,0,0,0,0),(294,59,3,0,0,0,0,0,0,0,0,0,0,0,0,0,0,0,0),(295,59,4,0,0,0,0,0,0,0,0,0,0,0,0,0,0,0,0),(296,60,0,0,0,0,0,0,0,0,0,0,0,0,0,0,0,0,0),(297,60,1,0,0,0,0,0,0,0,0,0,0,0,0,0,0,0,0),(298,60,2,0,0,0,0,0,0,0,0,0,0,0,0,0,0,0,0),(299,60,3,0,0,0,0,0,0,0,0,0,0,0,0,0,0,0,0),(300,60,4,0,0,0,0,0,0,0,0,0,0,0,0,0,0,0,0),(301,61,0,0,0,0,0,0,0,0,0,0,0,0,0,0,0,0,0),(302,61,1,0,0,0,0,0,0,0,0,0,0,0,0,0,0,0,0),(303,61,2,0,0,0,0,0,0,0,0,0,0,0,0,0,0,0,0),(304,61,3,0,0,0,0,0,0,0,0,0,0,0,0,0,0,0,0),(305,61,4,0,0,0,0,0,0,0,0,0,0,0,0,0,0,0,0),(306,62,0,0,0,0,0,0,0,0,0,0,0,0,0,0,0,0,0),(307,62,1,0,0,0,0,0,0,0,0,0,0,0,0,0,0,0,0),(308,62,2,0,0,0,0,0,0,0,0,0,0,0,0,0,0,0,0),(309,62,3,0,0,0,0,0,0,0,0,0,0,0,0,0,0,0,0),(310,62,4,0,0,0,0,0,0,0,0,0,0,0,0,0,0,0,0),(311,63,0,0,0,0,0,0,0,0,0,0,0,0,0,0,0,0,0),(312,63,1,0,0,0,0,0,0,0,0,0,0,0,0,0,0,0,0),(313,63,2,0,0,0,0,0,0,0,0,0,0,0,0,0,0,0,0),(314,63,3,0,0,0,0,0,0,0,0,0,0,0,0,0,0,0,0),(315,63,4,0,0,0,0,0,0,0,0,0,0,0,0,0,0,0,0),(316,64,0,0,0,0,0,0,0,0,0,0,0,0,0,0,0,0,0),(317,64,1,0,0,0,0,0,0,0,0,0,0,0,0,0,0,0,0),(318,64,2,0,0,0,0,0,0,0,0,0,0,0,0,0,0,0,0),(319,64,3,0,0,0,0,0,0,0,0,0,0,0,0,0,0,0,0),(320,64,4,0,0,0,0,0,0,0,0,0,0,0,0,0,0,0,0),(321,65,0,0,0,0,0,0,0,0,0,0,0,0,0,0,0,0,0),(322,65,1,0,0,0,0,0,0,0,0,0,0,0,0,0,0,0,0),(323,65,2,0,0,0,0,0,0,0,0,0,0,0,0,0,0,0,0),(324,65,3,0,0,0,0,0,0,0,0,0,0,0,0,0,0,0,0),(325,65,4,0,0,0,0,0,0,0,0,0,0,0,0,0,0,0,0),(326,66,0,0,0,0,0,0,0,0,0,0,0,0,0,0,0,0,0),(327,66,1,0,0,0,0,0,0,0,0,0,0,0,0,0,0,0,0),(328,66,2,0,0,0,0,0,0,0,0,0,0,0,0,0,0,0,0),(329,66,3,0,0,0,0,0,0,0,0,0,0,0,0,0,0,0,0),(330,66,4,0,0,0,0,0,0,0,0,0,0,0,0,0,0,0,0),(331,67,0,0,0,0,0,0,0,0,0,0,0,0,0,0,0,0,0),(332,67,1,0,0,0,0,0,0,0,0,0,0,0,0,0,0,0,0),(333,67,2,0,0,0,0,0,0,0,0,0,0,0,0,0,0,0,0),(334,67,3,0,0,0,0,0,0,0,0,0,0,0,0,0,0,0,0),(335,67,4,0,0,0,0,0,0,0,0,0,0,0,0,0,0,0,0),(336,68,0,0,0,0,0,0,0,0,0,0,0,0,0,0,0,0,0),(337,68,1,0,0,0,0,0,0,0,0,0,0,0,0,0,0,0,0),(338,68,2,0,0,0,0,0,0,0,0,0,0,0,0,0,0,0,0),(339,68,3,0,0,0,0,0,0,0,0,0,0,0,0,0,0,0,0),(340,68,4,0,0,0,0,0,0,0,0,0,0,0,0,0,0,0,0),(341,69,0,0,0,0,0,0,0,0,0,0,0,0,0,0,0,0,0),(342,69,1,0,0,0,0,0,0,0,0,0,0,0,0,0,0,0,0),(343,69,2,0,0,0,0,0,0,0,0,0,0,0,0,0,0,0,0),(344,69,3,0,0,0,0,0,0,0,0,0,0,0,0,0,0,0,0),(345,69,4,0,0,0,0,0,0,0,0,0,0,0,0,0,0,0,0),(346,70,0,0,0,0,0,0,0,0,0,0,0,0,0,0,0,0,0),(347,70,1,0,0,0,0,0,0,0,0,0,0,0,0,0,0,0,0),(348,70,2,0,0,0,0,0,0,0,0,0,0,0,0,0,0,0,0),(349,70,3,0,0,0,0,0,0,0,0,0,0,0,0,0,0,0,0),(350,70,4,0,0,0,0,0,0,0,0,0,0,0,0,0,0,0,0),(351,71,0,0,0,0,0,0,0,0,0,0,0,0,0,0,0,0,0),(352,71,1,0,0,0,0,0,0,0,0,0,0,0,0,0,0,0,0),(353,71,2,0,0,0,0,0,0,0,0,0,0,0,0,0,0,0,0),(354,71,3,0,0,0,0,0,0,0,0,0,0,0,0,0,0,0,0),(355,71,4,0,0,0,0,0,0,0,0,0,0,0,0,0,0,0,0),(356,72,0,0,0,0,0,0,0,0,0,0,0,0,0,0,0,0,0),(357,72,1,0,0,0,0,0,0,0,0,0,0,0,0,0,0,0,0),(358,72,2,0,0,0,0,0,0,0,0,0,0,0,0,0,0,0,0),(359,72,3,0,0,0,0,0,0,0,0,0,0,0,0,0,0,0,0),(360,72,4,0,0,0,0,0,0,0,0,0,0,0,0,0,0,0,0),(361,73,0,0,0,0,0,0,0,0,0,0,0,0,0,0,0,0,0),(362,73,1,0,0,0,0,0,0,0,0,0,0,0,0,0,0,0,0),(363,73,2,0,0,0,0,0,0,0,0,0,0,0,0,0,0,0,0),(364,73,3,0,0,0,0,0,0,0,0,0,0,0,0,0,0,0,0),(365,73,4,0,0,0,0,0,0,0,0,0,0,0,0,0,0,0,0),(366,74,0,0,0,0,0,0,0,0,0,0,0,0,0,0,0,0,0),(367,74,1,0,0,0,0,0,0,0,0,0,0,0,0,0,0,0,0),(368,74,2,0,0,0,0,0,0,0,0,0,0,0,0,0,0,0,0),(369,74,3,0,0,0,0,0,0,0,0,0,0,0,0,0,0,0,0),(370,74,4,0,0,0,0,0,0,0,0,0,0,0,0,0,0,0,0),(371,75,0,0,0,0,0,0,0,0,0,0,0,0,0,0,0,0,0),(372,75,1,0,0,0,0,0,0,0,0,0,0,0,0,0,0,0,0),(373,75,2,0,0,0,0,0,0,0,0,0,0,0,0,0,0,0,0),(374,75,3,0,0,0,0,0,0,0,0,0,0,0,0,0,0,0,0),(375,75,4,0,0,0,0,0,0,0,0,0,0,0,0,0,0,0,0),(376,76,0,0,0,0,0,0,0,0,0,0,0,0,0,0,0,0,0),(377,76,1,0,0,0,0,0,0,0,0,0,0,0,0,0,0,0,0),(378,76,2,0,0,0,0,0,0,0,0,0,0,0,0,0,0,0,0),(379,76,3,0,0,0,0,0,0,0,0,0,0,0,0,0,0,0,0),(380,76,4,0,0,0,0,0,0,0,0,0,0,0,0,0,0,0,0),(381,77,0,0,0,0,0,0,0,0,0,0,0,0,0,0,0,0,0),(382,77,1,0,0,0,0,0,0,0,0,0,0,0,0,0,0,0,0),(383,77,2,0,0,0,0,0,0,0,0,0,0,0,0,0,0,0,0),(384,77,3,0,0,0,0,0,0,0,0,0,0,0,0,0,0,0,0),(385,77,4,0,0,0,0,0,0,0,0,0,0,0,0,0,0,0,0),(386,78,0,0,0,0,0,0,0,0,0,0,0,0,0,0,0,0,0),(387,78,1,0,0,0,0,0,0,0,0,0,0,0,0,0,0,0,0),(388,78,2,0,0,0,0,0,0,0,0,0,0,0,0,0,0,0,0),(389,78,3,0,0,0,0,0,0,0,0,0,0,0,0,0,0,0,0),(390,78,4,0,0,0,0,0,0,0,0,0,0,0,0,0,0,0,0),(391,79,0,0,0,0,0,0,0,0,0,0,0,0,0,0,0,0,0),(392,79,1,0,0,0,0,0,0,0,0,0,0,0,0,0,0,0,0),(393,79,2,0,0,0,0,0,0,0,0,0,0,0,0,0,0,0,0),(394,79,3,0,0,0,0,0,0,0,0,0,0,0,0,0,0,0,0),(395,79,4,0,0,0,0,0,0,0,0,0,0,0,0,0,0,0,0),(396,80,0,0,0,0,0,0,0,0,0,0,0,0,0,0,0,0,0),(397,80,1,0,0,0,0,0,0,0,0,0,0,0,0,0,0,0,0),(398,80,2,0,0,0,0,0,0,0,0,0,0,0,0,0,0,0,0),(399,80,3,0,0,0,0,0,0,0,0,0,0,0,0,0,0,0,0),(400,80,4,0,0,0,0,0,0,0,0,0,0,0,0,0,0,0,0),(401,81,0,0,0,0,0,0,0,0,0,0,0,0,0,0,0,0,0),(402,81,1,0,0,0,0,0,0,0,0,0,0,0,0,0,0,0,0),(403,81,2,0,0,0,0,0,0,0,0,0,0,0,0,0,0,0,0),(404,81,3,0,0,0,0,0,0,0,0,0,0,0,0,0,0,0,0),(405,81,4,0,0,0,0,0,0,0,0,0,0,0,0,0,0,0,0),(406,82,0,0,0,0,0,0,0,0,0,0,0,0,0,0,0,0,0),(407,82,1,0,0,0,0,0,0,0,0,0,0,0,0,0,0,0,0),(408,82,2,0,0,0,0,0,0,0,0,0,0,0,0,0,0,0,0),(409,82,3,0,0,0,0,0,0,0,0,0,0,0,0,0,0,0,0),(410,82,4,0,0,0,0,0,0,0,0,0,0,0,0,0,0,0,0),(411,83,0,0,0,0,0,0,0,0,0,0,0,0,0,0,0,0,0),(412,83,1,0,0,0,0,0,0,0,0,0,0,0,0,0,0,0,0),(413,83,2,0,0,0,0,0,0,0,0,0,0,0,0,0,0,0,0),(414,83,3,0,0,0,0,0,0,0,0,0,0,0,0,0,0,0,0),(415,83,4,0,0,0,0,0,0,0,0,0,0,0,0,0,0,0,0),(416,84,0,0,0,0,0,0,0,0,0,0,0,0,0,0,0,0,0),(417,84,1,0,0,0,0,0,0,0,0,0,0,0,0,0,0,0,0),(418,84,2,0,0,0,0,0,0,0,0,0,0,0,0,0,0,0,0),(419,84,3,0,0,0,0,0,0,0,0,0,0,0,0,0,0,0,0),(420,84,4,0,0,0,0,0,0,0,0,0,0,0,0,0,0,0,0),(421,85,0,0,0,0,0,0,0,0,0,0,0,0,0,0,0,0,0),(422,85,1,0,0,0,0,0,0,0,0,0,0,0,0,0,0,0,0),(423,85,2,0,0,0,0,0,0,0,0,0,0,0,0,0,0,0,0),(424,85,3,0,0,0,0,0,0,0,0,0,0,0,0,0,0,0,0),(425,85,4,0,0,0,0,0,0,0,0,0,0,0,0,0,0,0,0),(426,86,0,0,0,0,0,0,0,0,0,0,0,0,0,0,0,0,0),(427,86,1,0,0,0,0,0,0,0,0,0,0,0,0,0,0,0,0),(428,86,2,0,0,0,0,0,0,0,0,0,0,0,0,0,0,0,0),(429,86,3,0,0,0,0,0,0,0,0,0,0,0,0,0,0,0,0),(430,86,4,0,0,0,0,0,0,0,0,0,0,0,0,0,0,0,0),(431,87,0,0,0,0,0,0,0,0,0,0,0,0,0,0,0,0,0),(432,87,1,0,0,0,0,0,0,0,0,0,0,0,0,0,0,0,0),(433,87,2,0,0,0,0,0,0,0,0,0,0,0,0,0,0,0,0),(434,87,3,0,0,0,0,0,0,0,0,0,0,0,0,0,0,0,0),(435,87,4,0,0,0,0,0,0,0,0,0,0,0,0,0,0,0,0),(436,88,0,0,0,0,0,0,0,0,0,0,0,0,0,0,0,0,0),(437,88,1,0,0,0,0,0,0,0,0,0,0,0,0,0,0,0,0),(438,88,2,0,0,0,0,0,0,0,0,0,0,0,0,0,0,0,0),(439,88,3,0,0,0,0,0,0,0,0,0,0,0,0,0,0,0,0),(440,88,4,0,0,0,0,0,0,0,0,0,0,0,0,0,0,0,0),(441,89,0,0,0,0,0,0,0,0,0,0,0,0,0,0,0,0,0),(442,89,1,0,0,0,0,0,0,0,0,0,0,0,0,0,0,0,0),(443,89,2,0,0,0,0,0,0,0,0,0,0,0,0,0,0,0,0),(444,89,3,0,0,0,0,0,0,0,0,0,0,0,0,0,0,0,0),(445,89,4,0,0,0,0,0,0,0,0,0,0,0,0,0,0,0,0),(446,90,0,0,0,0,0,0,0,0,0,0,0,0,0,0,0,0,0),(447,90,1,0,0,0,0,0,0,0,0,0,0,0,0,0,0,0,0),(448,90,2,0,0,0,0,0,0,0,0,0,0,0,0,0,0,0,0),(449,90,3,0,0,0,0,0,0,0,0,0,0,0,0,0,0,0,0),(450,90,4,0,0,0,0,0,0,0,0,0,0,0,0,0,0,0,0),(451,91,0,0,0,0,0,0,0,0,0,0,0,0,0,0,0,0,0),(452,91,1,0,0,0,0,0,0,0,0,0,0,0,0,0,0,0,0),(453,91,2,0,0,0,0,0,0,0,0,0,0,0,0,0,0,0,0),(454,91,3,0,0,0,0,0,0,0,0,0,0,0,0,0,0,0,0),(455,91,4,0,0,0,0,0,0,0,0,0,0,0,0,0,0,0,0),(456,92,0,0,0,0,0,0,0,0,0,0,0,0,0,0,0,0,0),(457,92,1,0,0,0,0,0,0,0,0,0,0,0,0,0,0,0,0),(458,92,2,0,0,0,0,0,0,0,0,0,0,0,0,0,0,0,0),(459,92,3,0,0,0,0,0,0,0,0,0,0,0,0,0,0,0,0),(460,92,4,0,0,0,0,0,0,0,0,0,0,0,0,0,0,0,0),(461,93,0,0,0,0,0,0,0,0,0,0,0,0,0,0,0,0,0),(462,93,1,0,0,0,0,0,0,0,0,0,0,0,0,0,0,0,0),(463,93,2,0,0,0,0,0,0,0,0,0,0,0,0,0,0,0,0),(464,93,3,0,0,0,0,0,0,0,0,0,0,0,0,0,0,0,0),(465,93,4,0,0,0,0,0,0,0,0,0,0,0,0,0,0,0,0),(466,94,0,0,0,0,0,0,0,0,0,0,0,0,0,0,0,0,0),(467,94,1,0,0,0,0,0,0,0,0,0,0,0,0,0,0,0,0),(468,94,2,0,0,0,0,0,0,0,0,0,0,0,0,0,0,0,0),(469,94,3,0,0,0,0,0,0,0,0,0,0,0,0,0,0,0,0),(470,94,4,0,0,0,0,0,0,0,0,0,0,0,0,0,0,0,0),(471,95,0,0,0,0,0,0,0,0,0,0,0,0,0,0,0,0,0),(472,95,1,0,0,0,0,0,0,0,0,0,0,0,0,0,0,0,0),(473,95,2,0,0,0,0,0,0,0,0,0,0,0,0,0,0,0,0),(474,95,3,0,0,0,0,0,0,0,0,0,0,0,0,0,0,0,0),(475,95,4,0,0,0,0,0,0,0,0,0,0,0,0,0,0,0,0),(476,96,0,0,0,0,0,0,0,0,0,0,0,0,0,0,0,0,0),(477,96,1,0,0,0,0,0,0,0,0,0,0,0,0,0,0,0,0),(478,96,2,0,0,0,0,0,0,0,0,0,0,0,0,0,0,0,0),(479,96,3,0,0,0,0,0,0,0,0,0,0,0,0,0,0,0,0),(480,96,4,0,0,0,0,0,0,0,0,0,0,0,0,0,0,0,0),(481,97,0,0,0,0,0,0,0,0,0,0,0,0,0,0,0,0,0),(482,97,1,0,0,0,0,0,0,0,0,0,0,0,0,0,0,0,0),(483,97,2,0,0,0,0,0,0,0,0,0,0,0,0,0,0,0,0),(484,97,3,0,0,0,0,0,0,0,0,0,0,0,0,0,0,0,0),(485,97,4,0,0,0,0,0,0,0,0,0,0,0,0,0,0,0,0),(486,98,0,0,0,0,0,0,0,0,0,0,0,0,0,0,0,0,0),(487,98,1,0,0,0,0,0,0,0,0,0,0,0,0,0,0,0,0),(488,98,2,0,0,0,0,0,0,0,0,0,0,0,0,0,0,0,0),(489,98,3,0,0,0,0,0,0,0,0,0,0,0,0,0,0,0,0),(490,98,4,0,0,0,0,0,0,0,0,0,0,0,0,0,0,0,0),(491,99,0,0,0,0,0,0,0,0,0,0,0,0,0,0,0,0,0),(492,99,1,0,0,0,0,0,0,0,0,0,0,0,0,0,0,0,0),(493,99,2,0,0,0,0,0,0,0,0,0,0,0,0,0,0,0,0),(494,99,3,0,0,0,0,0,0,0,0,0,0,0,0,0,0,0,0),(495,99,4,0,0,0,0,0,0,0,0,0,0,0,0,0,0,0,0),(496,100,0,0,0,0,0,0,0,0,0,0,0,0,0,0,0,0,0),(497,100,1,0,0,0,0,0,0,0,0,0,0,0,0,0,0,0,0),(498,100,2,0,0,0,0,0,0,0,0,0,0,0,0,0,0,0,0),(499,100,3,0,0,0,0,0,0,0,0,0,0,0,0,0,0,0,0),(500,100,4,0,0,0,0,0,0,0,0,0,0,0,0,0,0,0,0),(501,101,0,0,0,0,0,0,0,0,0,0,0,0,0,0,0,0,0),(502,101,1,0,0,0,0,0,0,0,0,0,0,0,0,0,0,0,0),(503,101,2,0,0,0,0,0,0,0,0,0,0,0,0,0,0,0,0),(504,101,3,0,0,0,0,0,0,0,0,0,0,0,0,0,0,0,0),(505,101,4,0,0,0,0,0,0,0,0,0,0,0,0,0,0,0,0),(506,102,0,0,0,0,0,0,0,0,0,0,0,0,0,0,0,0,0),(507,102,1,0,0,0,0,0,0,0,0,0,0,0,0,0,0,0,0),(508,102,2,0,0,0,0,0,0,0,0,0,0,0,0,0,0,0,0),(509,102,3,0,0,0,0,0,0,0,0,0,0,0,0,0,0,0,0),(510,102,4,0,0,0,0,0,0,0,0,0,0,0,0,0,0,0,0),(511,103,0,0,0,0,0,0,0,0,0,0,0,0,0,0,0,0,0),(512,103,1,0,0,0,0,0,0,0,0,0,0,0,0,0,0,0,0),(513,103,2,0,0,0,0,0,0,0,0,0,0,0,0,0,0,0,0),(514,103,3,0,0,0,0,0,0,0,0,0,0,0,0,0,0,0,0),(515,103,4,0,0,0,0,0,0,0,0,0,0,0,0,0,0,0,0),(516,104,0,0,0,0,0,0,0,0,0,0,0,0,0,0,0,0,0),(517,104,1,0,0,0,0,0,0,0,0,0,0,0,0,0,0,0,0),(518,104,2,0,0,0,0,0,0,0,0,0,0,0,0,0,0,0,0),(519,104,3,0,0,0,0,0,0,0,0,0,0,0,0,0,0,0,0),(520,104,4,0,0,0,0,0,0,0,0,0,0,0,0,0,0,0,0),(521,105,0,0,0,0,0,0,0,0,0,0,0,0,0,0,0,0,0),(522,105,1,0,0,0,0,0,0,0,0,0,0,0,0,0,0,0,0),(523,105,2,0,0,0,0,0,0,0,0,0,0,0,0,0,0,0,0),(524,105,3,0,0,0,0,0,0,0,0,0,0,0,0,0,0,0,0),(525,105,4,0,0,0,0,0,0,0,0,0,0,0,0,0,0,0,0),(526,106,0,0,0,0,0,0,0,0,0,0,0,0,0,0,0,0,0),(527,106,1,0,0,0,0,0,0,0,0,0,0,0,0,0,0,0,0),(528,106,2,0,0,0,0,0,0,0,0,0,0,0,0,0,0,0,0),(529,106,3,0,0,0,0,0,0,0,0,0,0,0,0,0,0,0,0),(530,106,4,0,0,0,0,0,0,0,0,0,0,0,0,0,0,0,0),(531,107,0,0,0,0,0,0,0,0,0,0,0,0,0,0,0,0,0),(532,107,1,0,0,0,0,0,0,0,0,0,0,0,0,0,0,0,0),(533,107,2,0,0,0,0,0,0,0,0,0,0,0,0,0,0,0,0),(534,107,3,0,0,0,0,0,0,0,0,0,0,0,0,0,0,0,0),(535,107,4,0,0,0,0,0,0,0,0,0,0,0,0,0,0,0,0),(536,108,0,0,0,0,0,0,0,0,0,0,0,0,0,0,0,0,0),(537,108,1,0,0,0,0,0,0,0,0,0,0,0,0,0,0,0,0),(538,108,2,0,0,0,0,0,0,0,0,0,0,0,0,0,0,0,0),(539,108,3,0,0,0,0,0,0,0,0,0,0,0,0,0,0,0,0),(540,108,4,0,0,0,0,0,0,0,0,0,0,0,0,0,0,0,0),(541,109,0,0,0,0,0,0,0,0,0,0,0,0,0,0,0,0,0),(542,109,1,0,0,0,0,0,0,0,0,0,0,0,0,0,0,0,0),(543,109,2,0,0,0,0,0,0,0,0,0,0,0,0,0,0,0,0),(544,109,3,0,0,0,0,0,0,0,0,0,0,0,0,0,0,0,0),(545,109,4,0,0,0,0,0,0,0,0,0,0,0,0,0,0,0,0),(546,110,0,0,0,0,0,0,0,0,0,0,0,0,0,0,0,0,0),(547,110,1,0,0,0,0,0,0,0,0,0,0,0,0,0,0,0,0),(548,110,2,0,0,0,0,0,0,0,0,0,0,0,0,0,0,0,0),(549,110,3,0,0,0,0,0,0,0,0,0,0,0,0,0,0,0,0),(550,110,4,0,0,0,0,0,0,0,0,0,0,0,0,0,0,0,0),(551,111,0,0,0,0,0,0,0,0,0,0,0,0,0,0,0,0,0),(552,111,1,0,0,0,0,0,0,0,0,0,0,0,0,0,0,0,0),(553,111,2,0,0,0,0,0,0,0,0,0,0,0,0,0,0,0,0),(554,111,3,0,0,0,0,0,0,0,0,0,0,0,0,0,0,0,0),(555,111,4,0,0,0,0,0,0,0,0,0,0,0,0,0,0,0,0),(556,112,0,0,0,0,0,0,0,0,0,0,0,0,0,0,0,0,0),(557,112,1,0,0,0,0,0,0,0,0,0,0,0,0,0,0,0,0),(558,112,2,0,0,0,0,0,0,0,0,0,0,0,0,0,0,0,0),(559,112,3,0,0,0,0,0,0,0,0,0,0,0,0,0,0,0,0),(560,112,4,0,0,0,0,0,0,0,0,0,0,0,0,0,0,0,0),(561,113,0,0,0,0,0,0,0,0,0,0,0,0,0,0,0,0,0),(562,113,1,0,0,0,0,0,0,0,0,0,0,0,0,0,0,0,0),(563,113,2,0,0,0,0,0,0,0,0,0,0,0,0,0,0,0,0),(564,113,3,0,0,0,0,0,0,0,0,0,0,0,0,0,0,0,0),(565,113,4,0,0,0,0,0,0,0,0,0,0,0,0,0,0,0,0),(566,114,0,0,0,0,0,0,0,0,0,0,0,0,0,0,0,0,0),(567,114,1,0,0,0,0,0,0,0,0,0,0,0,0,0,0,0,0),(568,114,2,0,0,0,0,0,0,0,0,0,0,0,0,0,0,0,0),(569,114,3,0,0,0,0,0,0,0,0,0,0,0,0,0,0,0,0),(570,114,4,0,0,0,0,0,0,0,0,0,0,0,0,0,0,0,0),(571,115,0,0,0,0,0,0,0,0,0,0,0,0,0,0,0,0,0),(572,115,1,0,0,0,0,0,0,0,0,0,0,0,0,0,0,0,0),(573,115,2,0,0,0,0,0,0,0,0,0,0,0,0,0,0,0,0),(574,115,3,0,0,0,0,0,0,0,0,0,0,0,0,0,0,0,0),(575,115,4,0,0,0,0,0,0,0,0,0,0,0,0,0,0,0,0),(576,116,0,0,0,0,0,0,0,0,0,0,0,0,0,0,0,0,0),(577,116,1,0,0,0,0,0,0,0,0,0,0,0,0,0,0,0,0),(578,116,2,0,0,0,0,0,0,0,0,0,0,0,0,0,0,0,0),(579,116,3,0,0,0,0,0,0,0,0,0,0,0,0,0,0,0,0),(580,116,4,0,0,0,0,0,0,0,0,0,0,0,0,0,0,0,0),(581,117,0,0,0,0,0,0,0,0,0,0,0,0,0,0,0,0,0),(582,117,1,0,0,0,0,0,0,0,0,0,0,0,0,0,0,0,0),(583,117,2,0,0,0,0,0,0,0,0,0,0,0,0,0,0,0,0),(584,117,3,0,0,0,0,0,0,0,0,0,0,0,0,0,0,0,0),(585,117,4,0,0,0,0,0,0,0,0,0,0,0,0,0,0,0,0),(586,118,0,0,0,0,0,0,0,0,0,0,0,0,0,0,0,0,0),(587,118,1,0,0,0,0,0,0,0,0,0,0,0,0,0,0,0,0),(588,118,2,0,0,0,0,0,0,0,0,0,0,0,0,0,0,0,0),(589,118,3,0,0,0,0,0,0,0,0,0,0,0,0,0,0,0,0),(590,118,4,0,0,0,0,0,0,0,0,0,0,0,0,0,0,0,0),(591,119,0,0,0,0,0,0,0,0,0,0,0,0,0,0,0,0,0),(592,119,1,0,0,0,0,0,0,0,0,0,0,0,0,0,0,0,0),(593,119,2,0,0,0,0,0,0,0,0,0,0,0,0,0,0,0,0),(594,119,3,0,0,0,0,0,0,0,0,0,0,0,0,0,0,0,0),(595,119,4,0,0,0,0,0,0,0,0,0,0,0,0,0,0,0,0),(596,120,0,0,0,0,0,0,0,0,0,0,0,0,0,0,0,0,0),(597,120,1,0,0,0,0,0,0,0,0,0,0,0,0,0,0,0,0),(598,120,2,0,0,0,0,0,0,0,0,0,0,0,0,0,0,0,0),(599,120,3,0,0,0,0,0,0,0,0,0,0,0,0,0,0,0,0),(600,120,4,0,0,0,0,0,0,0,0,0,0,0,0,0,0,0,0),(601,121,0,0,0,0,0,0,0,0,0,0,0,0,0,0,0,0,0),(602,121,1,0,0,0,0,0,0,0,0,0,0,0,0,0,0,0,0),(603,121,2,0,0,0,0,0,0,0,0,0,0,0,0,0,0,0,0),(604,121,3,0,0,0,0,0,0,0,0,0,0,0,0,0,0,0,0),(605,121,4,0,0,0,0,0,0,0,0,0,0,0,0,0,0,0,0),(606,122,0,0,0,0,0,0,0,0,0,0,0,0,0,0,0,0,0),(607,122,1,0,0,0,0,0,0,0,0,0,0,0,0,0,0,0,0),(608,122,2,0,0,0,0,0,0,0,0,0,0,0,0,0,0,0,0),(609,122,3,0,0,0,0,0,0,0,0,0,0,0,0,0,0,0,0),(610,122,4,0,0,0,0,0,0,0,0,0,0,0,0,0,0,0,0),(611,123,0,0,0,0,0,0,0,0,0,0,0,0,0,0,0,0,0),(612,123,1,0,0,0,0,0,0,0,0,0,0,0,0,0,0,0,0),(613,123,2,0,0,0,0,0,0,0,0,0,0,0,0,0,0,0,0),(614,123,3,0,0,0,0,0,0,0,0,0,0,0,0,0,0,0,0),(615,123,4,0,0,0,0,0,0,0,0,0,0,0,0,0,0,0,0),(616,124,0,0,0,0,0,0,0,0,0,0,0,0,0,0,0,0,0),(617,124,1,0,0,0,0,0,0,0,0,0,0,0,0,0,0,0,0),(618,124,2,0,0,0,0,0,0,0,0,0,0,0,0,0,0,0,0),(619,124,3,0,0,0,0,0,0,0,0,0,0,0,0,0,0,0,0),(620,124,4,0,0,0,0,0,0,0,0,0,0,0,0,0,0,0,0),(621,125,0,0,0,0,0,0,0,0,0,0,0,0,0,0,0,0,0),(622,125,1,0,0,0,0,0,0,0,0,0,0,0,0,0,0,0,0),(623,125,2,0,0,0,0,0,0,0,0,0,0,0,0,0,0,0,0),(624,125,3,0,0,0,0,0,0,0,0,0,0,0,0,0,0,0,0),(625,125,4,0,0,0,0,0,0,0,0,0,0,0,0,0,0,0,0),(626,126,0,0,0,0,0,0,0,0,0,0,0,0,0,0,0,0,0),(627,126,1,0,0,0,0,0,0,0,0,0,0,0,0,0,0,0,0),(628,126,2,0,0,0,0,0,0,0,0,0,0,0,0,0,0,0,0),(629,126,3,0,0,0,0,0,0,0,0,0,0,0,0,0,0,0,0),(630,126,4,0,0,0,0,0,0,0,0,0,0,0,0,0,0,0,0),(631,127,0,0,0,0,0,0,0,0,0,0,0,0,0,0,0,0,0),(632,127,1,0,0,0,0,0,0,0,0,0,0,0,0,0,0,0,0),(633,127,2,0,0,0,0,0,0,0,0,0,0,0,0,0,0,0,0),(634,127,3,0,0,0,0,0,0,0,0,0,0,0,0,0,0,0,0),(635,127,4,0,0,0,0,0,0,0,0,0,0,0,0,0,0,0,0),(636,128,0,0,0,0,0,0,0,0,0,0,0,0,0,0,0,0,0),(637,128,1,0,0,0,0,0,0,0,0,0,0,0,0,0,0,0,0),(638,128,2,0,0,0,0,0,0,0,0,0,0,0,0,0,0,0,0),(639,128,3,0,0,0,0,0,0,0,0,0,0,0,0,0,0,0,0),(640,128,4,0,0,0,0,0,0,0,0,0,0,0,0,0,0,0,0),(641,129,0,0,0,0,0,0,0,0,0,0,0,0,0,0,0,0,0),(642,129,1,0,0,0,0,0,0,0,0,0,0,0,0,0,0,0,0),(643,129,2,0,0,0,0,0,0,0,0,0,0,0,0,0,0,0,0),(644,129,3,0,0,0,0,0,0,0,0,0,0,0,0,0,0,0,0),(645,129,4,0,0,0,0,0,0,0,0,0,0,0,0,0,0,0,0),(646,130,0,0,0,0,0,0,0,0,0,0,0,0,0,0,0,0,0),(647,130,1,0,0,0,0,0,0,0,0,0,0,0,0,0,0,0,0),(648,130,2,0,0,0,0,0,0,0,0,0,0,0,0,0,0,0,0),(649,130,3,0,0,0,0,0,0,0,0,0,0,0,0,0,0,0,0),(650,130,4,0,0,0,0,0,0,0,0,0,0,0,0,0,0,0,0),(651,131,0,0,0,0,0,0,0,0,0,0,0,0,0,0,0,0,0),(652,131,1,0,0,0,0,0,0,0,0,0,0,0,0,0,0,0,0),(653,131,2,0,0,0,0,0,0,0,0,0,0,0,0,0,0,0,0),(654,131,3,0,0,0,0,0,0,0,0,0,0,0,0,0,0,0,0),(655,131,4,0,0,0,0,0,0,0,0,0,0,0,0,0,0,0,0),(656,132,0,0,0,0,0,0,0,0,0,0,0,0,0,0,0,0,0),(657,132,1,0,0,0,0,0,0,0,0,0,0,0,0,0,0,0,0),(658,132,2,0,0,0,0,0,0,0,0,0,0,0,0,0,0,0,0),(659,132,3,0,0,0,0,0,0,0,0,0,0,0,0,0,0,0,0),(660,132,4,0,0,0,0,0,0,0,0,0,0,0,0,0,0,0,0),(661,133,0,0,0,0,0,0,0,0,0,0,0,0,0,0,0,0,0),(662,133,1,0,0,0,0,0,0,0,0,0,0,0,0,0,0,0,0),(663,133,2,0,0,0,0,0,0,0,0,0,0,0,0,0,0,0,0),(664,133,3,0,0,0,0,0,0,0,0,0,0,0,0,0,0,0,0),(665,133,4,0,0,0,0,0,0,0,0,0,0,0,0,0,0,0,0),(666,134,0,0,0,0,0,0,0,0,0,0,0,0,0,0,0,0,0),(667,134,1,0,0,0,0,0,0,0,0,0,0,0,0,0,0,0,0),(668,134,2,0,0,0,0,0,0,0,0,0,0,0,0,0,0,0,0),(669,134,3,0,0,0,0,0,0,0,0,0,0,0,0,0,0,0,0),(670,134,4,0,0,0,0,0,0,0,0,0,0,0,0,0,0,0,0),(671,135,0,0,0,0,0,0,0,0,0,0,0,0,0,0,0,0,0),(672,135,1,0,0,0,0,0,0,0,0,0,0,0,0,0,0,0,0),(673,135,2,0,0,0,0,0,0,0,0,0,0,0,0,0,0,0,0),(674,135,3,0,0,0,0,0,0,0,0,0,0,0,0,0,0,0,0),(675,135,4,0,0,0,0,0,0,0,0,0,0,0,0,0,0,0,0),(676,136,0,0,0,0,0,0,0,0,0,0,0,0,0,0,0,0,0),(677,136,1,0,0,0,0,0,0,0,0,0,0,0,0,0,0,0,0),(678,136,2,0,0,0,0,0,0,0,0,0,0,0,0,0,0,0,0),(679,136,3,0,0,0,0,0,0,0,0,0,0,0,0,0,0,0,0),(680,136,4,0,0,0,0,0,0,0,0,0,0,0,0,0,0,0,0),(681,137,0,0,0,0,0,0,0,0,0,0,0,0,0,0,0,0,0),(682,137,1,0,0,0,0,0,0,0,0,0,0,0,0,0,0,0,0),(683,137,2,0,0,0,0,0,0,0,0,0,0,0,0,0,0,0,0),(684,137,3,0,0,0,0,0,0,0,0,0,0,0,0,0,0,0,0),(685,137,4,0,0,0,0,0,0,0,0,0,0,0,0,0,0,0,0),(686,138,0,0,0,0,0,0,0,0,0,0,0,0,0,0,0,0,0),(687,138,1,0,0,0,0,0,0,0,0,0,0,0,0,0,0,0,0),(688,138,2,0,0,0,0,0,0,0,0,0,0,0,0,0,0,0,0),(689,138,3,0,0,0,0,0,0,0,0,0,0,0,0,0,0,0,0),(690,138,4,0,0,0,0,0,0,0,0,0,0,0,0,0,0,0,0),(691,139,0,0,0,0,0,0,0,0,0,0,0,0,0,0,0,0,0),(692,139,1,0,0,0,0,0,0,0,0,0,0,0,0,0,0,0,0),(693,139,2,0,0,0,0,0,0,0,0,0,0,0,0,0,0,0,0),(694,139,3,0,0,0,0,0,0,0,0,0,0,0,0,0,0,0,0),(695,139,4,0,0,0,0,0,0,0,0,0,0,0,0,0,0,0,0),(696,140,0,0,0,0,0,0,0,0,0,0,0,0,0,0,0,0,0),(697,140,1,0,0,0,0,0,0,0,0,0,0,0,0,0,0,0,0),(698,140,2,0,0,0,0,0,0,0,0,0,0,0,0,0,0,0,0),(699,140,3,0,0,0,0,0,0,0,0,0,0,0,0,0,0,0,0),(700,140,4,0,0,0,0,0,0,0,0,0,0,0,0,0,0,0,0),(701,141,0,0,0,0,0,0,0,0,0,0,0,0,0,0,0,0,0),(702,141,1,0,0,0,0,0,0,0,0,0,0,0,0,0,0,0,0),(703,141,2,0,0,0,0,0,0,0,0,0,0,0,0,0,0,0,0),(704,141,3,0,0,0,0,0,0,0,0,0,0,0,0,0,0,0,0),(705,141,4,0,0,0,0,0,0,0,0,0,0,0,0,0,0,0,0),(706,142,0,0,0,0,0,0,0,0,0,0,0,0,0,0,0,0,0),(707,142,1,0,0,0,0,0,0,0,0,0,0,0,0,0,0,0,0),(708,142,2,0,0,0,0,0,0,0,0,0,0,0,0,0,0,0,0),(709,142,3,0,0,0,0,0,0,0,0,0,0,0,0,0,0,0,0),(710,142,4,0,0,0,0,0,0,0,0,0,0,0,0,0,0,0,0),(711,143,0,0,0,0,0,0,0,0,0,0,0,0,0,0,0,0,0),(712,143,1,0,0,0,0,0,0,0,0,0,0,0,0,0,0,0,0),(713,143,2,0,0,0,0,0,0,0,0,0,0,0,0,0,0,0,0),(714,143,3,0,0,0,0,0,0,0,0,0,0,0,0,0,0,0,0),(715,143,4,0,0,0,0,0,0,0,0,0,0,0,0,0,0,0,0),(716,144,0,0,0,0,0,0,0,0,0,0,0,0,0,0,0,0,0),(717,144,1,0,0,0,0,0,0,0,0,0,0,0,0,0,0,0,0),(718,144,2,0,0,0,0,0,0,0,0,0,0,0,0,0,0,0,0),(719,144,3,0,0,0,0,0,0,0,0,0,0,0,0,0,0,0,0),(720,144,4,0,0,0,0,0,0,0,0,0,0,0,0,0,0,0,0),(721,145,0,0,0,0,0,0,0,0,0,0,0,0,0,0,0,0,0),(722,145,1,0,0,0,0,0,0,0,0,0,0,0,0,0,0,0,0),(723,145,2,0,0,0,0,0,0,0,0,0,0,0,0,0,0,0,0),(724,145,3,0,0,0,0,0,0,0,0,0,0,0,0,0,0,0,0),(725,145,4,0,0,0,0,0,0,0,0,0,0,0,0,0,0,0,0),(726,146,0,0,0,0,0,0,0,0,0,0,0,0,0,0,0,0,0),(727,146,1,0,0,0,0,0,0,0,0,0,0,0,0,0,0,0,0),(728,146,2,0,0,0,0,0,0,0,0,0,0,0,0,0,0,0,0),(729,146,3,0,0,0,0,0,0,0,0,0,0,0,0,0,0,0,0),(730,146,4,0,0,0,0,0,0,0,0,0,0,0,0,0,0,0,0),(731,147,0,0,0,0,0,0,0,0,0,0,0,0,0,0,0,0,0),(732,147,1,0,0,0,0,0,0,0,0,0,0,0,0,0,0,0,0),(733,147,2,0,0,0,0,0,0,0,0,0,0,0,0,0,0,0,0),(734,147,3,0,0,0,0,0,0,0,0,0,0,0,0,0,0,0,0),(735,147,4,0,0,0,0,0,0,0,0,0,0,0,0,0,0,0,0),(736,148,0,0,0,0,0,0,0,0,0,0,0,0,0,0,0,0,0),(737,148,1,0,0,0,0,0,0,0,0,0,0,0,0,0,0,0,0),(738,148,2,0,0,0,0,0,0,0,0,0,0,0,0,0,0,0,0),(739,148,3,0,0,0,0,0,0,0,0,0,0,0,0,0,0,0,0),(740,148,4,0,0,0,0,0,0,0,0,0,0,0,0,0,0,0,0),(741,149,0,0,0,0,0,0,0,0,0,0,0,0,0,0,0,0,0),(742,149,1,0,0,0,0,0,0,0,0,0,0,0,0,0,0,0,0),(743,149,2,0,0,0,0,0,0,0,0,0,0,0,0,0,0,0,0),(744,149,3,0,0,0,0,0,0,0,0,0,0,0,0,0,0,0,0),(745,149,4,0,0,0,0,0,0,0,0,0,0,0,0,0,0,0,0),(746,150,0,0,0,0,0,0,0,0,0,0,0,0,0,0,0,0,0),(747,150,1,0,0,0,0,0,0,0,0,0,0,0,0,0,0,0,0),(748,150,2,0,0,0,0,0,0,0,0,0,0,0,0,0,0,0,0),(749,150,3,0,0,0,0,0,0,0,0,0,0,0,0,0,0,0,0),(750,150,4,0,0,0,0,0,0,0,0,0,0,0,0,0,0,0,0),(751,151,0,0,0,0,0,0,0,0,0,0,0,0,0,0,0,0,0),(752,151,1,0,0,0,0,0,0,0,0,0,0,0,0,0,0,0,0),(753,151,2,0,0,0,0,0,0,0,0,0,0,0,0,0,0,0,0),(754,151,3,0,0,0,0,0,0,0,0,0,0,0,0,0,0,0,0),(755,151,4,0,0,0,0,0,0,0,0,0,0,0,0,0,0,0,0),(756,152,0,0,0,0,0,0,0,0,0,0,0,0,0,0,0,0,0),(757,152,1,0,0,0,0,0,0,0,0,0,0,0,0,0,0,0,0),(758,152,2,0,0,0,0,0,0,0,0,0,0,0,0,0,0,0,0),(759,152,3,0,0,0,0,0,0,0,0,0,0,0,0,0,0,0,0),(760,152,4,0,0,0,0,0,0,0,0,0,0,0,0,0,0,0,0),(761,153,0,0,0,0,0,0,0,0,0,0,0,0,0,0,0,0,0),(762,153,1,0,0,0,0,0,0,0,0,0,0,0,0,0,0,0,0),(763,153,2,0,0,0,0,0,0,0,0,0,0,0,0,0,0,0,0),(764,153,3,0,0,0,0,0,0,0,0,0,0,0,0,0,0,0,0),(765,153,4,0,0,0,0,0,0,0,0,0,0,0,0,0,0,0,0),(766,154,0,0,0,0,0,0,0,0,0,0,0,0,0,0,0,0,0),(767,154,1,0,0,0,0,0,0,0,0,0,0,0,0,0,0,0,0),(768,154,2,0,0,0,0,0,0,0,0,0,0,0,0,0,0,0,0),(769,154,3,0,0,0,0,0,0,0,0,0,0,0,0,0,0,0,0),(770,154,4,0,0,0,0,0,0,0,0,0,0,0,0,0,0,0,0),(771,155,0,0,0,0,0,0,0,0,0,0,0,0,0,0,0,0,0),(772,155,1,0,0,0,0,0,0,0,0,0,0,0,0,0,0,0,0),(773,155,2,0,0,0,0,0,0,0,0,0,0,0,0,0,0,0,0),(774,155,3,0,0,0,0,0,0,0,0,0,0,0,0,0,0,0,0),(775,155,4,0,0,0,0,0,0,0,0,0,0,0,0,0,0,0,0),(776,156,0,0,0,0,0,0,0,0,0,0,0,0,0,0,0,0,0),(777,156,1,0,0,0,0,0,0,0,0,0,0,0,0,0,0,0,0),(778,156,2,0,0,0,0,0,0,0,0,0,0,0,0,0,0,0,0),(779,156,3,0,0,0,0,0,0,0,0,0,0,0,0,0,0,0,0),(780,156,4,0,0,0,0,0,0,0,0,0,0,0,0,0,0,0,0),(781,157,0,0,0,0,0,0,0,0,0,0,0,0,0,0,0,0,0),(782,157,1,0,0,0,0,0,0,0,0,0,0,0,0,0,0,0,0),(783,157,2,0,0,0,0,0,0,0,0,0,0,0,0,0,0,0,0),(784,157,3,0,0,0,0,0,0,0,0,0,0,0,0,0,0,0,0),(785,157,4,0,0,0,0,0,0,0,0,0,0,0,0,0,0,0,0),(786,158,0,0,0,0,0,0,0,0,0,0,0,0,0,0,0,0,0),(787,158,1,0,0,0,0,0,0,0,0,0,0,0,0,0,0,0,0),(788,158,2,0,0,0,0,0,0,0,0,0,0,0,0,0,0,0,0),(789,158,3,0,0,0,0,0,0,0,0,0,0,0,0,0,0,0,0),(790,158,4,0,0,0,0,0,0,0,0,0,0,0,0,0,0,0,0),(791,159,0,0,0,0,0,0,0,0,0,0,0,0,0,0,0,0,0),(792,159,1,0,0,0,0,0,0,0,0,0,0,0,0,0,0,0,0),(793,159,2,0,0,0,0,0,0,0,0,0,0,0,0,0,0,0,0),(794,159,3,0,0,0,0,0,0,0,0,0,0,0,0,0,0,0,0),(795,159,4,0,0,0,0,0,0,0,0,0,0,0,0,0,0,0,0),(796,160,0,0,0,0,0,0,0,0,0,0,0,0,0,0,0,0,0),(797,160,1,0,0,0,0,0,0,0,0,0,0,0,0,0,0,0,0),(798,160,2,0,0,0,0,0,0,0,0,0,0,0,0,0,0,0,0),(799,160,3,0,0,0,0,0,0,0,0,0,0,0,0,0,0,0,0),(800,160,4,0,0,0,0,0,0,0,0,0,0,0,0,0,0,0,0),(801,161,0,0,0,0,0,0,0,0,0,0,0,0,0,0,0,0,0),(802,161,1,0,0,0,0,0,0,0,0,0,0,0,0,0,0,0,0),(803,161,2,0,0,0,0,0,0,0,0,0,0,0,0,0,0,0,0),(804,161,3,0,0,0,0,0,0,0,0,0,0,0,0,0,0,0,0),(805,161,4,0,0,0,0,0,0,0,0,0,0,0,0,0,0,0,0),(806,162,0,0,0,0,0,0,0,0,0,0,0,0,0,0,0,0,0),(807,162,1,0,0,0,0,0,0,0,0,0,0,0,0,0,0,0,0),(808,162,2,0,0,0,0,0,0,0,0,0,0,0,0,0,0,0,0),(809,162,3,0,0,0,0,0,0,0,0,0,0,0,0,0,0,0,0),(810,162,4,0,0,0,0,0,0,0,0,0,0,0,0,0,0,0,0),(811,163,0,0,0,0,0,0,0,0,0,0,0,0,0,0,0,0,0),(812,163,1,0,0,0,0,0,0,0,0,0,0,0,0,0,0,0,0),(813,163,2,0,0,0,0,0,0,0,0,0,0,0,0,0,0,0,0),(814,163,3,0,0,0,0,0,0,0,0,0,0,0,0,0,0,0,0),(815,163,4,0,0,0,0,0,0,0,0,0,0,0,0,0,0,0,0),(816,164,0,0,0,0,0,0,0,0,0,0,0,0,0,0,0,0,0),(817,164,1,0,0,0,0,0,0,0,0,0,0,0,0,0,0,0,0),(818,164,2,0,0,0,0,0,0,0,0,0,0,0,0,0,0,0,0),(819,164,3,0,0,0,0,0,0,0,0,0,0,0,0,0,0,0,0),(820,164,4,0,0,0,0,0,0,0,0,0,0,0,0,0,0,0,0),(821,165,0,0,0,0,0,0,0,0,0,0,0,0,0,0,0,0,0),(822,165,1,0,0,0,0,0,0,0,0,0,0,0,0,0,0,0,0),(823,165,2,0,0,0,0,0,0,0,0,0,0,0,0,0,0,0,0),(824,165,3,0,0,0,0,0,0,0,0,0,0,0,0,0,0,0,0),(825,165,4,0,0,0,0,0,0,0,0,0,0,0,0,0,0,0,0),(826,166,0,0,0,0,0,0,0,0,0,0,0,0,0,0,0,0,0),(827,166,1,0,0,0,0,0,0,0,0,0,0,0,0,0,0,0,0),(828,166,2,0,0,0,0,0,0,0,0,0,0,0,0,0,0,0,0),(829,166,3,0,0,0,0,0,0,0,0,0,0,0,0,0,0,0,0),(830,166,4,0,0,0,0,0,0,0,0,0,0,0,0,0,0,0,0),(831,167,0,0,0,0,0,0,0,0,0,0,0,0,0,0,0,0,0),(832,167,1,0,0,0,0,0,0,0,0,0,0,0,0,0,0,0,0),(833,167,2,0,0,0,0,0,0,0,0,0,0,0,0,0,0,0,0),(834,167,3,0,0,0,0,0,0,0,0,0,0,0,0,0,0,0,0),(835,167,4,0,0,0,0,0,0,0,0,0,0,0,0,0,0,0,0),(836,168,0,0,0,0,0,0,0,0,0,0,0,0,0,0,0,0,0),(837,168,1,0,0,0,0,0,0,0,0,0,0,0,0,0,0,0,0),(838,168,2,0,0,0,0,0,0,0,0,0,0,0,0,0,0,0,0),(839,168,3,0,0,0,0,0,0,0,0,0,0,0,0,0,0,0,0),(840,168,4,0,0,0,0,0,0,0,0,0,0,0,0,0,0,0,0),(841,169,0,0,0,0,0,0,0,0,0,0,0,0,0,0,0,0,0),(842,169,1,0,0,0,0,0,0,0,0,0,0,0,0,0,0,0,0),(843,169,2,0,0,0,0,0,0,0,0,0,0,0,0,0,0,0,0),(844,169,3,0,0,0,0,0,0,0,0,0,0,0,0,0,0,0,0),(845,169,4,0,0,0,0,0,0,0,0,0,0,0,0,0,0,0,0),(846,170,0,0,0,0,0,0,0,0,0,0,0,0,0,0,0,0,0),(847,170,1,0,0,0,0,0,0,0,0,0,0,0,0,0,0,0,0),(848,170,2,0,0,0,0,0,0,0,0,0,0,0,0,0,0,0,0),(849,170,3,0,0,0,0,0,0,0,0,0,0,0,0,0,0,0,0),(850,170,4,0,0,0,0,0,0,0,0,0,0,0,0,0,0,0,0),(851,171,0,0,0,0,0,0,0,0,0,0,0,0,0,0,0,0,0),(852,171,1,0,0,0,0,0,0,0,0,0,0,0,0,0,0,0,0),(853,171,2,0,0,0,0,0,0,0,0,0,0,0,0,0,0,0,0),(854,171,3,0,0,0,0,0,0,0,0,0,0,0,0,0,0,0,0),(855,171,4,0,0,0,0,0,0,0,0,0,0,0,0,0,0,0,0),(856,172,0,0,0,0,0,0,0,0,0,0,0,0,0,0,0,0,0),(857,172,1,0,0,0,0,0,0,0,0,0,0,0,0,0,0,0,0),(858,172,2,0,0,0,0,0,0,0,0,0,0,0,0,0,0,0,0),(859,172,3,0,0,0,0,0,0,0,0,0,0,0,0,0,0,0,0),(860,172,4,0,0,0,0,0,0,0,0,0,0,0,0,0,0,0,0),(861,173,0,0,0,0,0,0,0,0,0,0,0,0,0,0,0,0,0),(862,173,1,0,0,0,0,0,0,0,0,0,0,0,0,0,0,0,0),(863,173,2,0,0,0,0,0,0,0,0,0,0,0,0,0,0,0,0),(864,173,3,0,0,0,0,0,0,0,0,0,0,0,0,0,0,0,0),(865,173,4,0,0,0,0,0,0,0,0,0,0,0,0,0,0,0,0),(866,174,0,0,0,0,0,0,0,0,0,0,0,0,0,0,0,0,0),(867,174,1,0,0,0,0,0,0,0,0,0,0,0,0,0,0,0,0),(868,174,2,0,0,0,0,0,0,0,0,0,0,0,0,0,0,0,0),(869,174,3,0,0,0,0,0,0,0,0,0,0,0,0,0,0,0,0),(870,174,4,0,0,0,0,0,0,0,0,0,0,0,0,0,0,0,0),(871,175,0,0,0,0,0,0,0,0,0,0,0,0,0,0,0,0,0),(872,175,1,0,0,0,0,0,0,0,0,0,0,0,0,0,0,0,0),(873,175,2,0,0,0,0,0,0,0,0,0,0,0,0,0,0,0,0),(874,175,3,0,0,0,0,0,0,0,0,0,0,0,0,0,0,0,0),(875,175,4,0,0,0,0,0,0,0,0,0,0,0,0,0,0,0,0),(876,176,0,0,0,0,0,0,0,0,0,0,0,0,0,0,0,0,0),(877,176,1,0,0,0,0,0,0,0,0,0,0,0,0,0,0,0,0),(878,176,2,0,0,0,0,0,0,0,0,0,0,0,0,0,0,0,0),(879,176,3,0,0,0,0,0,0,0,0,0,0,0,0,0,0,0,0),(880,176,4,0,0,0,0,0,0,0,0,0,0,0,0,0,0,0,0),(881,177,0,0,0,0,0,0,0,0,0,0,0,0,0,0,0,0,0),(882,177,1,0,0,0,0,0,0,0,0,0,0,0,0,0,0,0,0),(883,177,2,0,0,0,0,0,0,0,0,0,0,0,0,0,0,0,0),(884,177,3,0,0,0,0,0,0,0,0,0,0,0,0,0,0,0,0),(885,177,4,0,0,0,0,0,0,0,0,0,0,0,0,0,0,0,0),(886,178,0,0,0,0,0,0,0,0,0,0,0,0,0,0,0,0,0),(887,178,1,0,0,0,0,0,0,0,0,0,0,0,0,0,0,0,0),(888,178,2,0,0,0,0,0,0,0,0,0,0,0,0,0,0,0,0),(889,178,3,0,0,0,0,0,0,0,0,0,0,0,0,0,0,0,0),(890,178,4,0,0,0,0,0,0,0,0,0,0,0,0,0,0,0,0),(891,179,0,0,0,0,0,0,0,0,0,0,0,0,0,0,0,0,0),(892,179,1,0,0,0,0,0,0,0,0,0,0,0,0,0,0,0,0),(893,179,2,0,0,0,0,0,0,0,0,0,0,0,0,0,0,0,0),(894,179,3,0,0,0,0,0,0,0,0,0,0,0,0,0,0,0,0),(895,179,4,0,0,0,0,0,0,0,0,0,0,0,0,0,0,0,0),(896,180,0,0,0,0,0,0,0,0,0,0,0,0,0,0,0,0,0),(897,180,1,0,0,0,0,0,0,0,0,0,0,0,0,0,0,0,0),(898,180,2,0,0,0,0,0,0,0,0,0,0,0,0,0,0,0,0),(899,180,3,0,0,0,0,0,0,0,0,0,0,0,0,0,0,0,0),(900,180,4,0,0,0,0,0,0,0,0,0,0,0,0,0,0,0,0),(901,181,0,0,0,0,0,0,0,0,0,0,0,0,0,0,0,0,0),(902,181,1,0,0,0,0,0,0,0,0,0,0,0,0,0,0,0,0),(903,181,2,0,0,0,0,0,0,0,0,0,0,0,0,0,0,0,0),(904,181,3,0,0,0,0,0,0,0,0,0,0,0,0,0,0,0,0),(905,181,4,0,0,0,0,0,0,0,0,0,0,0,0,0,0,0,0),(906,182,0,0,0,0,0,0,0,0,0,0,0,0,0,0,0,0,0),(907,182,1,0,0,0,0,0,0,0,0,0,0,0,0,0,0,0,0),(908,182,2,0,0,0,0,0,0,0,0,0,0,0,0,0,0,0,0),(909,182,3,0,0,0,0,0,0,0,0,0,0,0,0,0,0,0,0),(910,182,4,0,0,0,0,0,0,0,0,0,0,0,0,0,0,0,0),(911,183,0,0,0,0,0,0,0,0,0,0,0,0,0,0,0,0,0),(912,183,1,0,0,0,0,0,0,0,0,0,0,0,0,0,0,0,0),(913,183,2,0,0,0,0,0,0,0,0,0,0,0,0,0,0,0,0),(914,183,3,0,0,0,0,0,0,0,0,0,0,0,0,0,0,0,0),(915,183,4,0,0,0,0,0,0,0,0,0,0,0,0,0,0,0,0),(916,184,0,0,0,0,0,0,0,0,0,0,0,0,0,0,0,0,0),(917,184,1,0,0,0,0,0,0,0,0,0,0,0,0,0,0,0,0),(918,184,2,0,0,0,0,0,0,0,0,0,0,0,0,0,0,0,0),(919,184,3,0,0,0,0,0,0,0,0,0,0,0,0,0,0,0,0),(920,184,4,0,0,0,0,0,0,0,0,0,0,0,0,0,0,0,0);
/*!40000 ALTER TABLE `houses_garages` ENABLE KEYS */;
UNLOCK TABLES;

--
-- Table structure for table `houses_weapons`
--

DROP TABLE IF EXISTS `houses_weapons`;
/*!40101 SET @saved_cs_client     = @@character_set_client */;
/*!50503 SET character_set_client = utf8mb4 */;
CREATE TABLE `houses_weapons` (
  `ID` int NOT NULL AUTO_INCREMENT,
  `house_id` int NOT NULL DEFAULT '0',
  `slot_id` int NOT NULL DEFAULT '-1',
  `weapon` int NOT NULL DEFAULT '0',
  `ammo` int NOT NULL DEFAULT '0',
  PRIMARY KEY (`ID`),
  KEY `INDEX` (`house_id`,`slot_id`) USING BTREE,
  CONSTRAINT `houses_weapons_ibfk_1` FOREIGN KEY (`house_id`) REFERENCES `houses` (`ID`)
) ENGINE=InnoDB AUTO_INCREMENT=1289 DEFAULT CHARSET=utf8mb4 COLLATE=utf8mb4_unicode_ci;
/*!40101 SET character_set_client = @saved_cs_client */;

--
-- Dumping data for table `houses_weapons`
--

LOCK TABLES `houses_weapons` WRITE;
/*!40000 ALTER TABLE `houses_weapons` DISABLE KEYS */;
INSERT INTO `houses_weapons` VALUES (1,1,0,0,0),(2,1,1,0,0),(3,1,2,0,0),(4,1,3,0,0),(5,1,4,0,0),(6,1,5,0,0),(7,1,6,0,0),(8,2,0,0,0),(9,2,1,0,0),(10,2,2,0,0),(11,2,3,0,0),(12,2,4,0,0),(13,2,5,0,0),(14,2,6,0,0),(15,3,0,0,0),(16,3,1,0,0),(17,3,2,0,0),(18,3,3,0,0),(19,3,4,0,0),(20,3,5,0,0),(21,3,6,0,0),(22,4,0,0,0),(23,4,1,0,0),(24,4,2,0,0),(25,4,3,0,0),(26,4,4,0,0),(27,4,5,0,0),(28,4,6,0,0),(29,5,0,0,0),(30,5,1,0,0),(31,5,2,0,0),(32,5,3,0,0),(33,5,4,0,0),(34,5,5,0,0),(35,5,6,0,0),(36,6,0,0,0),(37,6,1,0,0),(38,6,2,0,0),(39,6,3,0,0),(40,6,4,0,0),(41,6,5,0,0),(42,6,6,0,0),(43,7,0,0,0),(44,7,1,0,0),(45,7,2,0,0),(46,7,3,0,0),(47,7,4,0,0),(48,7,5,0,0),(49,7,6,0,0),(50,8,0,0,0),(51,8,1,0,0),(52,8,2,0,0),(53,8,3,0,0),(54,8,4,0,0),(55,8,5,0,0),(56,8,6,0,0),(57,9,0,0,0),(58,9,1,0,0),(59,9,2,0,0),(60,9,3,0,0),(61,9,4,0,0),(62,9,5,0,0),(63,9,6,0,0),(64,10,0,0,0),(65,10,1,0,0),(66,10,2,0,0),(67,10,3,0,0),(68,10,4,0,0),(69,10,5,0,0),(70,10,6,0,0),(71,11,0,0,0),(72,11,1,0,0),(73,11,2,0,0),(74,11,3,0,0),(75,11,4,0,0),(76,11,5,0,0),(77,11,6,0,0),(78,12,0,0,0),(79,12,1,0,0),(80,12,2,0,0),(81,12,3,0,0),(82,12,4,0,0),(83,12,5,0,0),(84,12,6,0,0),(85,13,0,0,0),(86,13,1,0,0),(87,13,2,0,0),(88,13,3,0,0),(89,13,4,0,0),(90,13,5,0,0),(91,13,6,0,0),(92,14,0,0,0),(93,14,1,0,0),(94,14,2,0,0),(95,14,3,0,0),(96,14,4,0,0),(97,14,5,0,0),(98,14,6,0,0),(99,15,0,0,0),(100,15,1,0,0),(101,15,2,0,0),(102,15,3,0,0),(103,15,4,0,0),(104,15,5,0,0),(105,15,6,0,0),(106,16,0,0,0),(107,16,1,0,0),(108,16,2,0,0),(109,16,3,0,0),(110,16,4,0,0),(111,16,5,0,0),(112,16,6,0,0),(113,17,0,0,0),(114,17,1,0,0),(115,17,2,0,0),(116,17,3,0,0),(117,17,4,0,0),(118,17,5,0,0),(119,17,6,0,0),(120,18,0,0,0),(121,18,1,0,0),(122,18,2,0,0),(123,18,3,0,0),(124,18,4,0,0),(125,18,5,0,0),(126,18,6,0,0),(127,19,0,0,0),(128,19,1,0,0),(129,19,2,0,0),(130,19,3,0,0),(131,19,4,0,0),(132,19,5,0,0),(133,19,6,0,0),(134,20,0,0,0),(135,20,1,0,0),(136,20,2,0,0),(137,20,3,0,0),(138,20,4,0,0),(139,20,5,0,0),(140,20,6,0,0),(141,21,0,0,0),(142,21,1,0,0),(143,21,2,0,0),(144,21,3,0,0),(145,21,4,0,0),(146,21,5,0,0),(147,21,6,0,0),(148,22,0,0,0),(149,22,1,0,0),(150,22,2,0,0),(151,22,3,0,0),(152,22,4,0,0),(153,22,5,0,0),(154,22,6,0,0),(155,23,0,0,0),(156,23,1,0,0),(157,23,2,0,0),(158,23,3,0,0),(159,23,4,0,0),(160,23,5,0,0),(161,23,6,0,0),(162,24,0,0,0),(163,24,1,0,0),(164,24,2,0,0),(165,24,3,0,0),(166,24,4,0,0),(167,24,5,0,0),(168,24,6,0,0),(169,25,0,0,0),(170,25,1,0,0),(171,25,2,0,0),(172,25,3,0,0),(173,25,4,0,0),(174,25,5,0,0),(175,25,6,0,0),(176,26,0,0,0),(177,26,1,0,0),(178,26,2,0,0),(179,26,3,0,0),(180,26,4,0,0),(181,26,5,0,0),(182,26,6,0,0),(183,27,0,0,0),(184,27,1,0,0),(185,27,2,0,0),(186,27,3,0,0),(187,27,4,0,0),(188,27,5,0,0),(189,27,6,0,0),(190,28,0,0,0),(191,28,1,0,0),(192,28,2,0,0),(193,28,3,0,0),(194,28,4,0,0),(195,28,5,0,0),(196,28,6,0,0),(197,29,0,0,0),(198,29,1,0,0),(199,29,2,0,0),(200,29,3,0,0),(201,29,4,0,0),(202,29,5,0,0),(203,29,6,0,0),(204,30,0,0,0),(205,30,1,0,0),(206,30,2,0,0),(207,30,3,0,0),(208,30,4,0,0),(209,30,5,0,0),(210,30,6,0,0),(211,31,0,0,0),(212,31,1,0,0),(213,31,2,0,0),(214,31,3,0,0),(215,31,4,0,0),(216,31,5,0,0),(217,31,6,0,0),(218,32,0,0,0),(219,32,1,0,0),(220,32,2,0,0),(221,32,3,0,0),(222,32,4,0,0),(223,32,5,0,0),(224,32,6,0,0),(225,33,0,0,0),(226,33,1,0,0),(227,33,2,0,0),(228,33,3,0,0),(229,33,4,0,0),(230,33,5,0,0),(231,33,6,0,0),(232,34,0,0,0),(233,34,1,0,0),(234,34,2,0,0),(235,34,3,0,0),(236,34,4,0,0),(237,34,5,0,0),(238,34,6,0,0),(239,35,0,0,0),(240,35,1,0,0),(241,35,2,0,0),(242,35,3,0,0),(243,35,4,0,0),(244,35,5,0,0),(245,35,6,0,0),(246,36,0,0,0),(247,36,1,0,0),(248,36,2,0,0),(249,36,3,0,0),(250,36,4,0,0),(251,36,5,0,0),(252,36,6,0,0),(253,37,0,0,0),(254,37,1,0,0),(255,37,2,0,0),(256,37,3,0,0),(257,37,4,0,0),(258,37,5,0,0),(259,37,6,0,0),(260,38,0,0,0),(261,38,1,0,0),(262,38,2,0,0),(263,38,3,0,0),(264,38,4,0,0),(265,38,5,0,0),(266,38,6,0,0),(267,39,0,0,0),(268,39,1,0,0),(269,39,2,0,0),(270,39,3,0,0),(271,39,4,0,0),(272,39,5,0,0),(273,39,6,0,0),(274,40,0,0,0),(275,40,1,0,0),(276,40,2,0,0),(277,40,3,0,0),(278,40,4,0,0),(279,40,5,0,0),(280,40,6,0,0),(281,41,0,0,0),(282,41,1,0,0),(283,41,2,0,0),(284,41,3,0,0),(285,41,4,0,0),(286,41,5,0,0),(287,41,6,0,0),(288,42,0,0,0),(289,42,1,0,0),(290,42,2,0,0),(291,42,3,0,0),(292,42,4,0,0),(293,42,5,0,0),(294,42,6,0,0),(295,43,0,0,0),(296,43,1,0,0),(297,43,2,0,0),(298,43,3,0,0),(299,43,4,0,0),(300,43,5,0,0),(301,43,6,0,0),(302,44,0,0,0),(303,44,1,0,0),(304,44,2,0,0),(305,44,3,0,0),(306,44,4,0,0),(307,44,5,0,0),(308,44,6,0,0),(309,45,0,0,0),(310,45,1,0,0),(311,45,2,0,0),(312,45,3,0,0),(313,45,4,0,0),(314,45,5,0,0),(315,45,6,0,0),(316,46,0,0,0),(317,46,1,0,0),(318,46,2,0,0),(319,46,3,0,0),(320,46,4,0,0),(321,46,5,0,0),(322,46,6,0,0),(323,47,0,0,0),(324,47,1,0,0),(325,47,2,0,0),(326,47,3,0,0),(327,47,4,0,0),(328,47,5,0,0),(329,47,6,0,0),(330,48,0,0,0),(331,48,1,0,0),(332,48,2,0,0),(333,48,3,0,0),(334,48,4,0,0),(335,48,5,0,0),(336,48,6,0,0),(337,49,0,0,0),(338,49,1,0,0),(339,49,2,0,0),(340,49,3,0,0),(341,49,4,0,0),(342,49,5,0,0),(343,49,6,0,0),(344,50,0,0,0),(345,50,1,0,0),(346,50,2,0,0),(347,50,3,0,0),(348,50,4,0,0),(349,50,5,0,0),(350,50,6,0,0),(351,51,0,0,0),(352,51,1,0,0),(353,51,2,0,0),(354,51,3,0,0),(355,51,4,0,0),(356,51,5,0,0),(357,51,6,0,0),(358,52,0,0,0),(359,52,1,0,0),(360,52,2,0,0),(361,52,3,0,0),(362,52,4,0,0),(363,52,5,0,0),(364,52,6,0,0),(365,53,0,0,0),(366,53,1,0,0),(367,53,2,0,0),(368,53,3,0,0),(369,53,4,0,0),(370,53,5,0,0),(371,53,6,0,0),(372,54,0,0,0),(373,54,1,0,0),(374,54,2,0,0),(375,54,3,0,0),(376,54,4,0,0),(377,54,5,0,0),(378,54,6,0,0),(379,55,0,0,0),(380,55,1,0,0),(381,55,2,0,0),(382,55,3,0,0),(383,55,4,0,0),(384,55,5,0,0),(385,55,6,0,0),(386,56,0,0,0),(387,56,1,0,0),(388,56,2,0,0),(389,56,3,0,0),(390,56,4,0,0),(391,56,5,0,0),(392,56,6,0,0),(393,57,0,0,0),(394,57,1,0,0),(395,57,2,0,0),(396,57,3,0,0),(397,57,4,0,0),(398,57,5,0,0),(399,57,6,0,0),(400,58,0,0,0),(401,58,1,0,0),(402,58,2,0,0),(403,58,3,0,0),(404,58,4,0,0),(405,58,5,0,0),(406,58,6,0,0),(407,59,0,0,0),(408,59,1,0,0),(409,59,2,0,0),(410,59,3,0,0),(411,59,4,0,0),(412,59,5,0,0),(413,59,6,0,0),(414,60,0,0,0),(415,60,1,0,0),(416,60,2,0,0),(417,60,3,0,0),(418,60,4,0,0),(419,60,5,0,0),(420,60,6,0,0),(421,61,0,0,0),(422,61,1,0,0),(423,61,2,0,0),(424,61,3,0,0),(425,61,4,0,0),(426,61,5,0,0),(427,61,6,0,0),(428,62,0,0,0),(429,62,1,0,0),(430,62,2,0,0),(431,62,3,0,0),(432,62,4,0,0),(433,62,5,0,0),(434,62,6,0,0),(435,63,0,0,0),(436,63,1,0,0),(437,63,2,0,0),(438,63,3,0,0),(439,63,4,0,0),(440,63,5,0,0),(441,63,6,0,0),(442,64,0,0,0),(443,64,1,0,0),(444,64,2,0,0),(445,64,3,0,0),(446,64,4,0,0),(447,64,5,0,0),(448,64,6,0,0),(449,65,0,0,0),(450,65,1,0,0),(451,65,2,0,0),(452,65,3,0,0),(453,65,4,0,0),(454,65,5,0,0),(455,65,6,0,0),(456,66,0,0,0),(457,66,1,0,0),(458,66,2,0,0),(459,66,3,0,0),(460,66,4,0,0),(461,66,5,0,0),(462,66,6,0,0),(463,67,0,0,0),(464,67,1,0,0),(465,67,2,0,0),(466,67,3,0,0),(467,67,4,0,0),(468,67,5,0,0),(469,67,6,0,0),(470,68,0,0,0),(471,68,1,0,0),(472,68,2,0,0),(473,68,3,0,0),(474,68,4,0,0),(475,68,5,0,0),(476,68,6,0,0),(477,69,0,0,0),(478,69,1,0,0),(479,69,2,0,0),(480,69,3,0,0),(481,69,4,0,0),(482,69,5,0,0),(483,69,6,0,0),(484,70,0,0,0),(485,70,1,0,0),(486,70,2,0,0),(487,70,3,0,0),(488,70,4,0,0),(489,70,5,0,0),(490,70,6,0,0),(491,71,0,0,0),(492,71,1,0,0),(493,71,2,0,0),(494,71,3,0,0),(495,71,4,0,0),(496,71,5,0,0),(497,71,6,0,0),(498,72,0,0,0),(499,72,1,0,0),(500,72,2,0,0),(501,72,3,0,0),(502,72,4,0,0),(503,72,5,0,0),(504,72,6,0,0),(505,73,0,0,0),(506,73,1,0,0),(507,73,2,0,0),(508,73,3,0,0),(509,73,4,0,0),(510,73,5,0,0),(511,73,6,0,0),(512,74,0,0,0),(513,74,1,0,0),(514,74,2,0,0),(515,74,3,0,0),(516,74,4,0,0),(517,74,5,0,0),(518,74,6,0,0),(519,75,0,0,0),(520,75,1,0,0),(521,75,2,0,0),(522,75,3,0,0),(523,75,4,0,0),(524,75,5,0,0),(525,75,6,0,0),(526,76,0,0,0),(527,76,1,0,0),(528,76,2,0,0),(529,76,3,0,0),(530,76,4,0,0),(531,76,5,0,0),(532,76,6,0,0),(533,77,0,0,0),(534,77,1,0,0),(535,77,2,0,0),(536,77,3,0,0),(537,77,4,0,0),(538,77,5,0,0),(539,77,6,0,0),(540,78,0,0,0),(541,78,1,0,0),(542,78,2,0,0),(543,78,3,0,0),(544,78,4,0,0),(545,78,5,0,0),(546,78,6,0,0),(547,79,0,0,0),(548,79,1,0,0),(549,79,2,0,0),(550,79,3,0,0),(551,79,4,0,0),(552,79,5,0,0),(553,79,6,0,0),(554,80,0,0,0),(555,80,1,0,0),(556,80,2,0,0),(557,80,3,0,0),(558,80,4,0,0),(559,80,5,0,0),(560,80,6,0,0),(561,81,0,0,0),(562,81,1,0,0),(563,81,2,0,0),(564,81,3,0,0),(565,81,4,0,0),(566,81,5,0,0),(567,81,6,0,0),(568,82,0,0,0),(569,82,1,0,0),(570,82,2,0,0),(571,82,3,0,0),(572,82,4,0,0),(573,82,5,0,0),(574,82,6,0,0),(575,83,0,0,0),(576,83,1,0,0),(577,83,2,0,0),(578,83,3,0,0),(579,83,4,0,0),(580,83,5,0,0),(581,83,6,0,0),(582,84,0,0,0),(583,84,1,0,0),(584,84,2,0,0),(585,84,3,0,0),(586,84,4,0,0),(587,84,5,0,0),(588,84,6,0,0),(589,85,0,0,0),(590,85,1,0,0),(591,85,2,0,0),(592,85,3,0,0),(593,85,4,0,0),(594,85,5,0,0),(595,85,6,0,0),(596,86,0,0,0),(597,86,1,0,0),(598,86,2,0,0),(599,86,3,0,0),(600,86,4,0,0),(601,86,5,0,0),(602,86,6,0,0),(603,87,0,0,0),(604,87,1,0,0),(605,87,2,0,0),(606,87,3,0,0),(607,87,4,0,0),(608,87,5,0,0),(609,87,6,0,0),(610,88,0,0,0),(611,88,1,0,0),(612,88,2,0,0),(613,88,3,0,0),(614,88,4,0,0),(615,88,5,0,0),(616,88,6,0,0),(617,89,0,0,0),(618,89,1,0,0),(619,89,2,0,0),(620,89,3,0,0),(621,89,4,0,0),(622,89,5,0,0),(623,89,6,0,0),(624,90,0,0,0),(625,90,1,0,0),(626,90,2,0,0),(627,90,3,0,0),(628,90,4,0,0),(629,90,5,0,0),(630,90,6,0,0),(631,91,0,0,0),(632,91,1,0,0),(633,91,2,0,0),(634,91,3,0,0),(635,91,4,0,0),(636,91,5,0,0),(637,91,6,0,0),(638,92,0,0,0),(639,92,1,0,0),(640,92,2,0,0),(641,92,3,0,0),(642,92,4,0,0),(643,92,5,0,0),(644,92,6,0,0),(645,93,0,0,0),(646,93,1,0,0),(647,93,2,0,0),(648,93,3,0,0),(649,93,4,0,0),(650,93,5,0,0),(651,93,6,0,0),(652,94,0,0,0),(653,94,1,0,0),(654,94,2,0,0),(655,94,3,0,0),(656,94,4,0,0),(657,94,5,0,0),(658,94,6,0,0),(659,95,0,0,0),(660,95,1,0,0),(661,95,2,0,0),(662,95,3,0,0),(663,95,4,0,0),(664,95,5,0,0),(665,95,6,0,0),(666,96,0,0,0),(667,96,1,0,0),(668,96,2,0,0),(669,96,3,0,0),(670,96,4,0,0),(671,96,5,0,0),(672,96,6,0,0),(673,97,0,0,0),(674,97,1,0,0),(675,97,2,0,0),(676,97,3,0,0),(677,97,4,0,0),(678,97,5,0,0),(679,97,6,0,0),(680,98,0,0,0),(681,98,1,0,0),(682,98,2,0,0),(683,98,3,0,0),(684,98,4,0,0),(685,98,5,0,0),(686,98,6,0,0),(687,99,0,0,0),(688,99,1,0,0),(689,99,2,0,0),(690,99,3,0,0),(691,99,4,0,0),(692,99,5,0,0),(693,99,6,0,0),(694,100,0,0,0),(695,100,1,0,0),(696,100,2,0,0),(697,100,3,0,0),(698,100,4,0,0),(699,100,5,0,0),(700,100,6,0,0),(701,101,0,0,0),(702,101,1,0,0),(703,101,2,0,0),(704,101,3,0,0),(705,101,4,0,0),(706,101,5,0,0),(707,101,6,0,0),(708,102,0,0,0),(709,102,1,0,0),(710,102,2,0,0),(711,102,3,0,0),(712,102,4,0,0),(713,102,5,0,0),(714,102,6,0,0),(715,103,0,0,0),(716,103,1,0,0),(717,103,2,0,0),(718,103,3,0,0),(719,103,4,0,0),(720,103,5,0,0),(721,103,6,0,0),(722,104,0,0,0),(723,104,1,0,0),(724,104,2,0,0),(725,104,3,0,0),(726,104,4,0,0),(727,104,5,0,0),(728,104,6,0,0),(729,105,0,0,0),(730,105,1,0,0),(731,105,2,0,0),(732,105,3,0,0),(733,105,4,0,0),(734,105,5,0,0),(735,105,6,0,0),(736,106,0,0,0),(737,106,1,0,0),(738,106,2,0,0),(739,106,3,0,0),(740,106,4,0,0),(741,106,5,0,0),(742,106,6,0,0),(743,107,0,0,0),(744,107,1,0,0),(745,107,2,0,0),(746,107,3,0,0),(747,107,4,0,0),(748,107,5,0,0),(749,107,6,0,0),(750,108,0,0,0),(751,108,1,0,0),(752,108,2,0,0),(753,108,3,0,0),(754,108,4,0,0),(755,108,5,0,0),(756,108,6,0,0),(757,109,0,0,0),(758,109,1,0,0),(759,109,2,0,0),(760,109,3,0,0),(761,109,4,0,0),(762,109,5,0,0),(763,109,6,0,0),(764,110,0,0,0),(765,110,1,0,0),(766,110,2,0,0),(767,110,3,0,0),(768,110,4,0,0),(769,110,5,0,0),(770,110,6,0,0),(771,111,0,0,0),(772,111,1,0,0),(773,111,2,0,0),(774,111,3,0,0),(775,111,4,0,0),(776,111,5,0,0),(777,111,6,0,0),(778,112,0,0,0),(779,112,1,0,0),(780,112,2,0,0),(781,112,3,0,0),(782,112,4,0,0),(783,112,5,0,0),(784,112,6,0,0),(785,113,0,0,0),(786,113,1,0,0),(787,113,2,0,0),(788,113,3,0,0),(789,113,4,0,0),(790,113,5,0,0),(791,113,6,0,0),(792,114,0,0,0),(793,114,1,0,0),(794,114,2,0,0),(795,114,3,0,0),(796,114,4,0,0),(797,114,5,0,0),(798,114,6,0,0),(799,115,0,0,0),(800,115,1,0,0),(801,115,2,0,0),(802,115,3,0,0),(803,115,4,0,0),(804,115,5,0,0),(805,115,6,0,0),(806,116,0,0,0),(807,116,1,0,0),(808,116,2,0,0),(809,116,3,0,0),(810,116,4,0,0),(811,116,5,0,0),(812,116,6,0,0),(813,117,0,0,0),(814,117,1,0,0),(815,117,2,0,0),(816,117,3,0,0),(817,117,4,0,0),(818,117,5,0,0),(819,117,6,0,0),(820,118,0,0,0),(821,118,1,0,0),(822,118,2,0,0),(823,118,3,0,0),(824,118,4,0,0),(825,118,5,0,0),(826,118,6,0,0),(827,119,0,0,0),(828,119,1,0,0),(829,119,2,0,0),(830,119,3,0,0),(831,119,4,0,0),(832,119,5,0,0),(833,119,6,0,0),(834,120,0,0,0),(835,120,1,0,0),(836,120,2,0,0),(837,120,3,0,0),(838,120,4,0,0),(839,120,5,0,0),(840,120,6,0,0),(841,121,0,0,0),(842,121,1,0,0),(843,121,2,0,0),(844,121,3,0,0),(845,121,4,0,0),(846,121,5,0,0),(847,121,6,0,0),(848,122,0,0,0),(849,122,1,0,0),(850,122,2,0,0),(851,122,3,0,0),(852,122,4,0,0),(853,122,5,0,0),(854,122,6,0,0),(855,123,0,0,0),(856,123,1,0,0),(857,123,2,0,0),(858,123,3,0,0),(859,123,4,0,0),(860,123,5,0,0),(861,123,6,0,0),(862,124,0,0,0),(863,124,1,0,0),(864,124,2,0,0),(865,124,3,0,0),(866,124,4,0,0),(867,124,5,0,0),(868,124,6,0,0),(869,125,0,0,0),(870,125,1,0,0),(871,125,2,0,0),(872,125,3,0,0),(873,125,4,0,0),(874,125,5,0,0),(875,125,6,0,0),(876,126,0,0,0),(877,126,1,0,0),(878,126,2,0,0),(879,126,3,0,0),(880,126,4,0,0),(881,126,5,0,0),(882,126,6,0,0),(883,127,0,0,0),(884,127,1,0,0),(885,127,2,0,0),(886,127,3,0,0),(887,127,4,0,0),(888,127,5,0,0),(889,127,6,0,0),(890,128,0,0,0),(891,128,1,0,0),(892,128,2,0,0),(893,128,3,0,0),(894,128,4,0,0),(895,128,5,0,0),(896,128,6,0,0),(897,129,0,0,0),(898,129,1,0,0),(899,129,2,0,0),(900,129,3,0,0),(901,129,4,0,0),(902,129,5,0,0),(903,129,6,0,0),(904,130,0,0,0),(905,130,1,0,0),(906,130,2,0,0),(907,130,3,0,0),(908,130,4,0,0),(909,130,5,0,0),(910,130,6,0,0),(911,131,0,0,0),(912,131,1,0,0),(913,131,2,0,0),(914,131,3,0,0),(915,131,4,0,0),(916,131,5,0,0),(917,131,6,0,0),(918,132,0,0,0),(919,132,1,0,0),(920,132,2,0,0),(921,132,3,0,0),(922,132,4,0,0),(923,132,5,0,0),(924,132,6,0,0),(925,133,0,0,0),(926,133,1,0,0),(927,133,2,0,0),(928,133,3,0,0),(929,133,4,0,0),(930,133,5,0,0),(931,133,6,0,0),(932,134,0,0,0),(933,134,1,0,0),(934,134,2,0,0),(935,134,3,0,0),(936,134,4,0,0),(937,134,5,0,0),(938,134,6,0,0),(939,135,0,0,0),(940,135,1,0,0),(941,135,2,0,0),(942,135,3,0,0),(943,135,4,0,0),(944,135,5,0,0),(945,135,6,0,0),(946,136,0,0,0),(947,136,1,0,0),(948,136,2,0,0),(949,136,3,0,0),(950,136,4,0,0),(951,136,5,0,0),(952,136,6,0,0),(953,137,0,0,0),(954,137,1,0,0),(955,137,2,0,0),(956,137,3,0,0),(957,137,4,0,0),(958,137,5,0,0),(959,137,6,0,0),(960,138,0,0,0),(961,138,1,0,0),(962,138,2,0,0),(963,138,3,0,0),(964,138,4,0,0),(965,138,5,0,0),(966,138,6,0,0),(967,139,0,0,0),(968,139,1,0,0),(969,139,2,0,0),(970,139,3,0,0),(971,139,4,0,0),(972,139,5,0,0),(973,139,6,0,0),(974,140,0,0,0),(975,140,1,0,0),(976,140,2,0,0),(977,140,3,0,0),(978,140,4,0,0),(979,140,5,0,0),(980,140,6,0,0),(981,141,0,0,0),(982,141,1,0,0),(983,141,2,0,0),(984,141,3,0,0),(985,141,4,0,0),(986,141,5,0,0),(987,141,6,0,0),(988,142,0,0,0),(989,142,1,0,0),(990,142,2,0,0),(991,142,3,0,0),(992,142,4,0,0),(993,142,5,0,0),(994,142,6,0,0),(995,143,0,0,0),(996,143,1,0,0),(997,143,2,0,0),(998,143,3,0,0),(999,143,4,0,0),(1000,143,5,0,0),(1001,143,6,0,0),(1002,144,0,0,0),(1003,144,1,0,0),(1004,144,2,0,0),(1005,144,3,0,0),(1006,144,4,0,0),(1007,144,5,0,0),(1008,144,6,0,0),(1009,145,0,0,0),(1010,145,1,0,0),(1011,145,2,0,0),(1012,145,3,0,0),(1013,145,4,0,0),(1014,145,5,0,0),(1015,145,6,0,0),(1016,146,0,0,0),(1017,146,1,0,0),(1018,146,2,0,0),(1019,146,3,0,0),(1020,146,4,0,0),(1021,146,5,0,0),(1022,146,6,0,0),(1023,147,0,0,0),(1024,147,1,0,0),(1025,147,2,0,0),(1026,147,3,0,0),(1027,147,4,0,0),(1028,147,5,0,0),(1029,147,6,0,0),(1030,148,0,0,0),(1031,148,1,0,0),(1032,148,2,0,0),(1033,148,3,0,0),(1034,148,4,0,0),(1035,148,5,0,0),(1036,148,6,0,0),(1037,149,0,0,0),(1038,149,1,0,0),(1039,149,2,0,0),(1040,149,3,0,0),(1041,149,4,0,0),(1042,149,5,0,0),(1043,149,6,0,0),(1044,150,0,0,0),(1045,150,1,0,0),(1046,150,2,0,0),(1047,150,3,0,0),(1048,150,4,0,0),(1049,150,5,0,0),(1050,150,6,0,0),(1051,151,0,0,0),(1052,151,1,0,0),(1053,151,2,0,0),(1054,151,3,0,0),(1055,151,4,0,0),(1056,151,5,0,0),(1057,151,6,0,0),(1058,152,0,0,0),(1059,152,1,0,0),(1060,152,2,0,0),(1061,152,3,0,0),(1062,152,4,0,0),(1063,152,5,0,0),(1064,152,6,0,0),(1065,153,0,0,0),(1066,153,1,0,0),(1067,153,2,0,0),(1068,153,3,0,0),(1069,153,4,0,0),(1070,153,5,0,0),(1071,153,6,0,0),(1072,154,0,0,0),(1073,154,1,0,0),(1074,154,2,0,0),(1075,154,3,0,0),(1076,154,4,0,0),(1077,154,5,0,0),(1078,154,6,0,0),(1079,155,0,0,0),(1080,155,1,0,0),(1081,155,2,0,0),(1082,155,3,0,0),(1083,155,4,0,0),(1084,155,5,0,0),(1085,155,6,0,0),(1086,156,0,0,0),(1087,156,1,0,0),(1088,156,2,0,0),(1089,156,3,0,0),(1090,156,4,0,0),(1091,156,5,0,0),(1092,156,6,0,0),(1093,157,0,0,0),(1094,157,1,0,0),(1095,157,2,0,0),(1096,157,3,0,0),(1097,157,4,0,0),(1098,157,5,0,0),(1099,157,6,0,0),(1100,158,0,0,0),(1101,158,1,0,0),(1102,158,2,0,0),(1103,158,3,0,0),(1104,158,4,0,0),(1105,158,5,0,0),(1106,158,6,0,0),(1107,159,0,0,0),(1108,159,1,0,0),(1109,159,2,0,0),(1110,159,3,0,0),(1111,159,4,0,0),(1112,159,5,0,0),(1113,159,6,0,0),(1114,160,0,0,0),(1115,160,1,0,0),(1116,160,2,0,0),(1117,160,3,0,0),(1118,160,4,0,0),(1119,160,5,0,0),(1120,160,6,0,0),(1121,161,0,0,0),(1122,161,1,0,0),(1123,161,2,0,0),(1124,161,3,0,0),(1125,161,4,0,0),(1126,161,5,0,0),(1127,161,6,0,0),(1128,162,0,0,0),(1129,162,1,0,0),(1130,162,2,0,0),(1131,162,3,0,0),(1132,162,4,0,0),(1133,162,5,0,0),(1134,162,6,0,0),(1135,163,0,0,0),(1136,163,1,0,0),(1137,163,2,0,0),(1138,163,3,0,0),(1139,163,4,0,0),(1140,163,5,0,0),(1141,163,6,0,0),(1142,164,0,0,0),(1143,164,1,0,0),(1144,164,2,0,0),(1145,164,3,0,0),(1146,164,4,0,0),(1147,164,5,0,0),(1148,164,6,0,0),(1149,165,0,0,0),(1150,165,1,0,0),(1151,165,2,0,0),(1152,165,3,0,0),(1153,165,4,0,0),(1154,165,5,0,0),(1155,165,6,0,0),(1156,166,0,0,0),(1157,166,1,0,0),(1158,166,2,0,0),(1159,166,3,0,0),(1160,166,4,0,0),(1161,166,5,0,0),(1162,166,6,0,0),(1163,167,0,0,0),(1164,167,1,0,0),(1165,167,2,0,0),(1166,167,3,0,0),(1167,167,4,0,0),(1168,167,5,0,0),(1169,167,6,0,0),(1170,168,0,0,0),(1171,168,1,0,0),(1172,168,2,0,0),(1173,168,3,0,0),(1174,168,4,0,0),(1175,168,5,0,0),(1176,168,6,0,0),(1177,169,0,0,0),(1178,169,1,0,0),(1179,169,2,0,0),(1180,169,3,0,0),(1181,169,4,0,0),(1182,169,5,0,0),(1183,169,6,0,0),(1184,170,0,0,0),(1185,170,1,0,0),(1186,170,2,0,0),(1187,170,3,0,0),(1188,170,4,0,0),(1189,170,5,0,0),(1190,170,6,0,0),(1191,171,0,0,0),(1192,171,1,0,0),(1193,171,2,0,0),(1194,171,3,0,0),(1195,171,4,0,0),(1196,171,5,0,0),(1197,171,6,0,0),(1198,172,0,0,0),(1199,172,1,0,0),(1200,172,2,0,0),(1201,172,3,0,0),(1202,172,4,0,0),(1203,172,5,0,0),(1204,172,6,0,0),(1205,173,0,0,0),(1206,173,1,0,0),(1207,173,2,0,0),(1208,173,3,0,0),(1209,173,4,0,0),(1210,173,5,0,0),(1211,173,6,0,0),(1212,174,0,0,0),(1213,174,1,0,0),(1214,174,2,0,0),(1215,174,3,0,0),(1216,174,4,0,0),(1217,174,5,0,0),(1218,174,6,0,0),(1219,175,0,0,0),(1220,175,1,0,0),(1221,175,2,0,0),(1222,175,3,0,0),(1223,175,4,0,0),(1224,175,5,0,0),(1225,175,6,0,0),(1226,176,0,0,0),(1227,176,1,0,0),(1228,176,2,0,0),(1229,176,3,0,0),(1230,176,4,0,0),(1231,176,5,0,0),(1232,176,6,0,0),(1233,177,0,0,0),(1234,177,1,0,0),(1235,177,2,0,0),(1236,177,3,0,0),(1237,177,4,0,0),(1238,177,5,0,0),(1239,177,6,0,0),(1240,178,0,0,0),(1241,178,1,0,0),(1242,178,2,0,0),(1243,178,3,0,0),(1244,178,4,0,0),(1245,178,5,0,0),(1246,178,6,0,0),(1247,179,0,0,0),(1248,179,1,0,0),(1249,179,2,0,0),(1250,179,3,0,0),(1251,179,4,0,0),(1252,179,5,0,0),(1253,179,6,0,0),(1254,180,0,0,0),(1255,180,1,0,0),(1256,180,2,0,0),(1257,180,3,0,0),(1258,180,4,0,0),(1259,180,5,0,0),(1260,180,6,0,0),(1261,181,0,0,0),(1262,181,1,0,0),(1263,181,2,0,0),(1264,181,3,0,0),(1265,181,4,0,0),(1266,181,5,0,0),(1267,181,6,0,0),(1268,182,0,0,0),(1269,182,1,0,0),(1270,182,2,0,0),(1271,182,3,0,0),(1272,182,4,0,0),(1273,182,5,0,0),(1274,182,6,0,0),(1275,183,0,0,0),(1276,183,1,0,0),(1277,183,2,0,0),(1278,183,3,0,0),(1279,183,4,0,0),(1280,183,5,0,0),(1281,183,6,0,0),(1282,184,0,0,0),(1283,184,1,0,0),(1284,184,2,0,0),(1285,184,3,0,0),(1286,184,4,0,0),(1287,184,5,0,0),(1288,184,6,0,0);
/*!40000 ALTER TABLE `houses_weapons` ENABLE KEYS */;
UNLOCK TABLES;

--
-- Table structure for table `impuestos`
--

DROP TABLE IF EXISTS `impuestos`;
/*!40101 SET @saved_cs_client     = @@character_set_client */;
/*!50503 SET character_set_client = utf8mb4 */;
CREATE TABLE `impuestos` (
  `ID` int NOT NULL,
  `alicuotaCasas` float NOT NULL DEFAULT '0.1',
  `alicuotaNegocios` float NOT NULL DEFAULT '0.1',
  `alicuotaVehiculos` float NOT NULL DEFAULT '2',
  `precioPeajesParqueos` int NOT NULL DEFAULT '10',
  `precioCombustible` int NOT NULL DEFAULT '2',
  PRIMARY KEY (`ID`)
) ENGINE=InnoDB DEFAULT CHARSET=utf8mb4 COLLATE=utf8mb4_unicode_ci;
/*!40101 SET character_set_client = @saved_cs_client */;

--
-- Dumping data for table `impuestos`
--

LOCK TABLES `impuestos` WRITE;
/*!40000 ALTER TABLE `impuestos` DISABLE KEYS */;
INSERT INTO `impuestos` VALUES (1,0.1,0.1,2,10,2);
/*!40000 ALTER TABLE `impuestos` ENABLE KEYS */;
UNLOCK TABLES;

--
-- Table structure for table `map_objects_bombas`
--

DROP TABLE IF EXISTS `map_objects_bombas`;
/*!40101 SET @saved_cs_client     = @@character_set_client */;
/*!50503 SET character_set_client = utf8mb4 */;
CREATE TABLE `map_objects_bombas` (
  `id` int NOT NULL,
  `typeBomb` int NOT NULL DEFAULT '0',
  `model_id` int DEFAULT '0',
  `pos_x` float NOT NULL DEFAULT '0',
  `pos_y` float NOT NULL DEFAULT '0',
  `pos_z` float NOT NULL DEFAULT '0',
  `object_id` int NOT NULL DEFAULT '0',
  PRIMARY KEY (`id`)
) ENGINE=InnoDB DEFAULT CHARSET=utf8mb4 COLLATE=utf8mb4_unicode_ci;
/*!40101 SET character_set_client = @saved_cs_client */;

--
-- Dumping data for table `map_objects_bombas`
--

LOCK TABLES `map_objects_bombas` WRITE;
/*!40000 ALTER TABLE `map_objects_bombas` DISABLE KEYS */;
INSERT INTO `map_objects_bombas` VALUES (0,0,0,0,0,0,0),(1,0,0,0,0,0,0),(2,0,0,0,0,0,0),(3,0,0,0,0,0,0),(4,0,0,0,0,0,0),(5,0,0,0,0,0,0),(6,0,0,0,0,0,0),(7,0,0,0,0,0,0),(8,0,0,0,0,0,0),(9,0,0,0,0,0,0),(10,0,0,0,0,0,0),(11,0,0,0,0,0,0),(12,0,0,0,0,0,0),(13,0,0,0,0,0,0),(14,0,0,0,0,0,0),(15,0,0,0,0,0,0),(16,0,0,0,0,0,0),(17,0,0,0,0,0,0),(18,0,0,0,0,0,0),(19,0,0,0,0,0,0),(20,0,0,0,0,0,0),(21,0,0,0,0,0,0),(22,0,0,0,0,0,0),(23,0,0,0,0,0,0),(24,0,0,0,0,0,0),(25,0,0,0,0,0,0),(26,0,0,0,0,0,0),(27,0,0,0,0,0,0),(28,0,0,0,0,0,0),(29,0,0,0,0,0,0);
/*!40000 ALTER TABLE `map_objects_bombas` ENABLE KEYS */;
UNLOCK TABLES;

--
-- Table structure for table `map_objects_vcp`
--

DROP TABLE IF EXISTS `map_objects_vcp`;
/*!40101 SET @saved_cs_client     = @@character_set_client */;
/*!50503 SET character_set_client = utf8mb4 */;
CREATE TABLE `map_objects_vcp` (
  `id` int NOT NULL,
  `id_objectModel` int DEFAULT '-1',
  `ObjectX` float DEFAULT '0',
  `ObjectY` float DEFAULT '0',
  `ObjectZ` float DEFAULT '0',
  `ObjectZRot` float DEFAULT '0',
  PRIMARY KEY (`id`)
) ENGINE=InnoDB DEFAULT CHARSET=utf8mb4 COLLATE=utf8mb4_unicode_ci;
/*!40101 SET character_set_client = @saved_cs_client */;

--
-- Dumping data for table `map_objects_vcp`
--

LOCK TABLES `map_objects_vcp` WRITE;
/*!40000 ALTER TABLE `map_objects_vcp` DISABLE KEYS */;
INSERT INTO `map_objects_vcp` VALUES (0,-1,0,0,0,0),(1,-1,0,0,0,0),(2,-1,0,0,0,0),(3,-1,0,0,0,0),(4,-1,0,0,0,0),(5,-1,0,0,0,0),(6,-1,0,0,0,0),(7,-1,0,0,0,0),(8,-1,0,0,0,0),(9,-1,0,0,0,0),(10,-1,0,0,0,0),(11,-1,0,0,0,0),(12,-1,0,0,0,0),(13,-1,0,0,0,0),(14,-1,0,0,0,0),(15,-1,0,0,0,0),(16,-1,0,0,0,0),(17,-1,0,0,0,0),(18,-1,0,0,0,0),(19,-1,0,0,0,0),(20,-1,0,0,0,0),(21,-1,0,0,0,0),(22,-1,0,0,0,0),(23,-1,0,0,0,0),(24,-1,0,0,0,0),(25,-1,0,0,0,0),(26,-1,0,0,0,0),(27,-1,0,0,0,0),(28,-1,0,0,0,0),(29,-1,0,0,0,0),(30,-1,0,0,0,0),(31,-1,0,0,0,0),(32,-1,0,0,0,0),(33,-1,0,0,0,0),(34,-1,0,0,0,0),(35,-1,0,0,0,0),(36,-1,0,0,0,0),(37,-1,0,0,0,0),(38,-1,0,0,0,0),(39,-1,0,0,0,0),(40,-1,0,0,0,0),(41,-1,0,0,0,0),(42,-1,0,0,0,0),(43,-1,0,0,0,0),(44,-1,0,0,0,0),(45,-1,0,0,0,0),(46,-1,0,0,0,0),(47,-1,0,0,0,0),(48,-1,0,0,0,0),(49,-1,0,0,0,0),(50,-1,0,0,0,0),(51,-1,0,0,0,0),(52,-1,0,0,0,0),(53,-1,0,0,0,0),(54,-1,0,0,0,0),(55,-1,0,0,0,0),(56,-1,0,0,0,0),(57,-1,0,0,0,0),(58,-1,0,0,0,0),(59,-1,0,0,0,0),(60,-1,0,0,0,0),(61,-1,0,0,0,0),(62,-1,0,0,0,0),(63,-1,0,0,0,0),(64,-1,0,0,0,0),(65,-1,0,0,0,0),(67,-1,0,0,0,0),(68,-1,0,0,0,0),(69,-1,0,0,0,0),(70,-1,0,0,0,0),(71,-1,0,0,0,0),(72,-1,0,0,0,0),(73,-1,0,0,0,0),(74,-1,0,0,0,0),(75,-1,0,0,0,0),(76,-1,0,0,0,0),(77,-1,0,0,0,0),(78,-1,0,0,0,0),(79,-1,0,0,0,0),(80,-1,0,0,0,0),(81,-1,0,0,0,0),(82,-1,0,0,0,0),(83,-1,0,0,0,0),(84,-1,0,0,0,0),(85,-1,0,0,0,0),(86,-1,0,0,0,0),(87,-1,0,0,0,0),(88,-1,0,0,0,0),(89,-1,0,0,0,0),(90,-1,0,0,0,0),(91,-1,0,0,0,0),(92,-1,0,0,0,0),(93,-1,0,0,0,0),(94,-1,0,0,0,0),(95,-1,0,0,0,0),(96,-1,0,0,0,0),(97,-1,0,0,0,0),(98,-1,0,0,0,0),(99,-1,0,0,0,0);
/*!40000 ALTER TABLE `map_objects_vcp` ENABLE KEYS */;
UNLOCK TABLES;

--
-- Table structure for table `mapeos`
--

DROP TABLE IF EXISTS `mapeos`;
/*!40101 SET @saved_cs_client     = @@character_set_client */;
/*!50503 SET character_set_client = utf8mb4 */;
CREATE TABLE `mapeos` (
  `ID` int NOT NULL,
  `Modelo` int NOT NULL DEFAULT '0',
  `PosX` float NOT NULL DEFAULT '0',
  `PosY` float NOT NULL DEFAULT '0',
  `PosZ` float NOT NULL DEFAULT '0',
  `PosRX` float NOT NULL DEFAULT '0',
  `PosRY` float NOT NULL DEFAULT '0',
  `PosRZ` float NOT NULL DEFAULT '0',
  `Mundo` int NOT NULL DEFAULT '0',
  `Interior` int NOT NULL DEFAULT '0',
  `CreatedBy` varchar(100) COLLATE utf8mb4_unicode_ci NOT NULL DEFAULT 'Nadie',
  `Tipo` int NOT NULL DEFAULT '0',
  `Tipoid` int NOT NULL DEFAULT '0',
  PRIMARY KEY (`ID`),
  KEY `INDEX` (`CreatedBy`(24))
) ENGINE=InnoDB DEFAULT CHARSET=utf8mb4 COLLATE=utf8mb4_unicode_ci;
/*!40101 SET character_set_client = @saved_cs_client */;

--
-- Dumping data for table `mapeos`
--

LOCK TABLES `mapeos` WRITE;
/*!40000 ALTER TABLE `mapeos` DISABLE KEYS */;
INSERT INTO `mapeos` VALUES (0,966,-2037.76,-102.876,34.1741,0,0,0,0,0,'Rayan_Moreno',0,0),(1,968,-2037.63,-102.874,34.9902,0,-90.6,0,0,0,'Rayan_Moreno',1,0),(2,3465,-2026.59,157.829,29.3459,0,0,0,0,0,'Rayan_Moreno',0,0),(3,3465,-2026.59,155.809,29.3459,0,0,0,0,0,'Rayan_Moreno',0,0),(4,1569,-2023.44,-113.22,1034.15,0,0,0,4,3,'Rayan_Moreno',0,0),(5,984,-1243.75,-772.325,64.5695,-6.9,0,-60.1001,0,0,'Santiago_Correa',0,0),(6,968,-2599.38,688.296,27.6125,0,90,273,0,0,'Server',1,6),(7,980,-491.662,-562.619,27.2968,0,0,0,0,0,'Server',1,7),(8,968,-2081.65,1368.04,6.87718,0,89.3814,0,0,0,'Server',1,8),(9,1260,-1269.37,-769.436,72.6117,0,0,180,0,0,'Santiago_Correa',0,0),(10,982,-1236.6,-757.598,63.5884,0,0,-50.5,0,0,'Santiago_Correa',0,1),(11,4238,-1269.68,-769.859,78.0516,0,0,120.3,0,0,'Rayan_Moreno',0,0),(12,7313,-2676.99,1270.54,58.6997,0,0,0,0,0,'Rayan_Moreno',0,0),(13,7313,-2667.18,1270.54,58.6997,0,0,0,0,0,'Rayan_Moreno',0,0),(14,968,-2050.62,-80.5833,34.8919,0,89.2814,0,0,0,'Server',1,14),(15,7313,-2686.22,1270.4,58.6997,0,0,0,0,0,'Rayan_Moreno',0,0),(16,7313,-2695.39,1270.4,58.6997,0,0,0,0,0,'George_Willeams',0,0),(17,2952,239.623,116.459,1002.22,0,0,-180,4,10,'Rayan_Moreno',1,17),(18,2952,253.177,110.195,1002.22,0,0,0.100005,4,10,'Server',1,18),(19,980,-1571.69,662.455,8.96089,0,0,90,0,0,'Server',1,19),(20,971,-1699.12,684.684,27.0305,0,0,90,0,0,'Server',1,20),(21,980,-2867.03,466.175,6.61044,0,0,90,0,0,'Server',1,21),(22,10184,-1631.78,688.459,8.70926,0,0,269.621,0,0,'Server',1,22),(23,966,-2680.77,1280.62,54.3897,0,0,180,0,0,'Rayan_Moreno',0,0),(24,968,-1980.68,291.67,34.913,0,90,270,0,0,'Server',1,24),(25,968,-2680.89,1280.62,55.1897,0,90,0,0,0,'Rayan_Moreno',2,0),(26,1233,-2681.89,1265.68,55.6305,0,0,0,0,0,'Santiago_Correa',0,0),(27,14809,-2184.3,693.318,51.5,0,180,270,0,0,'Server',1,27),(28,1233,-2672.84,1265.68,55.6305,0,0,0,0,0,'Santiago_Correa',0,0),(29,966,-2670.92,1280.62,54.3897,0,0,180,0,0,'Santiago_Correa',0,0),(30,968,-2671.05,1280.62,55.1897,0,90,0,0,0,'Santiago_Correa',0,0),(31,966,-2689.67,1269.46,54.5597,0,0,180,0,0,'Santiago_Correa',0,0),(32,966,-2698.75,1269.64,54.3998,0,0,180,0,0,'Santiago_Correa',0,0),(33,4507,-19.3833,-1338.93,12.7361,0,0,-143.3,0,0,'George_Willeams',0,0),(34,968,-2689.79,1269.47,55.3997,0,90,0,0,0,'Santiago_Correa',0,1),(35,968,-2614.29,589.134,14.2267,0,90,89.5,0,0,'Server',1,35),(36,968,-2614.09,620.896,14.2267,0,90,89.4946,0,0,'Server',1,36),(37,968,-2603.31,579.042,14.2267,0,90,179.975,0,0,'Server',1,37),(38,968,-2602.21,695.707,27.6063,0,90,179.133,0,0,'Server',1,38),(39,968,-2479.85,-132.7,25.3781,0,89,90,0,0,'Server',1,39),(40,968,-2698.92,1269.66,55.2497,0,90,0,0,0,'Santiago_Correa',0,0),(41,3410,-2691.38,1268.65,54.3097,0,0,179.4,0,0,'Santiago_Correa',0,0),(42,3410,-2682.5,1268.55,54.3097,0,0,179.4,0,0,'Santiago_Correa',0,0),(43,3410,-2673.55,1280.56,54.3697,0,0,-180,0,0,'Santiago_Correa',0,0),(44,3410,-2671.39,1280.56,54.3697,0,0,-0.100013,0,0,'Santiago_Correa',0,0),(45,968,-2172.29,661.256,49.303,0,90,180,0,0,'Server',1,45),(46,3410,-2680.9,1280.58,54.3697,0,0,-0.100013,0,0,'Santiago_Correa',0,0),(47,3410,-2689.67,1268.66,54.3697,0,0,-0.100013,0,0,'Santiago_Correa',0,0),(48,2661,366.553,158.108,1010.41,0,0,-180,4,3,'George_Willeams',0,0),(49,4507,-1.87532,-1361.25,12.4161,0,0,-141.9,0,0,'George_Willeams',0,0),(50,3521,-2680.19,1244.03,55.7261,0,0,-154.9,0,0,'Santiago_Correa',0,0),(51,19122,-2699.41,1269.55,55.2225,0,0,0,0,0,'Alessandro_Valenti',0,0),(52,19122,-2690.61,1269.65,55.2225,0,0,0,0,0,'Alessandro_Valenti',0,0),(53,19122,-2681.76,1268.81,55.2225,0,0,0,0,0,'Alessandro_Valenti',0,0),(54,19122,-2672.45,1268.81,55.2225,0,0,0,0,0,'Alessandro_Valenti',0,0),(55,19122,-2663.62,1280.64,55.3426,0,0,0,0,0,'Alessandro_Valenti',0,0),(56,19122,-2672.41,1280.64,55.3426,0,0,0,0,0,'Alessandro_Valenti',0,0),(57,19122,-2682.04,1280.64,55.3426,0,0,0,0,0,'Alessandro_Valenti',0,0),(58,19122,-2690.7,1280.64,55.3426,0,0,0,0,0,'Alessandro_Valenti',0,0),(59,3881,-971.058,-312.417,37.5389,0,0,164.9,0,0,'Alessandro_Valenti',0,0),(60,966,-955.764,-319.417,35.2438,0,0,-13.8,0,0,'Alessandro_Valenti',0,0),(61,3881,-952.693,-317.598,37.239,0,0,-13.6997,0,0,'Alessandro_Valenti',0,0),(62,966,-967.863,-309.832,35.3339,0,0,167.4,0,0,'Alessandro_Valenti',0,0),(63,968,-967.865,-309.818,36.1331,359.2,89.6001,347.3,0,0,'Alessandro_Valenti',0,0),(64,968,-955.579,-319.459,36.0102,0.999998,90.1,166.3,0,0,'Alessandro_Valenti',0,0),(65,8530,-960.412,-264.378,40.2598,0,0,50.4,0,0,'Alessandro_Valenti',0,0),(66,997,-961.243,-311.358,35.2543,0,0,258.9,0,0,'Alessandro_Valenti',0,0),(67,997,-961.853,-314.469,35.2543,0,0,-101.1,0,0,'Alessandro_Valenti',0,0),(68,3410,-967.675,-308.904,35.5104,0,0,68.9,0,0,'Alessandro_Valenti',0,0),(69,3410,-955.96,-320.192,35.2004,0,0,-129.4,0,0,'Alessandro_Valenti',0,0),(70,997,-960.104,-305.112,35.2543,0,0,259.7,0,0,'Alessandro_Valenti',0,0),(71,997,-959.446,-301.523,35.2543,0,0,-100.1,0,0,'Alessandro_Valenti',0,0),(72,997,-958.657,-297.296,35.2543,0,0,-100.1,0,0,'Alessandro_Valenti',0,0),(73,997,-957.721,-292.525,35.2543,0,0,-100.6,0,0,'Alessandro_Valenti',0,0),(74,19425,-963.214,-295.681,35.4394,0,0.6,-12.4,0,0,'Alessandro_Valenti',0,0),(75,19425,-961.868,-304.556,35.4057,0,0.6,347.6,0,0,'George_Willeams',0,0),(76,19425,-965.042,-303.858,35.4398,0,0.6,347.6,0,0,'George_Willeams',0,0),(77,19425,-960.106,-296.354,35.4061,0,0.6,347.6,0,0,'Alessandro_Valenti',0,0),(78,19425,-964.207,-299.926,35.44,0,0.6,347.6,0,0,'Alessandro_Valenti',0,0),(79,19425,-965.846,-307.52,35.4397,0,0.6,347.6,0,0,'George_Willeams',0,0),(80,19425,-962.624,-308.229,35.4052,0,0.6,347.6,0,0,'George_Willeams',0,0),(81,19425,-961.08,-300.603,35.4065,0,0.6,347.6,0,0,'Alessandro_Valenti',0,0),(82,19425,-961.465,-321.34,35.2034,0,1.2,-11.5,0,0,'Alessandro_Valenti',0,0),(83,19425,-958.153,-322.014,35.1326,0,1.2,-11.5,0,0,'Alessandro_Valenti',0,0),(84,19425,-959.088,-326.61,35.1326,0,1.2,-11.5,0,0,'Alessandro_Valenti',0,0),(85,19425,-959.989,-331.039,35.1326,360,1.2,348.5,0,0,'Alessandro_Valenti',0,0),(86,19425,-960.843,-335.233,35.1326,360,1.2,348.5,0,0,'Alessandro_Valenti',0,0),(87,19425,-962.403,-325.946,35.2034,0,1.2,-11.5,0,0,'Alessandro_Valenti',0,0),(88,997,-960.65,-308.122,35.2543,0,0,-100.3,0,0,'Alessandro_Valenti',0,0),(89,19425,-964.153,-334.549,35.2034,360,1.2,348.5,0,0,'Alessandro_Valenti',0,0),(90,997,-962.539,-318.177,35.2543,0,0,-100.3,0,0,'Alessandro_Valenti',0,0),(91,997,-963.211,-321.876,35.2543,0,0,-100.3,0,0,'Alessandro_Valenti',0,0),(92,997,-964.17,-326.568,35.2543,0,0,-101.6,0,0,'Alessandro_Valenti',0,0),(93,997,-965.057,-330.888,35.2543,0,0,-101.6,0,0,'Alessandro_Valenti',0,0),(94,19425,-963.302,-330.365,35.2034,0,1.2,-11.5,0,0,'Alessandro_Valenti',0,0),(95,8530,-960.856,-348.021,40.2598,0,0,73.7,0,0,'Alessandro_Valenti',0,0),(96,3264,-2661.25,911.01,77.7144,0,0,-29.2,0,0,'Alessandro_Valenti',0,0),(97,19387,-2668.1,912.774,80.1895,0,0,0,0,0,'Alessandro_Valenti',0,0),(98,1556,-2668.13,912.029,78.4581,0,0,89.5,0,0,'Alessandro_Valenti',0,0),(99,968,-967.865,-309.818,36.1331,359.2,21.8001,347.3,0,0,'George_Willeams',0,0),(100,966,-2493.28,1201.43,36.6812,0,-2.1,220,0,0,'Rayan_Moreno',0,0),(101,968,-967.865,-309.818,36.1331,359.2,21.8001,347.3,0,0,'George_Willeams',0,0),(102,968,-2493.34,1201.38,37.4547,0,-92.5,220,0,0,'Rayan_Moreno',0,0),(103,968,-967.865,-309.818,36.1331,359.2,21.8001,347.3,0,0,'George_Willeams',0,0);
/*!40000 ALTER TABLE `mapeos` ENABLE KEYS */;
UNLOCK TABLES;

--
-- Table structure for table `mapeos_material`
--

DROP TABLE IF EXISTS `mapeos_material`;
/*!40101 SET @saved_cs_client     = @@character_set_client */;
/*!50503 SET character_set_client = utf8mb4 */;
CREATE TABLE `mapeos_material` (
  `ID` int NOT NULL AUTO_INCREMENT,
  `mapeo_id` int NOT NULL DEFAULT '-1',
  `material_id` int NOT NULL DEFAULT '-1',
  `materialtype` int NOT NULL DEFAULT '0',
  `texturemodel` int NOT NULL DEFAULT '0',
  `txdname` varchar(100) COLLATE utf8mb4_unicode_ci DEFAULT '0',
  `texturename` varchar(100) COLLATE utf8mb4_unicode_ci DEFAULT '0',
  `materialcolor` int NOT NULL DEFAULT '0',
  `materialtext` varchar(100) COLLATE utf8mb4_unicode_ci DEFAULT '0',
  `materialsize` int NOT NULL DEFAULT '0',
  `fonttext` varchar(100) COLLATE utf8mb4_unicode_ci NOT NULL DEFAULT '0',
  `fontsize` int NOT NULL DEFAULT '0',
  `bold` int NOT NULL DEFAULT '0',
  `fontcolor` int NOT NULL DEFAULT '0',
  `backgroundcolor` int NOT NULL DEFAULT '0',
  `textalignment` int NOT NULL DEFAULT '0',
  PRIMARY KEY (`ID`),
  KEY `INDEX` (`mapeo_id`,`material_id`) USING BTREE
) ENGINE=InnoDB AUTO_INCREMENT=1666 DEFAULT CHARSET=utf8mb4 COLLATE=utf8mb4_unicode_ci;
/*!40101 SET character_set_client = @saved_cs_client */;

--
-- Dumping data for table `mapeos_material`
--

LOCK TABLES `mapeos_material` WRITE;
/*!40000 ALTER TABLE `mapeos_material` DISABLE KEYS */;
INSERT INTO `mapeos_material` VALUES (2,0,0,0,0,'','',0,'',0,'',0,0,0,0,0),(3,0,1,0,0,'','',0,'',0,'',0,0,0,0,0),(4,0,2,0,0,'','',0,'',0,'',0,0,0,0,0),(5,0,3,0,0,'','',0,'',0,'',0,0,0,0,0),(6,0,4,0,0,'','',0,'',0,'',0,0,0,0,0),(7,0,5,0,0,'','',0,'',0,'',0,0,0,0,0),(8,0,6,0,0,'','',0,'',0,'',0,0,0,0,0),(9,0,7,0,0,'','',0,'',0,'',0,0,0,0,0),(10,0,8,0,0,'','',0,'',0,'',0,0,0,0,0),(11,0,9,0,0,'','',0,'',0,'',0,0,0,0,0),(12,0,10,0,0,'','',0,'',0,'',0,0,0,0,0),(13,0,11,0,0,'','',0,'',0,'',0,0,0,0,0),(14,0,12,0,0,'','',0,'',0,'',0,0,0,0,0),(15,0,13,0,0,'','',0,'',0,'',0,0,0,0,0),(16,0,14,0,0,'','',0,'',0,'',0,0,0,0,0),(17,0,15,0,0,'','',0,'',0,'',0,0,0,0,0),(18,1,0,0,0,'','',0,'',0,'',0,0,0,0,0),(19,1,1,0,0,'','',0,'',0,'',0,0,0,0,0),(20,1,2,0,0,'','',0,'',0,'',0,0,0,0,0),(21,1,3,0,0,'','',0,'',0,'',0,0,0,0,0),(22,1,4,0,0,'','',0,'',0,'',0,0,0,0,0),(23,1,5,0,0,'','',0,'',0,'',0,0,0,0,0),(24,1,6,0,0,'','',0,'',0,'',0,0,0,0,0),(25,1,7,0,0,'','',0,'',0,'',0,0,0,0,0),(26,1,8,0,0,'','',0,'',0,'',0,0,0,0,0),(27,1,9,0,0,'','',0,'',0,'',0,0,0,0,0),(28,1,10,0,0,'','',0,'',0,'',0,0,0,0,0),(29,1,11,0,0,'','',0,'',0,'',0,0,0,0,0),(30,1,12,0,0,'','',0,'',0,'',0,0,0,0,0),(31,1,13,0,0,'','',0,'',0,'',0,0,0,0,0),(32,1,14,0,0,'','',0,'',0,'',0,0,0,0,0),(33,1,15,0,0,'','',0,'',0,'',0,0,0,0,0),(34,2,0,0,0,'','',0,'',0,'',0,0,0,0,0),(35,2,1,0,0,'','',0,'',0,'',0,0,0,0,0),(36,2,2,2,0,'none','none',-1,'test',90,'Arial',24,0,-1,-16711936,0),(37,2,3,0,0,'','',0,'',0,'',0,0,0,0,0),(38,2,4,0,0,'','',0,'',0,'',0,0,0,0,0),(39,2,5,0,0,'','',0,'',0,'',0,0,0,0,0),(40,2,6,0,0,'','',0,'',0,'',0,0,0,0,0),(41,2,7,0,0,'','',0,'',0,'',0,0,0,0,0),(42,2,8,0,0,'','',0,'',0,'',0,0,0,0,0),(43,2,9,0,0,'','',0,'',0,'',0,0,0,0,0),(44,2,10,0,0,'','',0,'',0,'',0,0,0,0,0),(45,2,11,0,0,'','',0,'',0,'',0,0,0,0,0),(46,2,12,0,0,'','',0,'',0,'',0,0,0,0,0),(47,2,13,0,0,'','',0,'',0,'',0,0,0,0,0),(48,2,14,0,0,'','',0,'',0,'',0,0,0,0,0),(49,2,15,0,0,'','',0,'',0,'',0,0,0,0,0),(50,3,0,0,0,'','',0,'',0,'',0,0,0,0,0),(51,3,1,0,0,'','',0,'',0,'',0,0,0,0,0),(52,3,2,1,0,'none','none',-16776961,'',0,'',0,0,0,0,0),(53,3,3,0,0,'','',0,'',0,'',0,0,0,0,0),(54,3,4,0,0,'','',0,'',0,'',0,0,0,0,0),(55,3,5,0,0,'','',0,'',0,'',0,0,0,0,0),(56,3,6,0,0,'','',0,'',0,'',0,0,0,0,0),(57,3,7,0,0,'','',0,'',0,'',0,0,0,0,0),(58,3,8,0,0,'','',0,'',0,'',0,0,0,0,0),(59,3,9,0,0,'','',0,'',0,'',0,0,0,0,0),(60,3,10,0,0,'','',0,'',0,'',0,0,0,0,0),(61,3,11,0,0,'','',0,'',0,'',0,0,0,0,0),(62,3,12,0,0,'','',0,'',0,'',0,0,0,0,0),(63,3,13,0,0,'','',0,'',0,'',0,0,0,0,0),(64,3,14,0,0,'','',0,'',0,'',0,0,0,0,0),(65,3,15,0,0,'','',0,'',0,'',0,0,0,0,0),(66,4,0,0,0,'','',0,'',0,'',0,0,0,0,0),(67,4,1,0,0,'','',0,'',0,'',0,0,0,0,0),(68,4,2,0,0,'','',0,'',0,'',0,0,0,0,0),(69,4,3,0,0,'','',0,'',0,'',0,0,0,0,0),(70,4,4,0,0,'','',0,'',0,'',0,0,0,0,0),(71,4,5,0,0,'','',0,'',0,'',0,0,0,0,0),(72,4,6,0,0,'','',0,'',0,'',0,0,0,0,0),(73,4,7,0,0,'','',0,'',0,'',0,0,0,0,0),(74,4,8,0,0,'','',0,'',0,'',0,0,0,0,0),(75,4,9,0,0,'','',0,'',0,'',0,0,0,0,0),(76,4,10,0,0,'','',0,'',0,'',0,0,0,0,0),(77,4,11,0,0,'','',0,'',0,'',0,0,0,0,0),(78,4,12,0,0,'','',0,'',0,'',0,0,0,0,0),(79,4,13,0,0,'','',0,'',0,'',0,0,0,0,0),(80,4,14,0,0,'','',0,'',0,'',0,0,0,0,0),(81,4,15,0,0,'','',0,'',0,'',0,0,0,0,0),(82,6,0,0,0,'','',0,'',0,'',0,0,0,0,0),(83,6,1,0,0,'','',0,'',0,'',0,0,0,0,0),(84,6,2,0,0,'','',0,'',0,'',0,0,0,0,0),(85,6,3,0,0,'','',0,'',0,'',0,0,0,0,0),(86,6,4,0,0,'','',0,'',0,'',0,0,0,0,0),(87,6,5,0,0,'','',0,'',0,'',0,0,0,0,0),(88,6,6,0,0,'','',0,'',0,'',0,0,0,0,0),(89,6,7,0,0,'','',0,'',0,'',0,0,0,0,0),(90,6,8,0,0,'','',0,'',0,'',0,0,0,0,0),(91,6,9,0,0,'','',0,'',0,'',0,0,0,0,0),(92,6,10,0,0,'','',0,'',0,'',0,0,0,0,0),(93,6,11,0,0,'','',0,'',0,'',0,0,0,0,0),(94,6,12,0,0,'','',0,'',0,'',0,0,0,0,0),(95,6,13,0,0,'','',0,'',0,'',0,0,0,0,0),(96,6,14,0,0,'','',0,'',0,'',0,0,0,0,0),(97,6,15,0,0,'','',0,'',0,'',0,0,0,0,0),(98,7,0,0,0,'','',0,'',0,'',0,0,0,0,0),(99,7,1,0,0,'','',0,'',0,'',0,0,0,0,0),(100,7,2,0,0,'','',0,'',0,'',0,0,0,0,0),(101,7,3,0,0,'','',0,'',0,'',0,0,0,0,0),(102,7,4,0,0,'','',0,'',0,'',0,0,0,0,0),(103,7,5,0,0,'','',0,'',0,'',0,0,0,0,0),(104,7,6,0,0,'','',0,'',0,'',0,0,0,0,0),(105,7,7,0,0,'','',0,'',0,'',0,0,0,0,0),(106,7,8,0,0,'','',0,'',0,'',0,0,0,0,0),(107,7,9,0,0,'','',0,'',0,'',0,0,0,0,0),(108,7,10,0,0,'','',0,'',0,'',0,0,0,0,0),(109,7,11,0,0,'','',0,'',0,'',0,0,0,0,0),(110,7,12,0,0,'','',0,'',0,'',0,0,0,0,0),(111,7,13,0,0,'','',0,'',0,'',0,0,0,0,0),(112,7,14,0,0,'','',0,'',0,'',0,0,0,0,0),(113,7,15,0,0,'','',0,'',0,'',0,0,0,0,0),(114,8,0,0,0,'','',0,'',0,'',0,0,0,0,0),(115,8,1,0,0,'','',0,'',0,'',0,0,0,0,0),(116,8,2,0,0,'','',0,'',0,'',0,0,0,0,0),(117,8,3,0,0,'','',0,'',0,'',0,0,0,0,0),(118,8,4,0,0,'','',0,'',0,'',0,0,0,0,0),(119,8,5,0,0,'','',0,'',0,'',0,0,0,0,0),(120,8,6,0,0,'','',0,'',0,'',0,0,0,0,0),(121,8,7,0,0,'','',0,'',0,'',0,0,0,0,0),(122,8,8,0,0,'','',0,'',0,'',0,0,0,0,0),(123,8,9,0,0,'','',0,'',0,'',0,0,0,0,0),(124,8,10,0,0,'','',0,'',0,'',0,0,0,0,0),(125,8,11,0,0,'','',0,'',0,'',0,0,0,0,0),(126,8,12,0,0,'','',0,'',0,'',0,0,0,0,0),(127,8,13,0,0,'','',0,'',0,'',0,0,0,0,0),(128,8,14,0,0,'','',0,'',0,'',0,0,0,0,0),(129,8,15,0,0,'','',0,'',0,'',0,0,0,0,0),(130,14,0,0,0,'','',0,'',0,'',0,0,0,0,0),(131,14,1,0,0,'','',0,'',0,'',0,0,0,0,0),(132,14,2,0,0,'','',0,'',0,'',0,0,0,0,0),(133,14,3,0,0,'','',0,'',0,'',0,0,0,0,0),(134,14,4,0,0,'','',0,'',0,'',0,0,0,0,0),(135,14,5,0,0,'','',0,'',0,'',0,0,0,0,0),(136,14,6,0,0,'','',0,'',0,'',0,0,0,0,0),(137,14,7,0,0,'','',0,'',0,'',0,0,0,0,0),(138,14,8,0,0,'','',0,'',0,'',0,0,0,0,0),(139,14,9,0,0,'','',0,'',0,'',0,0,0,0,0),(140,14,10,0,0,'','',0,'',0,'',0,0,0,0,0),(141,14,11,0,0,'','',0,'',0,'',0,0,0,0,0),(142,14,12,0,0,'','',0,'',0,'',0,0,0,0,0),(143,14,13,0,0,'','',0,'',0,'',0,0,0,0,0),(144,14,14,0,0,'','',0,'',0,'',0,0,0,0,0),(145,14,15,0,0,'','',0,'',0,'',0,0,0,0,0),(146,17,0,0,0,'','',0,'',0,'',0,0,0,0,0),(147,17,1,0,0,'','',0,'',0,'',0,0,0,0,0),(148,17,2,0,0,'','',0,'',0,'',0,0,0,0,0),(149,17,3,0,0,'','',0,'',0,'',0,0,0,0,0),(150,17,4,0,0,'','',0,'',0,'',0,0,0,0,0),(151,17,5,0,0,'','',0,'',0,'',0,0,0,0,0),(152,17,6,0,0,'','',0,'',0,'',0,0,0,0,0),(153,17,7,0,0,'','',0,'',0,'',0,0,0,0,0),(154,17,8,0,0,'','',0,'',0,'',0,0,0,0,0),(155,17,9,0,0,'','',0,'',0,'',0,0,0,0,0),(156,17,10,0,0,'','',0,'',0,'',0,0,0,0,0),(157,17,11,0,0,'','',0,'',0,'',0,0,0,0,0),(158,17,12,0,0,'','',0,'',0,'',0,0,0,0,0),(159,17,13,0,0,'','',0,'',0,'',0,0,0,0,0),(160,17,14,0,0,'','',0,'',0,'',0,0,0,0,0),(161,17,15,0,0,'','',0,'',0,'',0,0,0,0,0),(162,18,0,0,0,'','',0,'',0,'',0,0,0,0,0),(163,18,1,0,0,'','',0,'',0,'',0,0,0,0,0),(164,18,2,0,0,'','',0,'',0,'',0,0,0,0,0),(165,18,3,0,0,'','',0,'',0,'',0,0,0,0,0),(166,18,4,0,0,'','',0,'',0,'',0,0,0,0,0),(167,18,5,0,0,'','',0,'',0,'',0,0,0,0,0),(168,18,6,0,0,'','',0,'',0,'',0,0,0,0,0),(169,18,7,0,0,'','',0,'',0,'',0,0,0,0,0),(170,18,8,0,0,'','',0,'',0,'',0,0,0,0,0),(171,18,9,0,0,'','',0,'',0,'',0,0,0,0,0),(172,18,10,0,0,'','',0,'',0,'',0,0,0,0,0),(173,18,11,0,0,'','',0,'',0,'',0,0,0,0,0),(174,18,12,0,0,'','',0,'',0,'',0,0,0,0,0),(175,18,13,0,0,'','',0,'',0,'',0,0,0,0,0),(176,18,14,0,0,'','',0,'',0,'',0,0,0,0,0),(177,18,15,0,0,'','',0,'',0,'',0,0,0,0,0),(178,19,0,0,0,'','',0,'',0,'',0,0,0,0,0),(179,19,1,0,0,'','',0,'',0,'',0,0,0,0,0),(180,19,2,0,0,'','',0,'',0,'',0,0,0,0,0),(181,19,3,0,0,'','',0,'',0,'',0,0,0,0,0),(182,19,4,0,0,'','',0,'',0,'',0,0,0,0,0),(183,19,5,0,0,'','',0,'',0,'',0,0,0,0,0),(184,19,6,0,0,'','',0,'',0,'',0,0,0,0,0),(185,19,7,0,0,'','',0,'',0,'',0,0,0,0,0),(186,19,8,0,0,'','',0,'',0,'',0,0,0,0,0),(187,19,9,0,0,'','',0,'',0,'',0,0,0,0,0),(188,19,10,0,0,'','',0,'',0,'',0,0,0,0,0),(189,19,11,0,0,'','',0,'',0,'',0,0,0,0,0),(190,19,12,0,0,'','',0,'',0,'',0,0,0,0,0),(191,19,13,0,0,'','',0,'',0,'',0,0,0,0,0),(192,19,14,0,0,'','',0,'',0,'',0,0,0,0,0),(193,19,15,0,0,'','',0,'',0,'',0,0,0,0,0),(194,20,0,0,0,'','',0,'',0,'',0,0,0,0,0),(195,20,1,0,0,'','',0,'',0,'',0,0,0,0,0),(196,20,2,0,0,'','',0,'',0,'',0,0,0,0,0),(197,20,3,0,0,'','',0,'',0,'',0,0,0,0,0),(198,20,4,0,0,'','',0,'',0,'',0,0,0,0,0),(199,20,5,0,0,'','',0,'',0,'',0,0,0,0,0),(200,20,6,0,0,'','',0,'',0,'',0,0,0,0,0),(201,20,7,0,0,'','',0,'',0,'',0,0,0,0,0),(202,20,8,0,0,'','',0,'',0,'',0,0,0,0,0),(203,20,9,0,0,'','',0,'',0,'',0,0,0,0,0),(204,20,10,0,0,'','',0,'',0,'',0,0,0,0,0),(205,20,11,0,0,'','',0,'',0,'',0,0,0,0,0),(206,20,12,0,0,'','',0,'',0,'',0,0,0,0,0),(207,20,13,0,0,'','',0,'',0,'',0,0,0,0,0),(208,20,14,0,0,'','',0,'',0,'',0,0,0,0,0),(209,20,15,0,0,'','',0,'',0,'',0,0,0,0,0),(210,21,0,0,0,'','',0,'',0,'',0,0,0,0,0),(211,21,1,0,0,'','',0,'',0,'',0,0,0,0,0),(212,21,2,0,0,'','',0,'',0,'',0,0,0,0,0),(213,21,3,0,0,'','',0,'',0,'',0,0,0,0,0),(214,21,4,0,0,'','',0,'',0,'',0,0,0,0,0),(215,21,5,0,0,'','',0,'',0,'',0,0,0,0,0),(216,21,6,0,0,'','',0,'',0,'',0,0,0,0,0),(217,21,7,0,0,'','',0,'',0,'',0,0,0,0,0),(218,21,8,0,0,'','',0,'',0,'',0,0,0,0,0),(219,21,9,0,0,'','',0,'',0,'',0,0,0,0,0),(220,21,10,0,0,'','',0,'',0,'',0,0,0,0,0),(221,21,11,0,0,'','',0,'',0,'',0,0,0,0,0),(222,21,12,0,0,'','',0,'',0,'',0,0,0,0,0),(223,21,13,0,0,'','',0,'',0,'',0,0,0,0,0),(224,21,14,0,0,'','',0,'',0,'',0,0,0,0,0),(225,21,15,0,0,'','',0,'',0,'',0,0,0,0,0),(226,22,0,0,0,'','',0,'',0,'',0,0,0,0,0),(227,22,1,0,0,'','',0,'',0,'',0,0,0,0,0),(228,22,2,0,0,'','',0,'',0,'',0,0,0,0,0),(229,22,3,0,0,'','',0,'',0,'',0,0,0,0,0),(230,22,4,0,0,'','',0,'',0,'',0,0,0,0,0),(231,22,5,0,0,'','',0,'',0,'',0,0,0,0,0),(232,22,6,0,0,'','',0,'',0,'',0,0,0,0,0),(233,22,7,0,0,'','',0,'',0,'',0,0,0,0,0),(234,22,8,0,0,'','',0,'',0,'',0,0,0,0,0),(235,22,9,0,0,'','',0,'',0,'',0,0,0,0,0),(236,22,10,0,0,'','',0,'',0,'',0,0,0,0,0),(237,22,11,0,0,'','',0,'',0,'',0,0,0,0,0),(238,22,12,0,0,'','',0,'',0,'',0,0,0,0,0),(239,22,13,0,0,'','',0,'',0,'',0,0,0,0,0),(240,22,14,0,0,'','',0,'',0,'',0,0,0,0,0),(241,22,15,0,0,'','',0,'',0,'',0,0,0,0,0),(242,24,0,0,0,'','',0,'',0,'',0,0,0,0,0),(243,24,1,0,0,'','',0,'',0,'',0,0,0,0,0),(244,24,2,0,0,'','',0,'',0,'',0,0,0,0,0),(245,24,3,0,0,'','',0,'',0,'',0,0,0,0,0),(246,24,4,0,0,'','',0,'',0,'',0,0,0,0,0),(247,24,5,0,0,'','',0,'',0,'',0,0,0,0,0),(248,24,6,0,0,'','',0,'',0,'',0,0,0,0,0),(249,24,7,0,0,'','',0,'',0,'',0,0,0,0,0),(250,24,8,0,0,'','',0,'',0,'',0,0,0,0,0),(251,24,9,0,0,'','',0,'',0,'',0,0,0,0,0),(252,24,10,0,0,'','',0,'',0,'',0,0,0,0,0),(253,24,11,0,0,'','',0,'',0,'',0,0,0,0,0),(254,24,12,0,0,'','',0,'',0,'',0,0,0,0,0),(255,24,13,0,0,'','',0,'',0,'',0,0,0,0,0),(256,24,14,0,0,'','',0,'',0,'',0,0,0,0,0),(257,24,15,0,0,'','',0,'',0,'',0,0,0,0,0),(258,27,0,0,0,'','',0,'',0,'',0,0,0,0,0),(259,27,1,0,0,'','',0,'',0,'',0,0,0,0,0),(260,27,2,0,0,'','',0,'',0,'',0,0,0,0,0),(261,27,3,0,0,'','',0,'',0,'',0,0,0,0,0),(262,27,4,0,0,'','',0,'',0,'',0,0,0,0,0),(263,27,5,0,0,'','',0,'',0,'',0,0,0,0,0),(264,27,6,0,0,'','',0,'',0,'',0,0,0,0,0),(265,27,7,0,0,'','',0,'',0,'',0,0,0,0,0),(266,27,8,0,0,'','',0,'',0,'',0,0,0,0,0),(267,27,9,0,0,'','',0,'',0,'',0,0,0,0,0),(268,27,10,0,0,'','',0,'',0,'',0,0,0,0,0),(269,27,11,0,0,'','',0,'',0,'',0,0,0,0,0),(270,27,12,0,0,'','',0,'',0,'',0,0,0,0,0),(271,27,13,0,0,'','',0,'',0,'',0,0,0,0,0),(272,27,14,0,0,'','',0,'',0,'',0,0,0,0,0),(273,27,15,0,0,'','',0,'',0,'',0,0,0,0,0),(274,33,0,0,0,'','',0,'',0,'',0,0,0,0,0),(275,33,1,2,0,'','',0,'GOBERNACION SF~n~~r~SALIDA CERRADA',130,'Arial',55,1,-16777216,16777215,1),(276,33,2,1,1237,'dyncones','redwhite_stripe',-1,'',0,'',0,0,0,0,0),(277,33,3,0,0,'','',0,'',0,'',0,0,0,0,0),(278,33,4,0,0,'','',0,'',0,'',0,0,0,0,0),(279,33,5,0,0,'','',0,'',0,'',0,0,0,0,0),(280,33,6,0,0,'','',0,'',0,'',0,0,0,0,0),(281,33,7,0,0,'','',0,'',0,'',0,0,0,0,0),(282,33,8,0,0,'','',0,'',0,'',0,0,0,0,0),(283,33,9,0,0,'','',0,'',0,'',0,0,0,0,0),(284,33,10,0,0,'','',0,'',0,'',0,0,0,0,0),(285,33,11,0,0,'','',0,'',0,'',0,0,0,0,0),(286,33,12,0,0,'','',0,'',0,'',0,0,0,0,0),(287,33,13,0,0,'','',0,'',0,'',0,0,0,0,0),(288,33,14,0,0,'','',0,'',0,'',0,0,0,0,0),(289,33,15,0,0,'','',0,'',0,'',0,0,0,0,0),(290,35,0,0,0,'','',0,'',0,'',0,0,0,0,0),(291,35,1,0,0,'','',0,'',0,'',0,0,0,0,0),(292,35,2,0,0,'','',0,'',0,'',0,0,0,0,0),(293,35,3,0,0,'','',0,'',0,'',0,0,0,0,0),(294,35,4,0,0,'','',0,'',0,'',0,0,0,0,0),(295,35,5,0,0,'','',0,'',0,'',0,0,0,0,0),(296,35,6,0,0,'','',0,'',0,'',0,0,0,0,0),(297,35,7,0,0,'','',0,'',0,'',0,0,0,0,0),(298,35,8,0,0,'','',0,'',0,'',0,0,0,0,0),(299,35,9,0,0,'','',0,'',0,'',0,0,0,0,0),(300,35,10,0,0,'','',0,'',0,'',0,0,0,0,0),(301,35,11,0,0,'','',0,'',0,'',0,0,0,0,0),(302,35,12,0,0,'','',0,'',0,'',0,0,0,0,0),(303,35,13,0,0,'','',0,'',0,'',0,0,0,0,0),(304,35,14,0,0,'','',0,'',0,'',0,0,0,0,0),(305,35,15,0,0,'','',0,'',0,'',0,0,0,0,0),(306,36,0,0,0,'','',0,'',0,'',0,0,0,0,0),(307,36,1,0,0,'','',0,'',0,'',0,0,0,0,0),(308,36,2,0,0,'','',0,'',0,'',0,0,0,0,0),(309,36,3,0,0,'','',0,'',0,'',0,0,0,0,0),(310,36,4,0,0,'','',0,'',0,'',0,0,0,0,0),(311,36,5,0,0,'','',0,'',0,'',0,0,0,0,0),(312,36,6,0,0,'','',0,'',0,'',0,0,0,0,0),(313,36,7,0,0,'','',0,'',0,'',0,0,0,0,0),(314,36,8,0,0,'','',0,'',0,'',0,0,0,0,0),(315,36,9,0,0,'','',0,'',0,'',0,0,0,0,0),(316,36,10,0,0,'','',0,'',0,'',0,0,0,0,0),(317,36,11,0,0,'','',0,'',0,'',0,0,0,0,0),(318,36,12,0,0,'','',0,'',0,'',0,0,0,0,0),(319,36,13,0,0,'','',0,'',0,'',0,0,0,0,0),(320,36,14,0,0,'','',0,'',0,'',0,0,0,0,0),(321,36,15,0,0,'','',0,'',0,'',0,0,0,0,0),(322,37,0,0,0,'','',0,'',0,'',0,0,0,0,0),(323,37,1,0,0,'','',0,'',0,'',0,0,0,0,0),(324,37,2,0,0,'','',0,'',0,'',0,0,0,0,0),(325,37,3,0,0,'','',0,'',0,'',0,0,0,0,0),(326,37,4,0,0,'','',0,'',0,'',0,0,0,0,0),(327,37,5,0,0,'','',0,'',0,'',0,0,0,0,0),(328,37,6,0,0,'','',0,'',0,'',0,0,0,0,0),(329,37,7,0,0,'','',0,'',0,'',0,0,0,0,0),(330,37,8,0,0,'','',0,'',0,'',0,0,0,0,0),(331,37,9,0,0,'','',0,'',0,'',0,0,0,0,0),(332,37,10,0,0,'','',0,'',0,'',0,0,0,0,0),(333,37,11,0,0,'','',0,'',0,'',0,0,0,0,0),(334,37,12,0,0,'','',0,'',0,'',0,0,0,0,0),(335,37,13,0,0,'','',0,'',0,'',0,0,0,0,0),(336,37,14,0,0,'','',0,'',0,'',0,0,0,0,0),(337,37,15,0,0,'','',0,'',0,'',0,0,0,0,0),(338,38,0,0,0,'','',0,'',0,'',0,0,0,0,0),(339,38,1,0,0,'','',0,'',0,'',0,0,0,0,0),(340,38,2,0,0,'','',0,'',0,'',0,0,0,0,0),(341,38,3,0,0,'','',0,'',0,'',0,0,0,0,0),(342,38,4,0,0,'','',0,'',0,'',0,0,0,0,0),(343,38,5,0,0,'','',0,'',0,'',0,0,0,0,0),(344,38,6,0,0,'','',0,'',0,'',0,0,0,0,0),(345,38,7,0,0,'','',0,'',0,'',0,0,0,0,0),(346,38,8,0,0,'','',0,'',0,'',0,0,0,0,0),(347,38,9,0,0,'','',0,'',0,'',0,0,0,0,0),(348,38,10,0,0,'','',0,'',0,'',0,0,0,0,0),(349,38,11,0,0,'','',0,'',0,'',0,0,0,0,0),(350,38,12,0,0,'','',0,'',0,'',0,0,0,0,0),(351,38,13,0,0,'','',0,'',0,'',0,0,0,0,0),(352,38,14,0,0,'','',0,'',0,'',0,0,0,0,0),(353,38,15,0,0,'','',0,'',0,'',0,0,0,0,0),(354,39,0,0,0,'','',0,'',0,'',0,0,0,0,0),(355,39,1,0,0,'','',0,'',0,'',0,0,0,0,0),(356,39,2,0,0,'','',0,'',0,'',0,0,0,0,0),(357,39,3,0,0,'','',0,'',0,'',0,0,0,0,0),(358,39,4,0,0,'','',0,'',0,'',0,0,0,0,0),(359,39,5,0,0,'','',0,'',0,'',0,0,0,0,0),(360,39,6,0,0,'','',0,'',0,'',0,0,0,0,0),(361,39,7,0,0,'','',0,'',0,'',0,0,0,0,0),(362,39,8,0,0,'','',0,'',0,'',0,0,0,0,0),(363,39,9,0,0,'','',0,'',0,'',0,0,0,0,0),(364,39,10,0,0,'','',0,'',0,'',0,0,0,0,0),(365,39,11,0,0,'','',0,'',0,'',0,0,0,0,0),(366,39,12,0,0,'','',0,'',0,'',0,0,0,0,0),(367,39,13,0,0,'','',0,'',0,'',0,0,0,0,0),(368,39,14,0,0,'','',0,'',0,'',0,0,0,0,0),(369,39,15,0,0,'','',0,'',0,'',0,0,0,0,0),(370,45,0,0,0,'','',0,'',0,'',0,0,0,0,0),(371,45,1,0,0,'','',0,'',0,'',0,0,0,0,0),(372,45,2,0,0,'','',0,'',0,'',0,0,0,0,0),(373,45,3,0,0,'','',0,'',0,'',0,0,0,0,0),(374,45,4,0,0,'','',0,'',0,'',0,0,0,0,0),(375,45,5,0,0,'','',0,'',0,'',0,0,0,0,0),(376,45,6,0,0,'','',0,'',0,'',0,0,0,0,0),(377,45,7,0,0,'','',0,'',0,'',0,0,0,0,0),(378,45,8,0,0,'','',0,'',0,'',0,0,0,0,0),(379,45,9,0,0,'','',0,'',0,'',0,0,0,0,0),(380,45,10,0,0,'','',0,'',0,'',0,0,0,0,0),(381,45,11,0,0,'','',0,'',0,'',0,0,0,0,0),(382,45,12,0,0,'','',0,'',0,'',0,0,0,0,0),(383,45,13,0,0,'','',0,'',0,'',0,0,0,0,0),(384,45,14,0,0,'','',0,'',0,'',0,0,0,0,0),(385,45,15,0,0,'','',0,'',0,'',0,0,0,0,0),(386,47,0,2,0,'','',0,'d',90,'Arial',24,0,-1,-16777216,0),(387,47,1,2,0,'','',0,'d',90,'Arial',24,0,-1,-16777216,0),(388,47,2,2,0,'','',0,' ',90,'Arial',24,0,-1,-16777216,0),(389,47,3,2,0,'','',0,'~R~PROHIBIDO SALTAR~N~EL PEAJE',90,'Arial',24,1,-1,-16777216,0),(390,47,4,0,0,'','',0,'',0,'',0,0,0,0,0),(391,47,5,0,0,'','',0,'',0,'',0,0,0,0,0),(392,47,6,0,0,'','',0,'',0,'',0,0,0,0,0),(393,47,7,0,0,'','',0,'',0,'',0,0,0,0,0),(394,47,8,0,0,'','',0,'',0,'',0,0,0,0,0),(395,47,9,0,0,'','',0,'',0,'',0,0,0,0,0),(396,47,10,0,0,'','',0,'',0,'',0,0,0,0,0),(397,47,11,0,0,'','',0,'',0,'',0,0,0,0,0),(398,47,12,0,0,'','',0,'',0,'',0,0,0,0,0),(399,47,13,0,0,'','',0,'',0,'',0,0,0,0,0),(400,47,14,0,0,'','',0,'',0,'',0,0,0,0,0),(401,47,15,0,0,'','',0,'',0,'',0,0,0,0,0),(402,48,0,2,0,'','',0,'Armario',120,'Tahoma',100,1,-1,0,1),(403,48,1,0,0,'','',0,'',0,'',0,0,0,0,0),(404,48,2,0,0,'','',0,'',0,'',0,0,0,0,0),(405,48,3,0,0,'','',0,'',0,'',0,0,0,0,0),(406,48,4,0,0,'','',0,'',0,'',0,0,0,0,0),(407,48,5,0,0,'','',0,'',0,'',0,0,0,0,0),(408,48,6,0,0,'','',0,'',0,'',0,0,0,0,0),(409,48,7,0,0,'','',0,'',0,'',0,0,0,0,0),(410,48,8,0,0,'','',0,'',0,'',0,0,0,0,0),(411,48,9,0,0,'','',0,'',0,'',0,0,0,0,0),(412,48,10,0,0,'','',0,'',0,'',0,0,0,0,0),(413,48,11,0,0,'','',0,'',0,'',0,0,0,0,0),(414,48,12,0,0,'','',0,'',0,'',0,0,0,0,0),(415,48,13,0,0,'','',0,'',0,'',0,0,0,0,0),(416,48,14,0,0,'','',0,'',0,'',0,0,0,0,0),(417,48,15,0,0,'','',0,'',0,'',0,0,0,0,0),(418,49,0,0,0,'','',0,'',0,'',0,0,0,0,0),(419,49,1,2,0,'','',0,'GOBERNACION SF~n~~r~SALIDA CERRADA',130,'Arial',55,1,-16777216,16777215,1),(420,49,2,1,1237,'dyncones','redwhite_stripe',-1,'',0,'',0,0,0,0,0),(421,49,3,0,0,'','',0,'',0,'',0,0,0,0,0),(422,49,4,0,0,'','',0,'',0,'',0,0,0,0,0),(423,49,5,0,0,'','',0,'',0,'',0,0,0,0,0),(424,49,6,0,0,'','',0,'',0,'',0,0,0,0,0),(425,49,7,0,0,'','',0,'',0,'',0,0,0,0,0),(426,49,8,0,0,'','',0,'',0,'',0,0,0,0,0),(427,49,9,0,0,'','',0,'',0,'',0,0,0,0,0),(428,49,10,0,0,'','',0,'',0,'',0,0,0,0,0),(429,49,11,0,0,'','',0,'',0,'',0,0,0,0,0),(430,49,12,0,0,'','',0,'',0,'',0,0,0,0,0),(431,49,13,0,0,'','',0,'',0,'',0,0,0,0,0),(432,49,14,0,0,'','',0,'',0,'',0,0,0,0,0),(433,49,15,0,0,'','',0,'',0,'',0,0,0,0,0),(434,50,0,0,0,'','',0,'',0,'',0,0,0,0,0),(435,50,1,0,0,'','',0,'',0,'',0,0,0,0,0),(436,50,2,0,0,'','',0,'',0,'',0,0,0,0,0),(437,50,3,2,0,'','',0,' ',90,'Arial',24,0,-1,-1,0),(438,50,4,2,0,'','',0,'~Y~FELIZ VIAJE LES DESEA~N~~G~GOBERNACION DE~N~~R~SAN ANDREAS',90,'Arial',24,1,-1,-1,1),(439,50,5,0,0,'','',0,'',0,'',0,0,0,0,0),(440,50,6,0,0,'','',0,'',0,'',0,0,0,0,0),(441,50,7,0,0,'','',0,'',0,'',0,0,0,0,0),(442,50,8,0,0,'','',0,'',0,'',0,0,0,0,0),(443,50,9,0,0,'','',0,'',0,'',0,0,0,0,0),(444,50,10,0,0,'','',0,'',0,'',0,0,0,0,0),(445,50,11,0,0,'','',0,'',0,'',0,0,0,0,0),(446,50,12,0,0,'','',0,'',0,'',0,0,0,0,0),(447,50,13,0,0,'','',0,'',0,'',0,0,0,0,0),(448,50,14,0,0,'','',0,'',0,'',0,0,0,0,0),(449,50,15,0,0,'','',0,'',0,'',0,0,0,0,0),(450,51,0,0,0,'','',0,'',0,'',0,0,0,0,0),(451,51,1,0,0,'','',0,'',0,'',0,0,0,0,0),(452,51,2,0,0,'','',0,'',0,'',0,0,0,0,0),(453,51,3,0,0,'','',0,'',0,'',0,0,0,0,0),(454,51,4,0,0,'','',0,'',0,'',0,0,0,0,0),(455,51,5,0,0,'','',0,'',0,'',0,0,0,0,0),(456,51,6,0,0,'','',0,'',0,'',0,0,0,0,0),(457,51,7,0,0,'','',0,'',0,'',0,0,0,0,0),(458,51,8,0,0,'','',0,'',0,'',0,0,0,0,0),(459,51,9,0,0,'','',0,'',0,'',0,0,0,0,0),(460,51,10,0,0,'','',0,'',0,'',0,0,0,0,0),(461,51,11,0,0,'','',0,'',0,'',0,0,0,0,0),(462,51,12,0,0,'','',0,'',0,'',0,0,0,0,0),(463,51,13,0,0,'','',0,'',0,'',0,0,0,0,0),(464,51,14,0,0,'','',0,'',0,'',0,0,0,0,0),(465,51,15,0,0,'','',0,'',0,'',0,0,0,0,0),(466,52,0,0,0,'','',0,'',0,'',0,0,0,0,0),(467,52,1,0,0,'','',0,'',0,'',0,0,0,0,0),(468,52,2,0,0,'','',0,'',0,'',0,0,0,0,0),(469,52,3,0,0,'','',0,'',0,'',0,0,0,0,0),(470,52,4,0,0,'','',0,'',0,'',0,0,0,0,0),(471,52,5,0,0,'','',0,'',0,'',0,0,0,0,0),(472,52,6,0,0,'','',0,'',0,'',0,0,0,0,0),(473,52,7,0,0,'','',0,'',0,'',0,0,0,0,0),(474,52,8,0,0,'','',0,'',0,'',0,0,0,0,0),(475,52,9,0,0,'','',0,'',0,'',0,0,0,0,0),(476,52,10,0,0,'','',0,'',0,'',0,0,0,0,0),(477,52,11,0,0,'','',0,'',0,'',0,0,0,0,0),(478,52,12,0,0,'','',0,'',0,'',0,0,0,0,0),(479,52,13,0,0,'','',0,'',0,'',0,0,0,0,0),(480,52,14,0,0,'','',0,'',0,'',0,0,0,0,0),(481,52,15,0,0,'','',0,'',0,'',0,0,0,0,0),(482,53,0,0,0,'','',0,'',0,'',0,0,0,0,0),(483,53,1,0,0,'','',0,'',0,'',0,0,0,0,0),(484,53,2,0,0,'','',0,'',0,'',0,0,0,0,0),(485,53,3,0,0,'','',0,'',0,'',0,0,0,0,0),(486,53,4,0,0,'','',0,'',0,'',0,0,0,0,0),(487,53,5,0,0,'','',0,'',0,'',0,0,0,0,0),(488,53,6,0,0,'','',0,'',0,'',0,0,0,0,0),(489,53,7,0,0,'','',0,'',0,'',0,0,0,0,0),(490,53,8,0,0,'','',0,'',0,'',0,0,0,0,0),(491,53,9,0,0,'','',0,'',0,'',0,0,0,0,0),(492,53,10,0,0,'','',0,'',0,'',0,0,0,0,0),(493,53,11,0,0,'','',0,'',0,'',0,0,0,0,0),(494,53,12,0,0,'','',0,'',0,'',0,0,0,0,0),(495,53,13,0,0,'','',0,'',0,'',0,0,0,0,0),(496,53,14,0,0,'','',0,'',0,'',0,0,0,0,0),(497,53,15,0,0,'','',0,'',0,'',0,0,0,0,0),(498,54,0,0,0,'','',0,'',0,'',0,0,0,0,0),(499,54,1,0,0,'','',0,'',0,'',0,0,0,0,0),(500,54,2,0,0,'','',0,'',0,'',0,0,0,0,0),(501,54,3,0,0,'','',0,'',0,'',0,0,0,0,0),(502,54,4,0,0,'','',0,'',0,'',0,0,0,0,0),(503,54,5,0,0,'','',0,'',0,'',0,0,0,0,0),(504,54,6,0,0,'','',0,'',0,'',0,0,0,0,0),(505,54,7,0,0,'','',0,'',0,'',0,0,0,0,0),(506,54,8,0,0,'','',0,'',0,'',0,0,0,0,0),(507,54,9,0,0,'','',0,'',0,'',0,0,0,0,0),(508,54,10,0,0,'','',0,'',0,'',0,0,0,0,0),(509,54,11,0,0,'','',0,'',0,'',0,0,0,0,0),(510,54,12,0,0,'','',0,'',0,'',0,0,0,0,0),(511,54,13,0,0,'','',0,'',0,'',0,0,0,0,0),(512,54,14,0,0,'','',0,'',0,'',0,0,0,0,0),(513,54,15,0,0,'','',0,'',0,'',0,0,0,0,0),(514,55,0,0,0,'','',0,'',0,'',0,0,0,0,0),(515,55,1,0,0,'','',0,'',0,'',0,0,0,0,0),(516,55,2,0,0,'','',0,'',0,'',0,0,0,0,0),(517,55,3,0,0,'','',0,'',0,'',0,0,0,0,0),(518,55,4,0,0,'','',0,'',0,'',0,0,0,0,0),(519,55,5,0,0,'','',0,'',0,'',0,0,0,0,0),(520,55,6,0,0,'','',0,'',0,'',0,0,0,0,0),(521,55,7,0,0,'','',0,'',0,'',0,0,0,0,0),(522,55,8,0,0,'','',0,'',0,'',0,0,0,0,0),(523,55,9,0,0,'','',0,'',0,'',0,0,0,0,0),(524,55,10,0,0,'','',0,'',0,'',0,0,0,0,0),(525,55,11,0,0,'','',0,'',0,'',0,0,0,0,0),(526,55,12,0,0,'','',0,'',0,'',0,0,0,0,0),(527,55,13,0,0,'','',0,'',0,'',0,0,0,0,0),(528,55,14,0,0,'','',0,'',0,'',0,0,0,0,0),(529,55,15,0,0,'','',0,'',0,'',0,0,0,0,0),(530,5,0,0,0,'','',0,'',0,'',0,0,0,0,0),(531,5,1,0,0,'','',0,'',0,'',0,0,0,0,0),(532,5,2,0,0,'','',0,'',0,'',0,0,0,0,0),(533,5,3,0,0,'','',0,'',0,'',0,0,0,0,0),(534,5,4,0,0,'','',0,'',0,'',0,0,0,0,0),(535,5,5,0,0,'','',0,'',0,'',0,0,0,0,0),(536,5,6,0,0,'','',0,'',0,'',0,0,0,0,0),(537,5,7,0,0,'','',0,'',0,'',0,0,0,0,0),(538,5,8,0,0,'','',0,'',0,'',0,0,0,0,0),(539,5,9,0,0,'','',0,'',0,'',0,0,0,0,0),(540,5,10,0,0,'','',0,'',0,'',0,0,0,0,0),(541,5,11,0,0,'','',0,'',0,'',0,0,0,0,0),(542,5,12,0,0,'','',0,'',0,'',0,0,0,0,0),(543,5,13,0,0,'','',0,'',0,'',0,0,0,0,0),(544,5,14,0,0,'','',0,'',0,'',0,0,0,0,0),(545,5,15,0,0,'','',0,'',0,'',0,0,0,0,0),(546,9,0,0,0,'','',0,'',0,'',0,0,0,0,0),(547,9,1,0,0,'','',0,'',0,'',0,0,0,0,0),(548,9,2,0,0,'','',0,'',0,'',0,0,0,0,0),(549,9,3,0,0,'','',0,'',0,'',0,0,0,0,0),(550,9,4,0,0,'','',0,'',0,'',0,0,0,0,0),(551,9,5,0,0,'','',0,'',0,'',0,0,0,0,0),(552,9,6,0,0,'','',0,'',0,'',0,0,0,0,0),(553,9,7,0,0,'','',0,'',0,'',0,0,0,0,0),(554,9,8,0,0,'','',0,'',0,'',0,0,0,0,0),(555,9,9,0,0,'','',0,'',0,'',0,0,0,0,0),(556,9,10,0,0,'','',0,'',0,'',0,0,0,0,0),(557,9,11,0,0,'','',0,'',0,'',0,0,0,0,0),(558,9,12,0,0,'','',0,'',0,'',0,0,0,0,0),(559,9,13,0,0,'','',0,'',0,'',0,0,0,0,0),(560,9,14,0,0,'','',0,'',0,'',0,0,0,0,0),(561,9,15,0,0,'','',0,'',0,'',0,0,0,0,0),(562,10,0,0,0,'','',0,'',0,'',0,0,0,0,0),(563,10,1,0,0,'','',0,'',0,'',0,0,0,0,0),(564,10,2,0,0,'','',0,'',0,'',0,0,0,0,0),(565,10,3,0,0,'','',0,'',0,'',0,0,0,0,0),(566,10,4,0,0,'','',0,'',0,'',0,0,0,0,0),(567,10,5,0,0,'','',0,'',0,'',0,0,0,0,0),(568,10,6,0,0,'','',0,'',0,'',0,0,0,0,0),(569,10,7,0,0,'','',0,'',0,'',0,0,0,0,0),(570,10,8,0,0,'','',0,'',0,'',0,0,0,0,0),(571,10,9,0,0,'','',0,'',0,'',0,0,0,0,0),(572,10,10,0,0,'','',0,'',0,'',0,0,0,0,0),(573,10,11,0,0,'','',0,'',0,'',0,0,0,0,0),(574,10,12,0,0,'','',0,'',0,'',0,0,0,0,0),(575,10,13,0,0,'','',0,'',0,'',0,0,0,0,0),(576,10,14,0,0,'','',0,'',0,'',0,0,0,0,0),(577,10,15,0,0,'','',0,'',0,'',0,0,0,0,0),(578,11,0,2,0,'','',0,'Bienvenido a~n~~r~San Fierro',120,'Arial',50,0,-16777216,-1,1),(579,11,1,0,0,'','',0,'',0,'',0,0,0,0,0),(580,11,2,0,0,'','',0,'',0,'',0,0,0,0,0),(581,11,3,0,0,'','',0,'',0,'',0,0,0,0,0),(582,11,4,0,0,'','',0,'',0,'',0,0,0,0,0),(583,11,5,0,0,'','',0,'',0,'',0,0,0,0,0),(584,11,6,0,0,'','',0,'',0,'',0,0,0,0,0),(585,11,7,0,0,'','',0,'',0,'',0,0,0,0,0),(586,11,8,0,0,'','',0,'',0,'',0,0,0,0,0),(587,11,9,0,0,'','',0,'',0,'',0,0,0,0,0),(588,11,10,0,0,'','',0,'',0,'',0,0,0,0,0),(589,11,11,0,0,'','',0,'',0,'',0,0,0,0,0),(590,11,12,0,0,'','',0,'',0,'',0,0,0,0,0),(591,11,13,0,0,'','',0,'',0,'',0,0,0,0,0),(592,11,14,0,0,'','',0,'',0,'',0,0,0,0,0),(593,11,15,0,0,'','',0,'',0,'',0,0,0,0,0),(594,12,0,2,0,'','',0,'LAS VENTURAS',110,'Arial',50,0,-1,-16768769,1),(595,12,1,0,0,'','',0,'',0,'',0,0,0,0,0),(596,12,2,0,0,'','',0,'',0,'',0,0,0,0,0),(597,12,3,0,0,'','',0,'',0,'',0,0,0,0,0),(598,12,4,0,0,'','',0,'',0,'',0,0,0,0,0),(599,12,5,0,0,'','',0,'',0,'',0,0,0,0,0),(600,12,6,0,0,'','',0,'',0,'',0,0,0,0,0),(601,12,7,0,0,'','',0,'',0,'',0,0,0,0,0),(602,12,8,0,0,'','',0,'',0,'',0,0,0,0,0),(603,12,9,0,0,'','',0,'',0,'',0,0,0,0,0),(604,12,10,0,0,'','',0,'',0,'',0,0,0,0,0),(605,12,11,0,0,'','',0,'',0,'',0,0,0,0,0),(606,12,12,0,0,'','',0,'',0,'',0,0,0,0,0),(607,12,13,0,0,'','',0,'',0,'',0,0,0,0,0),(608,12,14,0,0,'','',0,'',0,'',0,0,0,0,0),(609,12,15,0,0,'','',0,'',0,'',0,0,0,0,0),(610,13,0,2,0,'','',0,'LAS VENTURAS',110,'Arial',50,0,-1,-16768769,1),(611,13,1,0,0,'','',0,'',0,'',0,0,0,0,0),(612,13,2,0,0,'','',0,'',0,'',0,0,0,0,0),(613,13,3,0,0,'','',0,'',0,'',0,0,0,0,0),(614,13,4,0,0,'','',0,'',0,'',0,0,0,0,0),(615,13,5,0,0,'','',0,'',0,'',0,0,0,0,0),(616,13,6,0,0,'','',0,'',0,'',0,0,0,0,0),(617,13,7,0,0,'','',0,'',0,'',0,0,0,0,0),(618,13,8,0,0,'','',0,'',0,'',0,0,0,0,0),(619,13,9,0,0,'','',0,'',0,'',0,0,0,0,0),(620,13,10,0,0,'','',0,'',0,'',0,0,0,0,0),(621,13,11,0,0,'','',0,'',0,'',0,0,0,0,0),(622,13,12,0,0,'','',0,'',0,'',0,0,0,0,0),(623,13,13,0,0,'','',0,'',0,'',0,0,0,0,0),(624,13,14,0,0,'','',0,'',0,'',0,0,0,0,0),(625,13,15,0,0,'','',0,'',0,'',0,0,0,0,0),(626,15,0,2,0,'','',0,'NO AVANZAR',110,'Arial',50,0,-1,-65536,1),(627,15,1,0,0,'','',0,'',0,'',0,0,0,0,0),(628,15,2,0,0,'','',0,'',0,'',0,0,0,0,0),(629,15,3,0,0,'','',0,'',0,'',0,0,0,0,0),(630,15,4,0,0,'','',0,'',0,'',0,0,0,0,0),(631,15,5,0,0,'','',0,'',0,'',0,0,0,0,0),(632,15,6,0,0,'','',0,'',0,'',0,0,0,0,0),(633,15,7,0,0,'','',0,'',0,'',0,0,0,0,0),(634,15,8,0,0,'','',0,'',0,'',0,0,0,0,0),(635,15,9,0,0,'','',0,'',0,'',0,0,0,0,0),(636,15,10,0,0,'','',0,'',0,'',0,0,0,0,0),(637,15,11,0,0,'','',0,'',0,'',0,0,0,0,0),(638,15,12,0,0,'','',0,'',0,'',0,0,0,0,0),(639,15,13,0,0,'','',0,'',0,'',0,0,0,0,0),(640,15,14,0,0,'','',0,'',0,'',0,0,0,0,0),(641,15,15,0,0,'','',0,'',0,'',0,0,0,0,0),(642,16,0,2,0,'','',0,'NO AVANZAR',110,'Arial',50,0,-1,-65536,1),(643,16,1,0,0,'','',0,'',0,'',0,0,0,0,0),(644,16,2,0,0,'','',0,'',0,'',0,0,0,0,0),(645,16,3,0,0,'','',0,'',0,'',0,0,0,0,0),(646,16,4,0,0,'','',0,'',0,'',0,0,0,0,0),(647,16,5,0,0,'','',0,'',0,'',0,0,0,0,0),(648,16,6,0,0,'','',0,'',0,'',0,0,0,0,0),(649,16,7,0,0,'','',0,'',0,'',0,0,0,0,0),(650,16,8,0,0,'','',0,'',0,'',0,0,0,0,0),(651,16,9,0,0,'','',0,'',0,'',0,0,0,0,0),(652,16,10,0,0,'','',0,'',0,'',0,0,0,0,0),(653,16,11,0,0,'','',0,'',0,'',0,0,0,0,0),(654,16,12,0,0,'','',0,'',0,'',0,0,0,0,0),(655,16,13,0,0,'','',0,'',0,'',0,0,0,0,0),(656,16,14,0,0,'','',0,'',0,'',0,0,0,0,0),(657,16,15,0,0,'','',0,'',0,'',0,0,0,0,0),(658,23,0,0,0,'','',0,'',0,'',0,0,0,0,0),(659,23,1,0,0,'','',0,'',0,'',0,0,0,0,0),(660,23,2,0,0,'','',0,'',0,'',0,0,0,0,0),(661,23,3,0,0,'','',0,'',0,'',0,0,0,0,0),(662,23,4,0,0,'','',0,'',0,'',0,0,0,0,0),(663,23,5,0,0,'','',0,'',0,'',0,0,0,0,0),(664,23,6,0,0,'','',0,'',0,'',0,0,0,0,0),(665,23,7,0,0,'','',0,'',0,'',0,0,0,0,0),(666,23,8,0,0,'','',0,'',0,'',0,0,0,0,0),(667,23,9,0,0,'','',0,'',0,'',0,0,0,0,0),(668,23,10,0,0,'','',0,'',0,'',0,0,0,0,0),(669,23,11,0,0,'','',0,'',0,'',0,0,0,0,0),(670,23,12,0,0,'','',0,'',0,'',0,0,0,0,0),(671,23,13,0,0,'','',0,'',0,'',0,0,0,0,0),(672,23,14,0,0,'','',0,'',0,'',0,0,0,0,0),(673,23,15,0,0,'','',0,'',0,'',0,0,0,0,0),(674,25,0,0,0,'','',0,'',0,'',0,0,0,0,0),(675,25,1,0,0,'','',0,'',0,'',0,0,0,0,0),(676,25,2,0,0,'','',0,'',0,'',0,0,0,0,0),(677,25,3,0,0,'','',0,'',0,'',0,0,0,0,0),(678,25,4,0,0,'','',0,'',0,'',0,0,0,0,0),(679,25,5,0,0,'','',0,'',0,'',0,0,0,0,0),(680,25,6,0,0,'','',0,'',0,'',0,0,0,0,0),(681,25,7,0,0,'','',0,'',0,'',0,0,0,0,0),(682,25,8,0,0,'','',0,'',0,'',0,0,0,0,0),(683,25,9,0,0,'','',0,'',0,'',0,0,0,0,0),(684,25,10,0,0,'','',0,'',0,'',0,0,0,0,0),(685,25,11,0,0,'','',0,'',0,'',0,0,0,0,0),(686,25,12,0,0,'','',0,'',0,'',0,0,0,0,0),(687,25,13,0,0,'','',0,'',0,'',0,0,0,0,0),(688,25,14,0,0,'','',0,'',0,'',0,0,0,0,0),(689,25,15,0,0,'','',0,'',0,'',0,0,0,0,0),(690,26,0,0,0,'','',0,'',0,'',0,0,0,0,0),(691,26,1,0,0,'','',0,'',0,'',0,0,0,0,0),(692,26,2,2,0,'','',0,'PEAJE: ~n~ ~g~$200',60,'Arial',28,1,-1,-16777216,1),(693,26,3,2,0,'','',0,'FELIZ VIAJE',50,'Arial',23,1,-1,-16777216,0),(694,26,4,0,0,'','',0,'',0,'',0,0,0,0,0),(695,26,5,0,0,'','',0,'',0,'',0,0,0,0,0),(696,26,6,0,0,'','',0,'',0,'',0,0,0,0,0),(697,26,7,0,0,'','',0,'',0,'',0,0,0,0,0),(698,26,8,0,0,'','',0,'',0,'',0,0,0,0,0),(699,26,9,0,0,'','',0,'',0,'',0,0,0,0,0),(700,26,10,0,0,'','',0,'',0,'',0,0,0,0,0),(701,26,11,0,0,'','',0,'',0,'',0,0,0,0,0),(702,26,12,0,0,'','',0,'',0,'',0,0,0,0,0),(703,26,13,0,0,'','',0,'',0,'',0,0,0,0,0),(704,26,14,0,0,'','',0,'',0,'',0,0,0,0,0),(705,26,15,0,0,'','',0,'',0,'',0,0,0,0,0),(706,28,0,0,0,'','',0,'',0,'',0,0,0,0,0),(707,28,1,0,0,'','',0,'',0,'',0,0,0,0,0),(708,28,2,2,0,'','',0,'PEAJE: ~n~ ~g~$200',60,'Arial',28,1,-1,-16777216,1),(709,28,3,2,0,'','',0,'FELIZ VIAJE',50,'Arial',23,1,-1,-16777216,0),(710,28,4,0,0,'','',0,'',0,'',0,0,0,0,0),(711,28,5,0,0,'','',0,'',0,'',0,0,0,0,0),(712,28,6,0,0,'','',0,'',0,'',0,0,0,0,0),(713,28,7,0,0,'','',0,'',0,'',0,0,0,0,0),(714,28,8,0,0,'','',0,'',0,'',0,0,0,0,0),(715,28,9,0,0,'','',0,'',0,'',0,0,0,0,0),(716,28,10,0,0,'','',0,'',0,'',0,0,0,0,0),(717,28,11,0,0,'','',0,'',0,'',0,0,0,0,0),(718,28,12,0,0,'','',0,'',0,'',0,0,0,0,0),(719,28,13,0,0,'','',0,'',0,'',0,0,0,0,0),(720,28,14,0,0,'','',0,'',0,'',0,0,0,0,0),(721,28,15,0,0,'','',0,'',0,'',0,0,0,0,0),(722,29,0,0,0,'','',0,'',0,'',0,0,0,0,0),(723,29,1,0,0,'','',0,'',0,'',0,0,0,0,0),(724,29,2,0,0,'','',0,'',0,'',0,0,0,0,0),(725,29,3,0,0,'','',0,'',0,'',0,0,0,0,0),(726,29,4,0,0,'','',0,'',0,'',0,0,0,0,0),(727,29,5,0,0,'','',0,'',0,'',0,0,0,0,0),(728,29,6,0,0,'','',0,'',0,'',0,0,0,0,0),(729,29,7,0,0,'','',0,'',0,'',0,0,0,0,0),(730,29,8,0,0,'','',0,'',0,'',0,0,0,0,0),(731,29,9,0,0,'','',0,'',0,'',0,0,0,0,0),(732,29,10,0,0,'','',0,'',0,'',0,0,0,0,0),(733,29,11,0,0,'','',0,'',0,'',0,0,0,0,0),(734,29,12,0,0,'','',0,'',0,'',0,0,0,0,0),(735,29,13,0,0,'','',0,'',0,'',0,0,0,0,0),(736,29,14,0,0,'','',0,'',0,'',0,0,0,0,0),(737,29,15,0,0,'','',0,'',0,'',0,0,0,0,0),(738,30,0,0,0,'','',0,'',0,'',0,0,0,0,0),(739,30,1,0,0,'','',0,'',0,'',0,0,0,0,0),(740,30,2,0,0,'','',0,'',0,'',0,0,0,0,0),(741,30,3,0,0,'','',0,'',0,'',0,0,0,0,0),(742,30,4,0,0,'','',0,'',0,'',0,0,0,0,0),(743,30,5,0,0,'','',0,'',0,'',0,0,0,0,0),(744,30,6,0,0,'','',0,'',0,'',0,0,0,0,0),(745,30,7,0,0,'','',0,'',0,'',0,0,0,0,0),(746,30,8,0,0,'','',0,'',0,'',0,0,0,0,0),(747,30,9,0,0,'','',0,'',0,'',0,0,0,0,0),(748,30,10,0,0,'','',0,'',0,'',0,0,0,0,0),(749,30,11,0,0,'','',0,'',0,'',0,0,0,0,0),(750,30,12,0,0,'','',0,'',0,'',0,0,0,0,0),(751,30,13,0,0,'','',0,'',0,'',0,0,0,0,0),(752,30,14,0,0,'','',0,'',0,'',0,0,0,0,0),(753,30,15,0,0,'','',0,'',0,'',0,0,0,0,0),(754,31,0,0,0,'','',0,'',0,'',0,0,0,0,0),(755,31,1,0,0,'','',0,'',0,'',0,0,0,0,0),(756,31,2,0,0,'','',0,'',0,'',0,0,0,0,0),(757,31,3,0,0,'','',0,'',0,'',0,0,0,0,0),(758,31,4,0,0,'','',0,'',0,'',0,0,0,0,0),(759,31,5,0,0,'','',0,'',0,'',0,0,0,0,0),(760,31,6,0,0,'','',0,'',0,'',0,0,0,0,0),(761,31,7,0,0,'','',0,'',0,'',0,0,0,0,0),(762,31,8,0,0,'','',0,'',0,'',0,0,0,0,0),(763,31,9,0,0,'','',0,'',0,'',0,0,0,0,0),(764,31,10,0,0,'','',0,'',0,'',0,0,0,0,0),(765,31,11,0,0,'','',0,'',0,'',0,0,0,0,0),(766,31,12,0,0,'','',0,'',0,'',0,0,0,0,0),(767,31,13,0,0,'','',0,'',0,'',0,0,0,0,0),(768,31,14,0,0,'','',0,'',0,'',0,0,0,0,0),(769,31,15,0,0,'','',0,'',0,'',0,0,0,0,0),(770,32,0,0,0,'','',0,'',0,'',0,0,0,0,0),(771,32,1,0,0,'','',0,'',0,'',0,0,0,0,0),(772,32,2,0,0,'','',0,'',0,'',0,0,0,0,0),(773,32,3,0,0,'','',0,'',0,'',0,0,0,0,0),(774,32,4,0,0,'','',0,'',0,'',0,0,0,0,0),(775,32,5,0,0,'','',0,'',0,'',0,0,0,0,0),(776,32,6,0,0,'','',0,'',0,'',0,0,0,0,0),(777,32,7,0,0,'','',0,'',0,'',0,0,0,0,0),(778,32,8,0,0,'','',0,'',0,'',0,0,0,0,0),(779,32,9,0,0,'','',0,'',0,'',0,0,0,0,0),(780,32,10,0,0,'','',0,'',0,'',0,0,0,0,0),(781,32,11,0,0,'','',0,'',0,'',0,0,0,0,0),(782,32,12,0,0,'','',0,'',0,'',0,0,0,0,0),(783,32,13,0,0,'','',0,'',0,'',0,0,0,0,0),(784,32,14,0,0,'','',0,'',0,'',0,0,0,0,0),(785,32,15,0,0,'','',0,'',0,'',0,0,0,0,0),(786,34,0,0,0,'','',0,'',0,'',0,0,0,0,0),(787,34,1,0,0,'','',0,'',0,'',0,0,0,0,0),(788,34,2,0,0,'','',0,'',0,'',0,0,0,0,0),(789,34,3,0,0,'','',0,'',0,'',0,0,0,0,0),(790,34,4,0,0,'','',0,'',0,'',0,0,0,0,0),(791,34,5,0,0,'','',0,'',0,'',0,0,0,0,0),(792,34,6,0,0,'','',0,'',0,'',0,0,0,0,0),(793,34,7,0,0,'','',0,'',0,'',0,0,0,0,0),(794,34,8,0,0,'','',0,'',0,'',0,0,0,0,0),(795,34,9,0,0,'','',0,'',0,'',0,0,0,0,0),(796,34,10,0,0,'','',0,'',0,'',0,0,0,0,0),(797,34,11,0,0,'','',0,'',0,'',0,0,0,0,0),(798,34,12,0,0,'','',0,'',0,'',0,0,0,0,0),(799,34,13,0,0,'','',0,'',0,'',0,0,0,0,0),(800,34,14,0,0,'','',0,'',0,'',0,0,0,0,0),(801,34,15,0,0,'','',0,'',0,'',0,0,0,0,0),(802,40,0,0,0,'','',0,'',0,'',0,0,0,0,0),(803,40,1,0,0,'','',0,'',0,'',0,0,0,0,0),(804,40,2,0,0,'','',0,'',0,'',0,0,0,0,0),(805,40,3,0,0,'','',0,'',0,'',0,0,0,0,0),(806,40,4,0,0,'','',0,'',0,'',0,0,0,0,0),(807,40,5,0,0,'','',0,'',0,'',0,0,0,0,0),(808,40,6,0,0,'','',0,'',0,'',0,0,0,0,0),(809,40,7,0,0,'','',0,'',0,'',0,0,0,0,0),(810,40,8,0,0,'','',0,'',0,'',0,0,0,0,0),(811,40,9,0,0,'','',0,'',0,'',0,0,0,0,0),(812,40,10,0,0,'','',0,'',0,'',0,0,0,0,0),(813,40,11,0,0,'','',0,'',0,'',0,0,0,0,0),(814,40,12,0,0,'','',0,'',0,'',0,0,0,0,0),(815,40,13,0,0,'','',0,'',0,'',0,0,0,0,0),(816,40,14,0,0,'','',0,'',0,'',0,0,0,0,0),(817,40,15,0,0,'','',0,'',0,'',0,0,0,0,0),(818,41,0,2,0,'','',0,'d',90,'Arial',24,0,-1,-16777216,0),(819,41,1,2,0,'','',0,'d',90,'Arial',24,0,-1,-16777216,0),(820,41,2,2,0,'','',0,' ',90,'Arial',24,0,-1,-16777216,0),(821,41,3,2,0,'','',0,'~R~PROHIBIDO SALTAR~N~EL PEAJE',90,'Arial',24,1,-1,-16777216,0),(822,41,4,0,0,'','',0,'',0,'',0,0,0,0,0),(823,41,5,0,0,'','',0,'',0,'',0,0,0,0,0),(824,41,6,0,0,'','',0,'',0,'',0,0,0,0,0),(825,41,7,0,0,'','',0,'',0,'',0,0,0,0,0),(826,41,8,0,0,'','',0,'',0,'',0,0,0,0,0),(827,41,9,0,0,'','',0,'',0,'',0,0,0,0,0),(828,41,10,0,0,'','',0,'',0,'',0,0,0,0,0),(829,41,11,0,0,'','',0,'',0,'',0,0,0,0,0),(830,41,12,0,0,'','',0,'',0,'',0,0,0,0,0),(831,41,13,0,0,'','',0,'',0,'',0,0,0,0,0),(832,41,14,0,0,'','',0,'',0,'',0,0,0,0,0),(833,41,15,0,0,'','',0,'',0,'',0,0,0,0,0),(834,42,0,2,0,'','',0,'d',90,'Arial',24,0,-1,-16777216,0),(835,42,1,2,0,'','',0,'d',90,'Arial',24,0,-1,-16777216,0),(836,42,2,2,0,'','',0,' ',90,'Arial',24,0,-1,-16777216,0),(837,42,3,2,0,'','',0,'~R~PROHIBIDO SALTAR~N~EL PEAJE',90,'Arial',24,1,-1,-16777216,0),(838,42,4,0,0,'','',0,'',0,'',0,0,0,0,0),(839,42,5,0,0,'','',0,'',0,'',0,0,0,0,0),(840,42,6,0,0,'','',0,'',0,'',0,0,0,0,0),(841,42,7,0,0,'','',0,'',0,'',0,0,0,0,0),(842,42,8,0,0,'','',0,'',0,'',0,0,0,0,0),(843,42,9,0,0,'','',0,'',0,'',0,0,0,0,0),(844,42,10,0,0,'','',0,'',0,'',0,0,0,0,0),(845,42,11,0,0,'','',0,'',0,'',0,0,0,0,0),(846,42,12,0,0,'','',0,'',0,'',0,0,0,0,0),(847,42,13,0,0,'','',0,'',0,'',0,0,0,0,0),(848,42,14,0,0,'','',0,'',0,'',0,0,0,0,0),(849,42,15,0,0,'','',0,'',0,'',0,0,0,0,0),(850,43,0,2,0,'','',0,'d',90,'Arial',24,0,-1,-16777216,0),(851,43,1,2,0,'','',0,'d',90,'Arial',24,0,-1,-16777216,0),(852,43,2,2,0,'','',0,' ',90,'Arial',24,0,-1,-16777216,0),(853,43,3,2,0,'','',0,'~R~PROHIBIDO SALTAR~N~EL PEAJE',90,'Arial',24,1,-1,-16777216,0),(854,43,4,0,0,'','',0,'',0,'',0,0,0,0,0),(855,43,5,0,0,'','',0,'',0,'',0,0,0,0,0),(856,43,6,0,0,'','',0,'',0,'',0,0,0,0,0),(857,43,7,0,0,'','',0,'',0,'',0,0,0,0,0),(858,43,8,0,0,'','',0,'',0,'',0,0,0,0,0),(859,43,9,0,0,'','',0,'',0,'',0,0,0,0,0),(860,43,10,0,0,'','',0,'',0,'',0,0,0,0,0),(861,43,11,0,0,'','',0,'',0,'',0,0,0,0,0),(862,43,12,0,0,'','',0,'',0,'',0,0,0,0,0),(863,43,13,0,0,'','',0,'',0,'',0,0,0,0,0),(864,43,14,0,0,'','',0,'',0,'',0,0,0,0,0),(865,43,15,0,0,'','',0,'',0,'',0,0,0,0,0),(866,44,0,2,0,'','',0,'d',90,'Arial',24,0,-1,-16777216,0),(867,44,1,2,0,'','',0,'d',90,'Arial',24,0,-1,-16777216,0),(868,44,2,2,0,'','',0,' ',90,'Arial',24,0,-1,-16777216,0),(869,44,3,2,0,'','',0,'~R~PROHIBIDO SALTAR~N~EL PEAJE',90,'Arial',24,1,-1,-16777216,0),(870,44,4,0,0,'','',0,'',0,'',0,0,0,0,0),(871,44,5,0,0,'','',0,'',0,'',0,0,0,0,0),(872,44,6,0,0,'','',0,'',0,'',0,0,0,0,0),(873,44,7,0,0,'','',0,'',0,'',0,0,0,0,0),(874,44,8,0,0,'','',0,'',0,'',0,0,0,0,0),(875,44,9,0,0,'','',0,'',0,'',0,0,0,0,0),(876,44,10,0,0,'','',0,'',0,'',0,0,0,0,0),(877,44,11,0,0,'','',0,'',0,'',0,0,0,0,0),(878,44,12,0,0,'','',0,'',0,'',0,0,0,0,0),(879,44,13,0,0,'','',0,'',0,'',0,0,0,0,0),(880,44,14,0,0,'','',0,'',0,'',0,0,0,0,0),(881,44,15,0,0,'','',0,'',0,'',0,0,0,0,0),(882,46,0,2,0,'','',0,'d',90,'Arial',24,0,-1,-16777216,0),(883,46,1,2,0,'','',0,'d',90,'Arial',24,0,-1,-16777216,0),(884,46,2,2,0,'','',0,' ',90,'Arial',24,0,-1,-16777216,0),(885,46,3,2,0,'','',0,'~R~PROHIBIDO SALTAR~N~EL PEAJE',90,'Arial',24,1,-1,-16777216,0),(886,46,4,0,0,'','',0,'',0,'',0,0,0,0,0),(887,46,5,0,0,'','',0,'',0,'',0,0,0,0,0),(888,46,6,0,0,'','',0,'',0,'',0,0,0,0,0),(889,46,7,0,0,'','',0,'',0,'',0,0,0,0,0),(890,46,8,0,0,'','',0,'',0,'',0,0,0,0,0),(891,46,9,0,0,'','',0,'',0,'',0,0,0,0,0),(892,46,10,0,0,'','',0,'',0,'',0,0,0,0,0),(893,46,11,0,0,'','',0,'',0,'',0,0,0,0,0),(894,46,12,0,0,'','',0,'',0,'',0,0,0,0,0),(895,46,13,0,0,'','',0,'',0,'',0,0,0,0,0),(896,46,14,0,0,'','',0,'',0,'',0,0,0,0,0),(897,46,15,0,0,'','',0,'',0,'',0,0,0,0,0),(898,56,0,0,0,'','',0,'',0,'',0,0,0,0,0),(899,56,1,0,0,'','',0,'',0,'',0,0,0,0,0),(900,56,2,0,0,'','',0,'',0,'',0,0,0,0,0),(901,56,3,0,0,'','',0,'',0,'',0,0,0,0,0),(902,56,4,0,0,'','',0,'',0,'',0,0,0,0,0),(903,56,5,0,0,'','',0,'',0,'',0,0,0,0,0),(904,56,6,0,0,'','',0,'',0,'',0,0,0,0,0),(905,56,7,0,0,'','',0,'',0,'',0,0,0,0,0),(906,56,8,0,0,'','',0,'',0,'',0,0,0,0,0),(907,56,9,0,0,'','',0,'',0,'',0,0,0,0,0),(908,56,10,0,0,'','',0,'',0,'',0,0,0,0,0),(909,56,11,0,0,'','',0,'',0,'',0,0,0,0,0),(910,56,12,0,0,'','',0,'',0,'',0,0,0,0,0),(911,56,13,0,0,'','',0,'',0,'',0,0,0,0,0),(912,56,14,0,0,'','',0,'',0,'',0,0,0,0,0),(913,56,15,0,0,'','',0,'',0,'',0,0,0,0,0),(914,57,0,0,0,'','',0,'',0,'',0,0,0,0,0),(915,57,1,0,0,'','',0,'',0,'',0,0,0,0,0),(916,57,2,0,0,'','',0,'',0,'',0,0,0,0,0),(917,57,3,0,0,'','',0,'',0,'',0,0,0,0,0),(918,57,4,0,0,'','',0,'',0,'',0,0,0,0,0),(919,57,5,0,0,'','',0,'',0,'',0,0,0,0,0),(920,57,6,0,0,'','',0,'',0,'',0,0,0,0,0),(921,57,7,0,0,'','',0,'',0,'',0,0,0,0,0),(922,57,8,0,0,'','',0,'',0,'',0,0,0,0,0),(923,57,9,0,0,'','',0,'',0,'',0,0,0,0,0),(924,57,10,0,0,'','',0,'',0,'',0,0,0,0,0),(925,57,11,0,0,'','',0,'',0,'',0,0,0,0,0),(926,57,12,0,0,'','',0,'',0,'',0,0,0,0,0),(927,57,13,0,0,'','',0,'',0,'',0,0,0,0,0),(928,57,14,0,0,'','',0,'',0,'',0,0,0,0,0),(929,57,15,0,0,'','',0,'',0,'',0,0,0,0,0),(930,58,0,0,0,'','',0,'',0,'',0,0,0,0,0),(931,58,1,0,0,'','',0,'',0,'',0,0,0,0,0),(932,58,2,0,0,'','',0,'',0,'',0,0,0,0,0),(933,58,3,0,0,'','',0,'',0,'',0,0,0,0,0),(934,58,4,0,0,'','',0,'',0,'',0,0,0,0,0),(935,58,5,0,0,'','',0,'',0,'',0,0,0,0,0),(936,58,6,0,0,'','',0,'',0,'',0,0,0,0,0),(937,58,7,0,0,'','',0,'',0,'',0,0,0,0,0),(938,58,8,0,0,'','',0,'',0,'',0,0,0,0,0),(939,58,9,0,0,'','',0,'',0,'',0,0,0,0,0),(940,58,10,0,0,'','',0,'',0,'',0,0,0,0,0),(941,58,11,0,0,'','',0,'',0,'',0,0,0,0,0),(942,58,12,0,0,'','',0,'',0,'',0,0,0,0,0),(943,58,13,0,0,'','',0,'',0,'',0,0,0,0,0),(944,58,14,0,0,'','',0,'',0,'',0,0,0,0,0),(945,58,15,0,0,'','',0,'',0,'',0,0,0,0,0),(946,59,0,0,0,'','',0,'',0,'',0,0,0,0,0),(947,59,1,0,0,'','',0,'',0,'',0,0,0,0,0),(948,59,2,0,0,'','',0,'',0,'',0,0,0,0,0),(949,59,3,0,0,'','',0,'',0,'',0,0,0,0,0),(950,59,4,1,10101,'2notherbuildsfe','sl_vicbrikwall01',0,'2',90,'Arial',24,0,-1,-16777216,0),(951,59,5,0,0,'','',0,'',0,'',0,0,0,0,0),(952,59,6,1,19861,'MIHouse1','ws_sandstone2',0,'3',90,'Arial',24,0,-1,-16777216,0),(953,59,7,0,0,'','',0,'',0,'',0,0,0,0,0),(954,59,8,0,0,'','',0,'',0,'',0,0,0,0,0),(955,59,9,0,0,'','',0,'',0,'',0,0,0,0,0),(956,59,10,0,0,'','',0,'',0,'',0,0,0,0,0),(957,59,11,0,0,'','',0,'',0,'',0,0,0,0,0),(958,59,12,0,0,'','',0,'',0,'',0,0,0,0,0),(959,59,13,0,0,'','',0,'',0,'',0,0,0,0,0),(960,59,14,0,0,'','',0,'',0,'',0,0,0,0,0),(961,59,15,0,0,'','',0,'',0,'',0,0,0,0,0),(962,60,0,0,0,'','',0,'',0,'',0,0,0,0,0),(963,60,1,0,0,'','',0,'',0,'',0,0,0,0,0),(964,60,2,0,0,'','',0,'',0,'',0,0,0,0,0),(965,60,3,0,0,'','',0,'',0,'',0,0,0,0,0),(966,60,4,0,0,'','',0,'',0,'',0,0,0,0,0),(967,60,5,0,0,'','',0,'',0,'',0,0,0,0,0),(968,60,6,0,0,'','',0,'',0,'',0,0,0,0,0),(969,60,7,0,0,'','',0,'',0,'',0,0,0,0,0),(970,60,8,0,0,'','',0,'',0,'',0,0,0,0,0),(971,60,9,0,0,'','',0,'',0,'',0,0,0,0,0),(972,60,10,0,0,'','',0,'',0,'',0,0,0,0,0),(973,60,11,0,0,'','',0,'',0,'',0,0,0,0,0),(974,60,12,0,0,'','',0,'',0,'',0,0,0,0,0),(975,60,13,0,0,'','',0,'',0,'',0,0,0,0,0),(976,60,14,0,0,'','',0,'',0,'',0,0,0,0,0),(977,60,15,0,0,'','',0,'',0,'',0,0,0,0,0),(978,61,0,0,0,'','',0,'',0,'',0,0,0,0,0),(979,61,1,0,0,'','',0,'',0,'',0,0,0,0,0),(980,61,2,0,0,'','',0,'',0,'',0,0,0,0,0),(981,61,3,0,0,'','',0,'',0,'',0,0,0,0,0),(982,61,4,1,10101,'2notherbuildsfe','sl_vicbrikwall01',0,'s',90,'Arial',24,0,-1,-16777216,0),(983,61,5,0,0,'','',0,'',0,'',0,0,0,0,0),(984,61,6,1,19861,'MIHouse1','ws_sandstone2',0,' ',90,'Arial',24,0,-1,-1,0),(985,61,7,0,0,'','',0,'',0,'',0,0,0,0,0),(986,61,8,0,0,'','',0,'',0,'',0,0,0,0,0),(987,61,9,0,0,'','',0,'',0,'',0,0,0,0,0),(988,61,10,0,0,'','',0,'',0,'',0,0,0,0,0),(989,61,11,0,0,'','',0,'',0,'',0,0,0,0,0),(990,61,12,0,0,'','',0,'',0,'',0,0,0,0,0),(991,61,13,0,0,'','',0,'',0,'',0,0,0,0,0),(992,61,14,0,0,'','',0,'',0,'',0,0,0,0,0),(993,61,15,0,0,'','',0,'',0,'',0,0,0,0,0),(994,62,0,0,0,'','',0,'',0,'',0,0,0,0,0),(995,62,1,0,0,'','',0,'',0,'',0,0,0,0,0),(996,62,2,0,0,'','',0,'',0,'',0,0,0,0,0),(997,62,3,0,0,'','',0,'',0,'',0,0,0,0,0),(998,62,4,0,0,'','',0,'',0,'',0,0,0,0,0),(999,62,5,0,0,'','',0,'',0,'',0,0,0,0,0),(1000,62,6,0,0,'','',0,'',0,'',0,0,0,0,0),(1001,62,7,0,0,'','',0,'',0,'',0,0,0,0,0),(1002,62,8,0,0,'','',0,'',0,'',0,0,0,0,0),(1003,62,9,0,0,'','',0,'',0,'',0,0,0,0,0),(1004,62,10,0,0,'','',0,'',0,'',0,0,0,0,0),(1005,62,11,0,0,'','',0,'',0,'',0,0,0,0,0),(1006,62,12,0,0,'','',0,'',0,'',0,0,0,0,0),(1007,62,13,0,0,'','',0,'',0,'',0,0,0,0,0),(1008,62,14,0,0,'','',0,'',0,'',0,0,0,0,0),(1009,62,15,0,0,'','',0,'',0,'',0,0,0,0,0),(1010,63,0,0,0,'','',0,'',0,'',0,0,0,0,0),(1011,63,1,0,0,'','',0,'',0,'',0,0,0,0,0),(1012,63,2,0,0,'','',0,'',0,'',0,0,0,0,0),(1013,63,3,0,0,'','',0,'',0,'',0,0,0,0,0),(1014,63,4,0,0,'','',0,'',0,'',0,0,0,0,0),(1015,63,5,0,0,'','',0,'',0,'',0,0,0,0,0),(1016,63,6,0,0,'','',0,'',0,'',0,0,0,0,0),(1017,63,7,0,0,'','',0,'',0,'',0,0,0,0,0),(1018,63,8,0,0,'','',0,'',0,'',0,0,0,0,0),(1019,63,9,0,0,'','',0,'',0,'',0,0,0,0,0),(1020,63,10,0,0,'','',0,'',0,'',0,0,0,0,0),(1021,63,11,0,0,'','',0,'',0,'',0,0,0,0,0),(1022,63,12,0,0,'','',0,'',0,'',0,0,0,0,0),(1023,63,13,0,0,'','',0,'',0,'',0,0,0,0,0),(1024,63,14,0,0,'','',0,'',0,'',0,0,0,0,0),(1025,63,15,0,0,'','',0,'',0,'',0,0,0,0,0),(1026,64,0,0,0,'','',0,'',0,'',0,0,0,0,0),(1027,64,1,0,0,'','',0,'',0,'',0,0,0,0,0),(1028,64,2,0,0,'','',0,'',0,'',0,0,0,0,0),(1029,64,3,0,0,'','',0,'',0,'',0,0,0,0,0),(1030,64,4,0,0,'','',0,'',0,'',0,0,0,0,0),(1031,64,5,0,0,'','',0,'',0,'',0,0,0,0,0),(1032,64,6,0,0,'','',0,'',0,'',0,0,0,0,0),(1033,64,7,0,0,'','',0,'',0,'',0,0,0,0,0),(1034,64,8,0,0,'','',0,'',0,'',0,0,0,0,0),(1035,64,9,0,0,'','',0,'',0,'',0,0,0,0,0),(1036,64,10,0,0,'','',0,'',0,'',0,0,0,0,0),(1037,64,11,0,0,'','',0,'',0,'',0,0,0,0,0),(1038,64,12,0,0,'','',0,'',0,'',0,0,0,0,0),(1039,64,13,0,0,'','',0,'',0,'',0,0,0,0,0),(1040,64,14,0,0,'','',0,'',0,'',0,0,0,0,0),(1041,64,15,0,0,'','',0,'',0,'',0,0,0,0,0),(1042,65,0,2,0,'','',0,'~R~PEAJE~N~ ~G~LOS 7 MARES',90,'Arial',30,1,-1,-1,1),(1043,65,1,0,0,'','',0,'',0,'',0,0,0,0,0),(1044,65,2,0,0,'','',0,'',0,'',0,0,0,0,0),(1045,65,3,0,0,'','',0,'',0,'',0,0,0,0,0),(1046,65,4,0,0,'','',0,'',0,'',0,0,0,0,0),(1047,65,5,0,0,'','',0,'',0,'',0,0,0,0,0),(1048,65,6,0,0,'','',0,'',0,'',0,0,0,0,0),(1049,65,7,0,0,'','',0,'',0,'',0,0,0,0,0),(1050,65,8,0,0,'','',0,'',0,'',0,0,0,0,0),(1051,65,9,0,0,'','',0,'',0,'',0,0,0,0,0),(1052,65,10,0,0,'','',0,'',0,'',0,0,0,0,0),(1053,65,11,0,0,'','',0,'',0,'',0,0,0,0,0),(1054,65,12,0,0,'','',0,'',0,'',0,0,0,0,0),(1055,65,13,0,0,'','',0,'',0,'',0,0,0,0,0),(1056,65,14,0,0,'','',0,'',0,'',0,0,0,0,0),(1057,65,15,0,0,'','',0,'',0,'',0,0,0,0,0),(1058,66,0,0,0,'','',0,'',0,'',0,0,0,0,0),(1059,66,1,0,0,'','',0,'',0,'',0,0,0,0,0),(1060,66,2,0,0,'','',0,'',0,'',0,0,0,0,0),(1061,66,3,0,0,'','',0,'',0,'',0,0,0,0,0),(1062,66,4,0,0,'','',0,'',0,'',0,0,0,0,0),(1063,66,5,0,0,'','',0,'',0,'',0,0,0,0,0),(1064,66,6,0,0,'','',0,'',0,'',0,0,0,0,0),(1065,66,7,0,0,'','',0,'',0,'',0,0,0,0,0),(1066,66,8,0,0,'','',0,'',0,'',0,0,0,0,0),(1067,66,9,0,0,'','',0,'',0,'',0,0,0,0,0),(1068,66,10,0,0,'','',0,'',0,'',0,0,0,0,0),(1069,66,11,0,0,'','',0,'',0,'',0,0,0,0,0),(1070,66,12,0,0,'','',0,'',0,'',0,0,0,0,0),(1071,66,13,0,0,'','',0,'',0,'',0,0,0,0,0),(1072,66,14,0,0,'','',0,'',0,'',0,0,0,0,0),(1073,66,15,0,0,'','',0,'',0,'',0,0,0,0,0),(1074,67,0,0,0,'','',0,'',0,'',0,0,0,0,0),(1075,67,1,0,0,'','',0,'',0,'',0,0,0,0,0),(1076,67,2,0,0,'','',0,'',0,'',0,0,0,0,0),(1077,67,3,0,0,'','',0,'',0,'',0,0,0,0,0),(1078,67,4,0,0,'','',0,'',0,'',0,0,0,0,0),(1079,67,5,0,0,'','',0,'',0,'',0,0,0,0,0),(1080,67,6,0,0,'','',0,'',0,'',0,0,0,0,0),(1081,67,7,0,0,'','',0,'',0,'',0,0,0,0,0),(1082,67,8,0,0,'','',0,'',0,'',0,0,0,0,0),(1083,67,9,0,0,'','',0,'',0,'',0,0,0,0,0),(1084,67,10,0,0,'','',0,'',0,'',0,0,0,0,0),(1085,67,11,0,0,'','',0,'',0,'',0,0,0,0,0),(1086,67,12,0,0,'','',0,'',0,'',0,0,0,0,0),(1087,67,13,0,0,'','',0,'',0,'',0,0,0,0,0),(1088,67,14,0,0,'','',0,'',0,'',0,0,0,0,0),(1089,67,15,0,0,'','',0,'',0,'',0,0,0,0,0),(1090,68,0,0,0,'','',0,'',0,'',0,0,0,0,0),(1091,68,1,0,0,'','',0,'',0,'',0,0,0,0,0),(1092,68,2,0,0,'','',0,'',0,'',0,0,0,0,0),(1093,68,3,2,0,'','',0,'~R~MANEJE CON~N~ ~B~CUIDADO',90,'Arial',30,0,-1,-1,0),(1094,68,4,0,0,'','',0,'',0,'',0,0,0,0,0),(1095,68,5,0,0,'','',0,'',0,'',0,0,0,0,0),(1096,68,6,0,0,'','',0,'',0,'',0,0,0,0,0),(1097,68,7,0,0,'','',0,'',0,'',0,0,0,0,0),(1098,68,8,0,0,'','',0,'',0,'',0,0,0,0,0),(1099,68,9,0,0,'','',0,'',0,'',0,0,0,0,0),(1100,68,10,0,0,'','',0,'',0,'',0,0,0,0,0),(1101,68,11,0,0,'','',0,'',0,'',0,0,0,0,0),(1102,68,12,0,0,'','',0,'',0,'',0,0,0,0,0),(1103,68,13,0,0,'','',0,'',0,'',0,0,0,0,0),(1104,68,14,0,0,'','',0,'',0,'',0,0,0,0,0),(1105,68,15,0,0,'','',0,'',0,'',0,0,0,0,0),(1106,69,0,0,0,'','',0,'',0,'',0,0,0,0,0),(1107,69,1,0,0,'','',0,'',0,'',0,0,0,0,0),(1108,69,2,0,0,'','',0,'',0,'',0,0,0,0,0),(1109,69,3,2,0,'','',0,'~R~MANEJE CON~N~ ~B~CUIDADO',90,'Arial',30,0,-1,-1,0),(1110,69,4,0,0,'','',0,'',0,'',0,0,0,0,0),(1111,69,5,0,0,'','',0,'',0,'',0,0,0,0,0),(1112,69,6,0,0,'','',0,'',0,'',0,0,0,0,0),(1113,69,7,0,0,'','',0,'',0,'',0,0,0,0,0),(1114,69,8,0,0,'','',0,'',0,'',0,0,0,0,0),(1115,69,9,0,0,'','',0,'',0,'',0,0,0,0,0),(1116,69,10,0,0,'','',0,'',0,'',0,0,0,0,0),(1117,69,11,0,0,'','',0,'',0,'',0,0,0,0,0),(1118,69,12,0,0,'','',0,'',0,'',0,0,0,0,0),(1119,69,13,0,0,'','',0,'',0,'',0,0,0,0,0),(1120,69,14,0,0,'','',0,'',0,'',0,0,0,0,0),(1121,69,15,0,0,'','',0,'',0,'',0,0,0,0,0),(1122,70,0,0,0,'','',0,'',0,'',0,0,0,0,0),(1123,70,1,0,0,'','',0,'',0,'',0,0,0,0,0),(1124,70,2,0,0,'','',0,'',0,'',0,0,0,0,0),(1125,70,3,0,0,'','',0,'',0,'',0,0,0,0,0),(1126,70,4,0,0,'','',0,'',0,'',0,0,0,0,0),(1127,70,5,0,0,'','',0,'',0,'',0,0,0,0,0),(1128,70,6,0,0,'','',0,'',0,'',0,0,0,0,0),(1129,70,7,0,0,'','',0,'',0,'',0,0,0,0,0),(1130,70,8,0,0,'','',0,'',0,'',0,0,0,0,0),(1131,70,9,0,0,'','',0,'',0,'',0,0,0,0,0),(1132,70,10,0,0,'','',0,'',0,'',0,0,0,0,0),(1133,70,11,0,0,'','',0,'',0,'',0,0,0,0,0),(1134,70,12,0,0,'','',0,'',0,'',0,0,0,0,0),(1135,70,13,0,0,'','',0,'',0,'',0,0,0,0,0),(1136,70,14,0,0,'','',0,'',0,'',0,0,0,0,0),(1137,70,15,0,0,'','',0,'',0,'',0,0,0,0,0),(1138,71,0,0,0,'','',0,'',0,'',0,0,0,0,0),(1139,71,1,0,0,'','',0,'',0,'',0,0,0,0,0),(1140,71,2,0,0,'','',0,'',0,'',0,0,0,0,0),(1141,71,3,0,0,'','',0,'',0,'',0,0,0,0,0),(1142,71,4,0,0,'','',0,'',0,'',0,0,0,0,0),(1143,71,5,0,0,'','',0,'',0,'',0,0,0,0,0),(1144,71,6,0,0,'','',0,'',0,'',0,0,0,0,0),(1145,71,7,0,0,'','',0,'',0,'',0,0,0,0,0),(1146,71,8,0,0,'','',0,'',0,'',0,0,0,0,0),(1147,71,9,0,0,'','',0,'',0,'',0,0,0,0,0),(1148,71,10,0,0,'','',0,'',0,'',0,0,0,0,0),(1149,71,11,0,0,'','',0,'',0,'',0,0,0,0,0),(1150,71,12,0,0,'','',0,'',0,'',0,0,0,0,0),(1151,71,13,0,0,'','',0,'',0,'',0,0,0,0,0),(1152,71,14,0,0,'','',0,'',0,'',0,0,0,0,0),(1153,71,15,0,0,'','',0,'',0,'',0,0,0,0,0),(1154,72,0,0,0,'','',0,'',0,'',0,0,0,0,0),(1155,72,1,0,0,'','',0,'',0,'',0,0,0,0,0),(1156,72,2,0,0,'','',0,'',0,'',0,0,0,0,0),(1157,72,3,0,0,'','',0,'',0,'',0,0,0,0,0),(1158,72,4,0,0,'','',0,'',0,'',0,0,0,0,0),(1159,72,5,0,0,'','',0,'',0,'',0,0,0,0,0),(1160,72,6,0,0,'','',0,'',0,'',0,0,0,0,0),(1161,72,7,0,0,'','',0,'',0,'',0,0,0,0,0),(1162,72,8,0,0,'','',0,'',0,'',0,0,0,0,0),(1163,72,9,0,0,'','',0,'',0,'',0,0,0,0,0),(1164,72,10,0,0,'','',0,'',0,'',0,0,0,0,0),(1165,72,11,0,0,'','',0,'',0,'',0,0,0,0,0),(1166,72,12,0,0,'','',0,'',0,'',0,0,0,0,0),(1167,72,13,0,0,'','',0,'',0,'',0,0,0,0,0),(1168,72,14,0,0,'','',0,'',0,'',0,0,0,0,0),(1169,72,15,0,0,'','',0,'',0,'',0,0,0,0,0),(1170,73,0,0,0,'','',0,'',0,'',0,0,0,0,0),(1171,73,1,0,0,'','',0,'',0,'',0,0,0,0,0),(1172,73,2,0,0,'','',0,'',0,'',0,0,0,0,0),(1173,73,3,0,0,'','',0,'',0,'',0,0,0,0,0),(1174,73,4,0,0,'','',0,'',0,'',0,0,0,0,0),(1175,73,5,0,0,'','',0,'',0,'',0,0,0,0,0),(1176,73,6,0,0,'','',0,'',0,'',0,0,0,0,0),(1177,73,7,0,0,'','',0,'',0,'',0,0,0,0,0),(1178,73,8,0,0,'','',0,'',0,'',0,0,0,0,0),(1179,73,9,0,0,'','',0,'',0,'',0,0,0,0,0),(1180,73,10,0,0,'','',0,'',0,'',0,0,0,0,0),(1181,73,11,0,0,'','',0,'',0,'',0,0,0,0,0),(1182,73,12,0,0,'','',0,'',0,'',0,0,0,0,0),(1183,73,13,0,0,'','',0,'',0,'',0,0,0,0,0),(1184,73,14,0,0,'','',0,'',0,'',0,0,0,0,0),(1185,73,15,0,0,'','',0,'',0,'',0,0,0,0,0),(1186,74,0,0,0,'','',0,'',0,'',0,0,0,0,0),(1187,74,1,0,0,'','',0,'',0,'',0,0,0,0,0),(1188,74,2,0,0,'','',0,'',0,'',0,0,0,0,0),(1189,74,3,0,0,'','',0,'',0,'',0,0,0,0,0),(1190,74,4,0,0,'','',0,'',0,'',0,0,0,0,0),(1191,74,5,0,0,'','',0,'',0,'',0,0,0,0,0),(1192,74,6,0,0,'','',0,'',0,'',0,0,0,0,0),(1193,74,7,0,0,'','',0,'',0,'',0,0,0,0,0),(1194,74,8,0,0,'','',0,'',0,'',0,0,0,0,0),(1195,74,9,0,0,'','',0,'',0,'',0,0,0,0,0),(1196,74,10,0,0,'','',0,'',0,'',0,0,0,0,0),(1197,74,11,0,0,'','',0,'',0,'',0,0,0,0,0),(1198,74,12,0,0,'','',0,'',0,'',0,0,0,0,0),(1199,74,13,0,0,'','',0,'',0,'',0,0,0,0,0),(1200,74,14,0,0,'','',0,'',0,'',0,0,0,0,0),(1201,74,15,0,0,'','',0,'',0,'',0,0,0,0,0),(1202,75,0,0,0,'','',0,'',0,'',0,0,0,0,0),(1203,75,1,0,0,'','',0,'',0,'',0,0,0,0,0),(1204,75,2,0,0,'','',0,'',0,'',0,0,0,0,0),(1205,75,3,0,0,'','',0,'',0,'',0,0,0,0,0),(1206,75,4,0,0,'','',0,'',0,'',0,0,0,0,0),(1207,75,5,0,0,'','',0,'',0,'',0,0,0,0,0),(1208,75,6,0,0,'','',0,'',0,'',0,0,0,0,0),(1209,75,7,0,0,'','',0,'',0,'',0,0,0,0,0),(1210,75,8,0,0,'','',0,'',0,'',0,0,0,0,0),(1211,75,9,0,0,'','',0,'',0,'',0,0,0,0,0),(1212,75,10,0,0,'','',0,'',0,'',0,0,0,0,0),(1213,75,11,0,0,'','',0,'',0,'',0,0,0,0,0),(1214,75,12,0,0,'','',0,'',0,'',0,0,0,0,0),(1215,75,13,0,0,'','',0,'',0,'',0,0,0,0,0),(1216,75,14,0,0,'','',0,'',0,'',0,0,0,0,0),(1217,75,15,0,0,'','',0,'',0,'',0,0,0,0,0),(1218,76,0,0,0,'','',0,'',0,'',0,0,0,0,0),(1219,76,1,0,0,'','',0,'',0,'',0,0,0,0,0),(1220,76,2,0,0,'','',0,'',0,'',0,0,0,0,0),(1221,76,3,0,0,'','',0,'',0,'',0,0,0,0,0),(1222,76,4,0,0,'','',0,'',0,'',0,0,0,0,0),(1223,76,5,0,0,'','',0,'',0,'',0,0,0,0,0),(1224,76,6,0,0,'','',0,'',0,'',0,0,0,0,0),(1225,76,7,0,0,'','',0,'',0,'',0,0,0,0,0),(1226,76,8,0,0,'','',0,'',0,'',0,0,0,0,0),(1227,76,9,0,0,'','',0,'',0,'',0,0,0,0,0),(1228,76,10,0,0,'','',0,'',0,'',0,0,0,0,0),(1229,76,11,0,0,'','',0,'',0,'',0,0,0,0,0),(1230,76,12,0,0,'','',0,'',0,'',0,0,0,0,0),(1231,76,13,0,0,'','',0,'',0,'',0,0,0,0,0),(1232,76,14,0,0,'','',0,'',0,'',0,0,0,0,0),(1233,76,15,0,0,'','',0,'',0,'',0,0,0,0,0),(1234,77,0,0,0,'','',0,'',0,'',0,0,0,0,0),(1235,77,1,0,0,'','',0,'',0,'',0,0,0,0,0),(1236,77,2,0,0,'','',0,'',0,'',0,0,0,0,0),(1237,77,3,0,0,'','',0,'',0,'',0,0,0,0,0),(1238,77,4,0,0,'','',0,'',0,'',0,0,0,0,0),(1239,77,5,0,0,'','',0,'',0,'',0,0,0,0,0),(1240,77,6,0,0,'','',0,'',0,'',0,0,0,0,0),(1241,77,7,0,0,'','',0,'',0,'',0,0,0,0,0),(1242,77,8,0,0,'','',0,'',0,'',0,0,0,0,0),(1243,77,9,0,0,'','',0,'',0,'',0,0,0,0,0),(1244,77,10,0,0,'','',0,'',0,'',0,0,0,0,0),(1245,77,11,0,0,'','',0,'',0,'',0,0,0,0,0),(1246,77,12,0,0,'','',0,'',0,'',0,0,0,0,0),(1247,77,13,0,0,'','',0,'',0,'',0,0,0,0,0),(1248,77,14,0,0,'','',0,'',0,'',0,0,0,0,0),(1249,77,15,0,0,'','',0,'',0,'',0,0,0,0,0),(1250,78,0,0,0,'','',0,'',0,'',0,0,0,0,0),(1251,78,1,0,0,'','',0,'',0,'',0,0,0,0,0),(1252,78,2,0,0,'','',0,'',0,'',0,0,0,0,0),(1253,78,3,0,0,'','',0,'',0,'',0,0,0,0,0),(1254,78,4,0,0,'','',0,'',0,'',0,0,0,0,0),(1255,78,5,0,0,'','',0,'',0,'',0,0,0,0,0),(1256,78,6,0,0,'','',0,'',0,'',0,0,0,0,0),(1257,78,7,0,0,'','',0,'',0,'',0,0,0,0,0),(1258,78,8,0,0,'','',0,'',0,'',0,0,0,0,0),(1259,78,9,0,0,'','',0,'',0,'',0,0,0,0,0),(1260,78,10,0,0,'','',0,'',0,'',0,0,0,0,0),(1261,78,11,0,0,'','',0,'',0,'',0,0,0,0,0),(1262,78,12,0,0,'','',0,'',0,'',0,0,0,0,0),(1263,78,13,0,0,'','',0,'',0,'',0,0,0,0,0),(1264,78,14,0,0,'','',0,'',0,'',0,0,0,0,0),(1265,78,15,0,0,'','',0,'',0,'',0,0,0,0,0),(1266,79,0,0,0,'','',0,'',0,'',0,0,0,0,0),(1267,79,1,0,0,'','',0,'',0,'',0,0,0,0,0),(1268,79,2,0,0,'','',0,'',0,'',0,0,0,0,0),(1269,79,3,0,0,'','',0,'',0,'',0,0,0,0,0),(1270,79,4,0,0,'','',0,'',0,'',0,0,0,0,0),(1271,79,5,0,0,'','',0,'',0,'',0,0,0,0,0),(1272,79,6,0,0,'','',0,'',0,'',0,0,0,0,0),(1273,79,7,0,0,'','',0,'',0,'',0,0,0,0,0),(1274,79,8,0,0,'','',0,'',0,'',0,0,0,0,0),(1275,79,9,0,0,'','',0,'',0,'',0,0,0,0,0),(1276,79,10,0,0,'','',0,'',0,'',0,0,0,0,0),(1277,79,11,0,0,'','',0,'',0,'',0,0,0,0,0),(1278,79,12,0,0,'','',0,'',0,'',0,0,0,0,0),(1279,79,13,0,0,'','',0,'',0,'',0,0,0,0,0),(1280,79,14,0,0,'','',0,'',0,'',0,0,0,0,0),(1281,79,15,0,0,'','',0,'',0,'',0,0,0,0,0),(1282,80,0,0,0,'','',0,'',0,'',0,0,0,0,0),(1283,80,1,0,0,'','',0,'',0,'',0,0,0,0,0),(1284,80,2,0,0,'','',0,'',0,'',0,0,0,0,0),(1285,80,3,0,0,'','',0,'',0,'',0,0,0,0,0),(1286,80,4,0,0,'','',0,'',0,'',0,0,0,0,0),(1287,80,5,0,0,'','',0,'',0,'',0,0,0,0,0),(1288,80,6,0,0,'','',0,'',0,'',0,0,0,0,0),(1289,80,7,0,0,'','',0,'',0,'',0,0,0,0,0),(1290,80,8,0,0,'','',0,'',0,'',0,0,0,0,0),(1291,80,9,0,0,'','',0,'',0,'',0,0,0,0,0),(1292,80,10,0,0,'','',0,'',0,'',0,0,0,0,0),(1293,80,11,0,0,'','',0,'',0,'',0,0,0,0,0),(1294,80,12,0,0,'','',0,'',0,'',0,0,0,0,0),(1295,80,13,0,0,'','',0,'',0,'',0,0,0,0,0),(1296,80,14,0,0,'','',0,'',0,'',0,0,0,0,0),(1297,80,15,0,0,'','',0,'',0,'',0,0,0,0,0),(1298,81,0,0,0,'','',0,'',0,'',0,0,0,0,0),(1299,81,1,0,0,'','',0,'',0,'',0,0,0,0,0),(1300,81,2,0,0,'','',0,'',0,'',0,0,0,0,0),(1301,81,3,0,0,'','',0,'',0,'',0,0,0,0,0),(1302,81,4,0,0,'','',0,'',0,'',0,0,0,0,0),(1303,81,5,0,0,'','',0,'',0,'',0,0,0,0,0),(1304,81,6,0,0,'','',0,'',0,'',0,0,0,0,0),(1305,81,7,0,0,'','',0,'',0,'',0,0,0,0,0),(1306,81,8,0,0,'','',0,'',0,'',0,0,0,0,0),(1307,81,9,0,0,'','',0,'',0,'',0,0,0,0,0),(1308,81,10,0,0,'','',0,'',0,'',0,0,0,0,0),(1309,81,11,0,0,'','',0,'',0,'',0,0,0,0,0),(1310,81,12,0,0,'','',0,'',0,'',0,0,0,0,0),(1311,81,13,0,0,'','',0,'',0,'',0,0,0,0,0),(1312,81,14,0,0,'','',0,'',0,'',0,0,0,0,0),(1313,81,15,0,0,'','',0,'',0,'',0,0,0,0,0),(1314,82,0,0,0,'','',0,'',0,'',0,0,0,0,0),(1315,82,1,0,0,'','',0,'',0,'',0,0,0,0,0),(1316,82,2,0,0,'','',0,'',0,'',0,0,0,0,0),(1317,82,3,0,0,'','',0,'',0,'',0,0,0,0,0),(1318,82,4,0,0,'','',0,'',0,'',0,0,0,0,0),(1319,82,5,0,0,'','',0,'',0,'',0,0,0,0,0),(1320,82,6,0,0,'','',0,'',0,'',0,0,0,0,0),(1321,82,7,0,0,'','',0,'',0,'',0,0,0,0,0),(1322,82,8,0,0,'','',0,'',0,'',0,0,0,0,0),(1323,82,9,0,0,'','',0,'',0,'',0,0,0,0,0),(1324,82,10,0,0,'','',0,'',0,'',0,0,0,0,0),(1325,82,11,0,0,'','',0,'',0,'',0,0,0,0,0),(1326,82,12,0,0,'','',0,'',0,'',0,0,0,0,0),(1327,82,13,0,0,'','',0,'',0,'',0,0,0,0,0),(1328,82,14,0,0,'','',0,'',0,'',0,0,0,0,0),(1329,82,15,0,0,'','',0,'',0,'',0,0,0,0,0),(1330,83,0,0,0,'','',0,'',0,'',0,0,0,0,0),(1331,83,1,0,0,'','',0,'',0,'',0,0,0,0,0),(1332,83,2,0,0,'','',0,'',0,'',0,0,0,0,0),(1333,83,3,0,0,'','',0,'',0,'',0,0,0,0,0),(1334,83,4,0,0,'','',0,'',0,'',0,0,0,0,0),(1335,83,5,0,0,'','',0,'',0,'',0,0,0,0,0),(1336,83,6,0,0,'','',0,'',0,'',0,0,0,0,0),(1337,83,7,0,0,'','',0,'',0,'',0,0,0,0,0),(1338,83,8,0,0,'','',0,'',0,'',0,0,0,0,0),(1339,83,9,0,0,'','',0,'',0,'',0,0,0,0,0),(1340,83,10,0,0,'','',0,'',0,'',0,0,0,0,0),(1341,83,11,0,0,'','',0,'',0,'',0,0,0,0,0),(1342,83,12,0,0,'','',0,'',0,'',0,0,0,0,0),(1343,83,13,0,0,'','',0,'',0,'',0,0,0,0,0),(1344,83,14,0,0,'','',0,'',0,'',0,0,0,0,0),(1345,83,15,0,0,'','',0,'',0,'',0,0,0,0,0),(1346,84,0,0,0,'','',0,'',0,'',0,0,0,0,0),(1347,84,1,0,0,'','',0,'',0,'',0,0,0,0,0),(1348,84,2,0,0,'','',0,'',0,'',0,0,0,0,0),(1349,84,3,0,0,'','',0,'',0,'',0,0,0,0,0),(1350,84,4,0,0,'','',0,'',0,'',0,0,0,0,0),(1351,84,5,0,0,'','',0,'',0,'',0,0,0,0,0),(1352,84,6,0,0,'','',0,'',0,'',0,0,0,0,0),(1353,84,7,0,0,'','',0,'',0,'',0,0,0,0,0),(1354,84,8,0,0,'','',0,'',0,'',0,0,0,0,0),(1355,84,9,0,0,'','',0,'',0,'',0,0,0,0,0),(1356,84,10,0,0,'','',0,'',0,'',0,0,0,0,0),(1357,84,11,0,0,'','',0,'',0,'',0,0,0,0,0),(1358,84,12,0,0,'','',0,'',0,'',0,0,0,0,0),(1359,84,13,0,0,'','',0,'',0,'',0,0,0,0,0),(1360,84,14,0,0,'','',0,'',0,'',0,0,0,0,0),(1361,84,15,0,0,'','',0,'',0,'',0,0,0,0,0),(1362,85,0,0,0,'','',0,'',0,'',0,0,0,0,0),(1363,85,1,0,0,'','',0,'',0,'',0,0,0,0,0),(1364,85,2,0,0,'','',0,'',0,'',0,0,0,0,0),(1365,85,3,0,0,'','',0,'',0,'',0,0,0,0,0),(1366,85,4,0,0,'','',0,'',0,'',0,0,0,0,0),(1367,85,5,0,0,'','',0,'',0,'',0,0,0,0,0),(1368,85,6,0,0,'','',0,'',0,'',0,0,0,0,0),(1369,85,7,0,0,'','',0,'',0,'',0,0,0,0,0),(1370,85,8,0,0,'','',0,'',0,'',0,0,0,0,0),(1371,85,9,0,0,'','',0,'',0,'',0,0,0,0,0),(1372,85,10,0,0,'','',0,'',0,'',0,0,0,0,0),(1373,85,11,0,0,'','',0,'',0,'',0,0,0,0,0),(1374,85,12,0,0,'','',0,'',0,'',0,0,0,0,0),(1375,85,13,0,0,'','',0,'',0,'',0,0,0,0,0),(1376,85,14,0,0,'','',0,'',0,'',0,0,0,0,0),(1377,85,15,0,0,'','',0,'',0,'',0,0,0,0,0),(1378,86,0,0,0,'','',0,'',0,'',0,0,0,0,0),(1379,86,1,0,0,'','',0,'',0,'',0,0,0,0,0),(1380,86,2,0,0,'','',0,'',0,'',0,0,0,0,0),(1381,86,3,0,0,'','',0,'',0,'',0,0,0,0,0),(1382,86,4,0,0,'','',0,'',0,'',0,0,0,0,0),(1383,86,5,0,0,'','',0,'',0,'',0,0,0,0,0),(1384,86,6,0,0,'','',0,'',0,'',0,0,0,0,0),(1385,86,7,0,0,'','',0,'',0,'',0,0,0,0,0),(1386,86,8,0,0,'','',0,'',0,'',0,0,0,0,0),(1387,86,9,0,0,'','',0,'',0,'',0,0,0,0,0),(1388,86,10,0,0,'','',0,'',0,'',0,0,0,0,0),(1389,86,11,0,0,'','',0,'',0,'',0,0,0,0,0),(1390,86,12,0,0,'','',0,'',0,'',0,0,0,0,0),(1391,86,13,0,0,'','',0,'',0,'',0,0,0,0,0),(1392,86,14,0,0,'','',0,'',0,'',0,0,0,0,0),(1393,86,15,0,0,'','',0,'',0,'',0,0,0,0,0),(1394,87,0,0,0,'','',0,'',0,'',0,0,0,0,0),(1395,87,1,0,0,'','',0,'',0,'',0,0,0,0,0),(1396,87,2,0,0,'','',0,'',0,'',0,0,0,0,0),(1397,87,3,0,0,'','',0,'',0,'',0,0,0,0,0),(1398,87,4,0,0,'','',0,'',0,'',0,0,0,0,0),(1399,87,5,0,0,'','',0,'',0,'',0,0,0,0,0),(1400,87,6,0,0,'','',0,'',0,'',0,0,0,0,0),(1401,87,7,0,0,'','',0,'',0,'',0,0,0,0,0),(1402,87,8,0,0,'','',0,'',0,'',0,0,0,0,0),(1403,87,9,0,0,'','',0,'',0,'',0,0,0,0,0),(1404,87,10,0,0,'','',0,'',0,'',0,0,0,0,0),(1405,87,11,0,0,'','',0,'',0,'',0,0,0,0,0),(1406,87,12,0,0,'','',0,'',0,'',0,0,0,0,0),(1407,87,13,0,0,'','',0,'',0,'',0,0,0,0,0),(1408,87,14,0,0,'','',0,'',0,'',0,0,0,0,0),(1409,87,15,0,0,'','',0,'',0,'',0,0,0,0,0),(1410,88,0,0,0,'','',0,'',0,'',0,0,0,0,0),(1411,88,1,0,0,'','',0,'',0,'',0,0,0,0,0),(1412,88,2,0,0,'','',0,'',0,'',0,0,0,0,0),(1413,88,3,0,0,'','',0,'',0,'',0,0,0,0,0),(1414,88,4,0,0,'','',0,'',0,'',0,0,0,0,0),(1415,88,5,0,0,'','',0,'',0,'',0,0,0,0,0),(1416,88,6,0,0,'','',0,'',0,'',0,0,0,0,0),(1417,88,7,0,0,'','',0,'',0,'',0,0,0,0,0),(1418,88,8,0,0,'','',0,'',0,'',0,0,0,0,0),(1419,88,9,0,0,'','',0,'',0,'',0,0,0,0,0),(1420,88,10,0,0,'','',0,'',0,'',0,0,0,0,0),(1421,88,11,0,0,'','',0,'',0,'',0,0,0,0,0),(1422,88,12,0,0,'','',0,'',0,'',0,0,0,0,0),(1423,88,13,0,0,'','',0,'',0,'',0,0,0,0,0),(1424,88,14,0,0,'','',0,'',0,'',0,0,0,0,0),(1425,88,15,0,0,'','',0,'',0,'',0,0,0,0,0),(1426,89,0,0,0,'','',0,'',0,'',0,0,0,0,0),(1427,89,1,0,0,'','',0,'',0,'',0,0,0,0,0),(1428,89,2,0,0,'','',0,'',0,'',0,0,0,0,0),(1429,89,3,0,0,'','',0,'',0,'',0,0,0,0,0),(1430,89,4,0,0,'','',0,'',0,'',0,0,0,0,0),(1431,89,5,0,0,'','',0,'',0,'',0,0,0,0,0),(1432,89,6,0,0,'','',0,'',0,'',0,0,0,0,0),(1433,89,7,0,0,'','',0,'',0,'',0,0,0,0,0),(1434,89,8,0,0,'','',0,'',0,'',0,0,0,0,0),(1435,89,9,0,0,'','',0,'',0,'',0,0,0,0,0),(1436,89,10,0,0,'','',0,'',0,'',0,0,0,0,0),(1437,89,11,0,0,'','',0,'',0,'',0,0,0,0,0),(1438,89,12,0,0,'','',0,'',0,'',0,0,0,0,0),(1439,89,13,0,0,'','',0,'',0,'',0,0,0,0,0),(1440,89,14,0,0,'','',0,'',0,'',0,0,0,0,0),(1441,89,15,0,0,'','',0,'',0,'',0,0,0,0,0),(1442,90,0,0,0,'','',0,'',0,'',0,0,0,0,0),(1443,90,1,0,0,'','',0,'',0,'',0,0,0,0,0),(1444,90,2,0,0,'','',0,'',0,'',0,0,0,0,0),(1445,90,3,0,0,'','',0,'',0,'',0,0,0,0,0),(1446,90,4,0,0,'','',0,'',0,'',0,0,0,0,0),(1447,90,5,0,0,'','',0,'',0,'',0,0,0,0,0),(1448,90,6,0,0,'','',0,'',0,'',0,0,0,0,0),(1449,90,7,0,0,'','',0,'',0,'',0,0,0,0,0),(1450,90,8,0,0,'','',0,'',0,'',0,0,0,0,0),(1451,90,9,0,0,'','',0,'',0,'',0,0,0,0,0),(1452,90,10,0,0,'','',0,'',0,'',0,0,0,0,0),(1453,90,11,0,0,'','',0,'',0,'',0,0,0,0,0),(1454,90,12,0,0,'','',0,'',0,'',0,0,0,0,0),(1455,90,13,0,0,'','',0,'',0,'',0,0,0,0,0),(1456,90,14,0,0,'','',0,'',0,'',0,0,0,0,0),(1457,90,15,0,0,'','',0,'',0,'',0,0,0,0,0),(1458,91,0,0,0,'','',0,'',0,'',0,0,0,0,0),(1459,91,1,0,0,'','',0,'',0,'',0,0,0,0,0),(1460,91,2,0,0,'','',0,'',0,'',0,0,0,0,0),(1461,91,3,0,0,'','',0,'',0,'',0,0,0,0,0),(1462,91,4,0,0,'','',0,'',0,'',0,0,0,0,0),(1463,91,5,0,0,'','',0,'',0,'',0,0,0,0,0),(1464,91,6,0,0,'','',0,'',0,'',0,0,0,0,0),(1465,91,7,0,0,'','',0,'',0,'',0,0,0,0,0),(1466,91,8,0,0,'','',0,'',0,'',0,0,0,0,0),(1467,91,9,0,0,'','',0,'',0,'',0,0,0,0,0),(1468,91,10,0,0,'','',0,'',0,'',0,0,0,0,0),(1469,91,11,0,0,'','',0,'',0,'',0,0,0,0,0),(1470,91,12,0,0,'','',0,'',0,'',0,0,0,0,0),(1471,91,13,0,0,'','',0,'',0,'',0,0,0,0,0),(1472,91,14,0,0,'','',0,'',0,'',0,0,0,0,0),(1473,91,15,0,0,'','',0,'',0,'',0,0,0,0,0),(1474,92,0,0,0,'','',0,'',0,'',0,0,0,0,0),(1475,92,1,0,0,'','',0,'',0,'',0,0,0,0,0),(1476,92,2,0,0,'','',0,'',0,'',0,0,0,0,0),(1477,92,3,0,0,'','',0,'',0,'',0,0,0,0,0),(1478,92,4,0,0,'','',0,'',0,'',0,0,0,0,0),(1479,92,5,0,0,'','',0,'',0,'',0,0,0,0,0),(1480,92,6,0,0,'','',0,'',0,'',0,0,0,0,0),(1481,92,7,0,0,'','',0,'',0,'',0,0,0,0,0),(1482,92,8,0,0,'','',0,'',0,'',0,0,0,0,0),(1483,92,9,0,0,'','',0,'',0,'',0,0,0,0,0),(1484,92,10,0,0,'','',0,'',0,'',0,0,0,0,0),(1485,92,11,0,0,'','',0,'',0,'',0,0,0,0,0),(1486,92,12,0,0,'','',0,'',0,'',0,0,0,0,0),(1487,92,13,0,0,'','',0,'',0,'',0,0,0,0,0),(1488,92,14,0,0,'','',0,'',0,'',0,0,0,0,0),(1489,92,15,0,0,'','',0,'',0,'',0,0,0,0,0),(1490,93,0,0,0,'','',0,'',0,'',0,0,0,0,0),(1491,93,1,0,0,'','',0,'',0,'',0,0,0,0,0),(1492,93,2,0,0,'','',0,'',0,'',0,0,0,0,0),(1493,93,3,0,0,'','',0,'',0,'',0,0,0,0,0),(1494,93,4,0,0,'','',0,'',0,'',0,0,0,0,0),(1495,93,5,0,0,'','',0,'',0,'',0,0,0,0,0),(1496,93,6,0,0,'','',0,'',0,'',0,0,0,0,0),(1497,93,7,0,0,'','',0,'',0,'',0,0,0,0,0),(1498,93,8,0,0,'','',0,'',0,'',0,0,0,0,0),(1499,93,9,0,0,'','',0,'',0,'',0,0,0,0,0),(1500,93,10,0,0,'','',0,'',0,'',0,0,0,0,0),(1501,93,11,0,0,'','',0,'',0,'',0,0,0,0,0),(1502,93,12,0,0,'','',0,'',0,'',0,0,0,0,0),(1503,93,13,0,0,'','',0,'',0,'',0,0,0,0,0),(1504,93,14,0,0,'','',0,'',0,'',0,0,0,0,0),(1505,93,15,0,0,'','',0,'',0,'',0,0,0,0,0),(1506,94,0,0,0,'','',0,'',0,'',0,0,0,0,0),(1507,94,1,0,0,'','',0,'',0,'',0,0,0,0,0),(1508,94,2,0,0,'','',0,'',0,'',0,0,0,0,0),(1509,94,3,0,0,'','',0,'',0,'',0,0,0,0,0),(1510,94,4,0,0,'','',0,'',0,'',0,0,0,0,0),(1511,94,5,0,0,'','',0,'',0,'',0,0,0,0,0),(1512,94,6,0,0,'','',0,'',0,'',0,0,0,0,0),(1513,94,7,0,0,'','',0,'',0,'',0,0,0,0,0),(1514,94,8,0,0,'','',0,'',0,'',0,0,0,0,0),(1515,94,9,0,0,'','',0,'',0,'',0,0,0,0,0),(1516,94,10,0,0,'','',0,'',0,'',0,0,0,0,0),(1517,94,11,0,0,'','',0,'',0,'',0,0,0,0,0),(1518,94,12,0,0,'','',0,'',0,'',0,0,0,0,0),(1519,94,13,0,0,'','',0,'',0,'',0,0,0,0,0),(1520,94,14,0,0,'','',0,'',0,'',0,0,0,0,0),(1521,94,15,0,0,'','',0,'',0,'',0,0,0,0,0),(1522,95,0,2,0,'','',0,'~R~PEAJE~N~ ~G~LOS 7 MARES',90,'Arial',30,1,-1,-1,1),(1523,95,1,0,0,'','',0,'',0,'',0,0,0,0,0),(1524,95,2,0,0,'','',0,'',0,'',0,0,0,0,0),(1525,95,3,0,0,'','',0,'',0,'',0,0,0,0,0),(1526,95,4,0,0,'','',0,'',0,'',0,0,0,0,0),(1527,95,5,0,0,'','',0,'',0,'',0,0,0,0,0),(1528,95,6,0,0,'','',0,'',0,'',0,0,0,0,0),(1529,95,7,0,0,'','',0,'',0,'',0,0,0,0,0),(1530,95,8,0,0,'','',0,'',0,'',0,0,0,0,0),(1531,95,9,0,0,'','',0,'',0,'',0,0,0,0,0),(1532,95,10,0,0,'','',0,'',0,'',0,0,0,0,0),(1533,95,11,0,0,'','',0,'',0,'',0,0,0,0,0),(1534,95,12,0,0,'','',0,'',0,'',0,0,0,0,0),(1535,95,13,0,0,'','',0,'',0,'',0,0,0,0,0),(1536,95,14,0,0,'','',0,'',0,'',0,0,0,0,0),(1537,95,15,0,0,'','',0,'',0,'',0,0,0,0,0),(1538,96,0,2,0,'','',0,'2',90,'Arial',24,0,-1,-16777216,0),(1539,96,1,2,0,'','',0,'~R~PROPIEDAD~N~PRIVADA',90,'Arial',26,1,-1,-16777216,0),(1540,96,2,0,0,'','',0,'',0,'',0,0,0,0,0),(1541,96,3,0,0,'','',0,'',0,'',0,0,0,0,0),(1542,96,4,0,0,'','',0,'',0,'',0,0,0,0,0),(1543,96,5,0,0,'','',0,'',0,'',0,0,0,0,0),(1544,96,6,0,0,'','',0,'',0,'',0,0,0,0,0),(1545,96,7,0,0,'','',0,'',0,'',0,0,0,0,0),(1546,96,8,0,0,'','',0,'',0,'',0,0,0,0,0),(1547,96,9,0,0,'','',0,'',0,'',0,0,0,0,0),(1548,96,10,0,0,'','',0,'',0,'',0,0,0,0,0),(1549,96,11,0,0,'','',0,'',0,'',0,0,0,0,0),(1550,96,12,0,0,'','',0,'',0,'',0,0,0,0,0),(1551,96,13,0,0,'','',0,'',0,'',0,0,0,0,0),(1552,96,14,0,0,'','',0,'',0,'',0,0,0,0,0),(1553,96,15,0,0,'','',0,'',0,'',0,0,0,0,0),(1554,97,0,0,0,'','',0,'',0,'',0,0,0,0,0),(1555,97,1,0,0,'','',0,'',0,'',0,0,0,0,0),(1556,97,2,0,0,'','',0,'',0,'',0,0,0,0,0),(1557,97,3,0,0,'','',0,'',0,'',0,0,0,0,0),(1558,97,4,0,0,'','',0,'',0,'',0,0,0,0,0),(1559,97,5,0,0,'','',0,'',0,'',0,0,0,0,0),(1560,97,6,0,0,'','',0,'',0,'',0,0,0,0,0),(1561,97,7,0,0,'','',0,'',0,'',0,0,0,0,0),(1562,97,8,0,0,'','',0,'',0,'',0,0,0,0,0),(1563,97,9,0,0,'','',0,'',0,'',0,0,0,0,0),(1564,97,10,0,0,'','',0,'',0,'',0,0,0,0,0),(1565,97,11,0,0,'','',0,'',0,'',0,0,0,0,0),(1566,97,12,0,0,'','',0,'',0,'',0,0,0,0,0),(1567,97,13,0,0,'','',0,'',0,'',0,0,0,0,0),(1568,97,14,0,0,'','',0,'',0,'',0,0,0,0,0),(1569,97,15,0,0,'','',0,'',0,'',0,0,0,0,0),(1570,98,0,0,0,'','',0,'',0,'',0,0,0,0,0),(1571,98,1,0,0,'','',0,'',0,'',0,0,0,0,0),(1572,98,2,0,0,'','',0,'',0,'',0,0,0,0,0),(1573,98,3,0,0,'','',0,'',0,'',0,0,0,0,0),(1574,98,4,0,0,'','',0,'',0,'',0,0,0,0,0),(1575,98,5,0,0,'','',0,'',0,'',0,0,0,0,0),(1576,98,6,0,0,'','',0,'',0,'',0,0,0,0,0),(1577,98,7,0,0,'','',0,'',0,'',0,0,0,0,0),(1578,98,8,0,0,'','',0,'',0,'',0,0,0,0,0),(1579,98,9,0,0,'','',0,'',0,'',0,0,0,0,0),(1580,98,10,0,0,'','',0,'',0,'',0,0,0,0,0),(1581,98,11,0,0,'','',0,'',0,'',0,0,0,0,0),(1582,98,12,0,0,'','',0,'',0,'',0,0,0,0,0),(1583,98,13,0,0,'','',0,'',0,'',0,0,0,0,0),(1584,98,14,0,0,'','',0,'',0,'',0,0,0,0,0),(1585,98,15,0,0,'','',0,'',0,'',0,0,0,0,0),(1586,99,0,0,0,'','',0,'',0,'',0,0,0,0,0),(1587,99,1,0,0,'','',0,'',0,'',0,0,0,0,0),(1588,99,2,0,0,'','',0,'',0,'',0,0,0,0,0),(1589,99,3,0,0,'','',0,'',0,'',0,0,0,0,0),(1590,99,4,0,0,'','',0,'',0,'',0,0,0,0,0),(1591,99,5,0,0,'','',0,'',0,'',0,0,0,0,0),(1592,99,6,0,0,'','',0,'',0,'',0,0,0,0,0),(1593,99,7,0,0,'','',0,'',0,'',0,0,0,0,0),(1594,99,8,0,0,'','',0,'',0,'',0,0,0,0,0),(1595,99,9,0,0,'','',0,'',0,'',0,0,0,0,0),(1596,99,10,0,0,'','',0,'',0,'',0,0,0,0,0),(1597,99,11,0,0,'','',0,'',0,'',0,0,0,0,0),(1598,99,12,0,0,'','',0,'',0,'',0,0,0,0,0),(1599,99,13,0,0,'','',0,'',0,'',0,0,0,0,0),(1600,99,14,0,0,'','',0,'',0,'',0,0,0,0,0),(1601,99,15,0,0,'','',0,'',0,'',0,0,0,0,0),(1602,100,0,0,0,'','',0,'',0,'',0,0,0,0,0),(1603,100,1,0,0,'','',0,'',0,'',0,0,0,0,0),(1604,100,2,0,0,'','',0,'',0,'',0,0,0,0,0),(1605,100,3,0,0,'','',0,'',0,'',0,0,0,0,0),(1606,100,4,0,0,'','',0,'',0,'',0,0,0,0,0),(1607,100,5,0,0,'','',0,'',0,'',0,0,0,0,0),(1608,100,6,0,0,'','',0,'',0,'',0,0,0,0,0),(1609,100,7,0,0,'','',0,'',0,'',0,0,0,0,0),(1610,100,8,0,0,'','',0,'',0,'',0,0,0,0,0),(1611,100,9,0,0,'','',0,'',0,'',0,0,0,0,0),(1612,100,10,0,0,'','',0,'',0,'',0,0,0,0,0),(1613,100,11,0,0,'','',0,'',0,'',0,0,0,0,0),(1614,100,12,0,0,'','',0,'',0,'',0,0,0,0,0),(1615,100,13,0,0,'','',0,'',0,'',0,0,0,0,0),(1616,100,14,0,0,'','',0,'',0,'',0,0,0,0,0),(1617,100,15,0,0,'','',0,'',0,'',0,0,0,0,0),(1618,101,0,0,0,'','',0,'',0,'',0,0,0,0,0),(1619,101,1,0,0,'','',0,'',0,'',0,0,0,0,0),(1620,101,2,0,0,'','',0,'',0,'',0,0,0,0,0),(1621,101,3,0,0,'','',0,'',0,'',0,0,0,0,0),(1622,101,4,0,0,'','',0,'',0,'',0,0,0,0,0),(1623,101,5,0,0,'','',0,'',0,'',0,0,0,0,0),(1624,101,6,0,0,'','',0,'',0,'',0,0,0,0,0),(1625,101,7,0,0,'','',0,'',0,'',0,0,0,0,0),(1626,101,8,0,0,'','',0,'',0,'',0,0,0,0,0),(1627,101,9,0,0,'','',0,'',0,'',0,0,0,0,0),(1628,101,10,0,0,'','',0,'',0,'',0,0,0,0,0),(1629,101,11,0,0,'','',0,'',0,'',0,0,0,0,0),(1630,101,12,0,0,'','',0,'',0,'',0,0,0,0,0),(1631,101,13,0,0,'','',0,'',0,'',0,0,0,0,0),(1632,101,14,0,0,'','',0,'',0,'',0,0,0,0,0),(1633,101,15,0,0,'','',0,'',0,'',0,0,0,0,0),(1634,102,0,0,0,'','',0,'',0,'',0,0,0,0,0),(1635,102,1,0,0,'','',0,'',0,'',0,0,0,0,0),(1636,102,2,0,0,'','',0,'',0,'',0,0,0,0,0),(1637,102,3,0,0,'','',0,'',0,'',0,0,0,0,0),(1638,102,4,0,0,'','',0,'',0,'',0,0,0,0,0),(1639,102,5,0,0,'','',0,'',0,'',0,0,0,0,0),(1640,102,6,0,0,'','',0,'',0,'',0,0,0,0,0),(1641,102,7,0,0,'','',0,'',0,'',0,0,0,0,0),(1642,102,8,0,0,'','',0,'',0,'',0,0,0,0,0),(1643,102,9,0,0,'','',0,'',0,'',0,0,0,0,0),(1644,102,10,0,0,'','',0,'',0,'',0,0,0,0,0),(1645,102,11,0,0,'','',0,'',0,'',0,0,0,0,0),(1646,102,12,0,0,'','',0,'',0,'',0,0,0,0,0),(1647,102,13,0,0,'','',0,'',0,'',0,0,0,0,0),(1648,102,14,0,0,'','',0,'',0,'',0,0,0,0,0),(1649,102,15,0,0,'','',0,'',0,'',0,0,0,0,0),(1650,103,0,0,0,'','',0,'',0,'',0,0,0,0,0),(1651,103,1,0,0,'','',0,'',0,'',0,0,0,0,0),(1652,103,2,0,0,'','',0,'',0,'',0,0,0,0,0),(1653,103,3,0,0,'','',0,'',0,'',0,0,0,0,0),(1654,103,4,0,0,'','',0,'',0,'',0,0,0,0,0),(1655,103,5,0,0,'','',0,'',0,'',0,0,0,0,0),(1656,103,6,0,0,'','',0,'',0,'',0,0,0,0,0),(1657,103,7,0,0,'','',0,'',0,'',0,0,0,0,0),(1658,103,8,0,0,'','',0,'',0,'',0,0,0,0,0),(1659,103,9,0,0,'','',0,'',0,'',0,0,0,0,0),(1660,103,10,0,0,'','',0,'',0,'',0,0,0,0,0),(1661,103,11,0,0,'','',0,'',0,'',0,0,0,0,0),(1662,103,12,0,0,'','',0,'',0,'',0,0,0,0,0),(1663,103,13,0,0,'','',0,'',0,'',0,0,0,0,0),(1664,103,14,0,0,'','',0,'',0,'',0,0,0,0,0),(1665,103,15,0,0,'','',0,'',0,'',0,0,0,0,0);
/*!40000 ALTER TABLE `mapeos_material` ENABLE KEYS */;
UNLOCK TABLES;

--
-- Table structure for table `mapeos_parqueo`
--

DROP TABLE IF EXISTS `mapeos_parqueo`;
/*!40101 SET @saved_cs_client     = @@character_set_client */;
/*!50503 SET character_set_client = utf8mb4 */;
CREATE TABLE `mapeos_parqueo` (
  `ID` int NOT NULL,
  `mapeo_id` int NOT NULL,
  `PosXFalse` float NOT NULL,
  `PosYFalse` float NOT NULL,
  `PosZFalse` float NOT NULL,
  `PosRotXFalse` float NOT NULL,
  `PosRotYFalse` float NOT NULL,
  `PosRotZFalse` float NOT NULL,
  `Velocidad` float NOT NULL,
  PRIMARY KEY (`ID`)
) ENGINE=InnoDB DEFAULT CHARSET=utf8mb4 COLLATE=utf8mb4_unicode_ci;
/*!40101 SET character_set_client = @saved_cs_client */;

--
-- Dumping data for table `mapeos_parqueo`
--

LOCK TABLES `mapeos_parqueo` WRITE;
/*!40000 ALTER TABLE `mapeos_parqueo` DISABLE KEYS */;
/*!40000 ALTER TABLE `mapeos_parqueo` ENABLE KEYS */;
UNLOCK TABLES;

--
-- Table structure for table `mapeos_peaje`
--

DROP TABLE IF EXISTS `mapeos_peaje`;
/*!40101 SET @saved_cs_client     = @@character_set_client */;
/*!50503 SET character_set_client = utf8mb4 */;
CREATE TABLE `mapeos_peaje` (
  `ID` int NOT NULL,
  `mapeo_id` int NOT NULL DEFAULT '0',
  `PosXFalse` float NOT NULL DEFAULT '0',
  `PosYFalse` float NOT NULL DEFAULT '0',
  `PosZFalse` float NOT NULL DEFAULT '0',
  `PosRotXFalse` float NOT NULL DEFAULT '0',
  `PosRotYFalse` float NOT NULL DEFAULT '0',
  `PosRotZFalse` float NOT NULL DEFAULT '0',
  `PosCommandX` float NOT NULL DEFAULT '0',
  `PosCommandY` float NOT NULL DEFAULT '0',
  `PosCommandZ` float NOT NULL DEFAULT '0',
  `Velocidad` float NOT NULL DEFAULT '0',
  PRIMARY KEY (`ID`)
) ENGINE=InnoDB DEFAULT CHARSET=utf8mb4 COLLATE=utf8mb4_unicode_ci;
/*!40101 SET character_set_client = @saved_cs_client */;

--
-- Dumping data for table `mapeos_peaje`
--

LOCK TABLES `mapeos_peaje` WRITE;
/*!40000 ALTER TABLE `mapeos_peaje` DISABLE KEYS */;
INSERT INTO `mapeos_peaje` VALUES (0,0,0,0,0,0,0,0,0,0,0,0),(1,30,-2671.05,1280.62,55.1897,2.3,2.30001,0,0,0,0,0.2);
/*!40000 ALTER TABLE `mapeos_peaje` ENABLE KEYS */;
UNLOCK TABLES;

--
-- Table structure for table `mapeos_puerta`
--

DROP TABLE IF EXISTS `mapeos_puerta`;
/*!40101 SET @saved_cs_client     = @@character_set_client */;
/*!50503 SET character_set_client = utf8mb4 */;
CREATE TABLE `mapeos_puerta` (
  `ID` int NOT NULL,
  `mapeo_id` int NOT NULL DEFAULT '-1',
  `PosX` float NOT NULL,
  `PosY` float NOT NULL,
  `PosZ` float NOT NULL,
  `PosRX` float NOT NULL,
  `PosRY` float NOT NULL,
  `PosRZ` float NOT NULL,
  `Velocidad` float NOT NULL,
  `Abierta` int NOT NULL,
  `LlaveTipo` int NOT NULL,
  `LlaveOwnerID` int NOT NULL,
  PRIMARY KEY (`ID`)
) ENGINE=InnoDB DEFAULT CHARSET=utf8mb4 COLLATE=utf8mb4_unicode_ci;
/*!40101 SET character_set_client = @saved_cs_client */;

--
-- Dumping data for table `mapeos_puerta`
--

LOCK TABLES `mapeos_puerta` WRITE;
/*!40000 ALTER TABLE `mapeos_puerta` DISABLE KEYS */;
INSERT INTO `mapeos_puerta` VALUES (0,1,-2037.79,-102.874,34.9641,0,0,0,0.2,0,0,2),(1,-1,0,-763.145,63.5884,-94.2,0,309.5,0,0,0,0),(6,6,-2599.38,688.277,27.592,0,1.4,273,0.05,0,0,9),(7,7,-481,-562.621,27.2993,0,0,0,2,0,0,12),(8,8,-2081.6,1368.04,6.87676,0,0.481346,0,0.1,0,0,11),(14,14,-2050.57,-80.5833,34.8922,0,1.58141,0,0.05,0,0,2),(17,17,239.623,114.599,1002.22,0,0,-180,2,0,0,0),(18,18,253.173,112.145,1002.22,0,0,0.100005,2,0,0,7),(19,19,-1571.66,671.735,8.96089,0,0,90,4,0,0,7),(20,20,-1699,691.416,27.0305,0,0,90,2,0,0,7),(21,21,-2867,477.415,6.61044,0,0,90,3,1,0,13),(22,22,-1631,688.459,3.69,0,0,269.621,2,0,0,7),(24,24,-1980.68,291.67,34.8631,0,0.099996,270,0.05,0,0,8),(27,27,-2184,693.318,70.88,0,180,270,2,0,0,5),(35,35,-2614.29,589.084,14.2268,0,0.100005,89.5,0.05,0,0,9),(36,36,-2614.09,620.956,14.2262,0,0.499996,89.4946,0.05,0,0,9),(37,37,-2603.36,579.042,14.226,0,0.899984,179.975,0.05,0,0,9),(38,38,-2602.3,695.708,27.5568,0,-0.299984,179.133,0.05,0,0,9),(39,39,-2479.85,-132.65,25.4084,0,-0.300006,90,0.05,0,0,19),(45,45,-2172.31,661.256,49.2326,0,1.29999,180,0.1,0,0,5);
/*!40000 ALTER TABLE `mapeos_puerta` ENABLE KEYS */;
UNLOCK TABLES;

--
-- Table structure for table `negocios`
--

DROP TABLE IF EXISTS `negocios`;
/*!40101 SET @saved_cs_client     = @@character_set_client */;
/*!50503 SET character_set_client = utf8mb4 */;
CREATE TABLE `negocios` (
  `ID` int NOT NULL,
  `PosOutX` float NOT NULL DEFAULT '0',
  `PosOutY` float NOT NULL DEFAULT '0',
  `PosOutZ` float NOT NULL DEFAULT '0',
  `PosOutZZ` float NOT NULL DEFAULT '0',
  `Type` int NOT NULL DEFAULT '0',
  `Deposito` int NOT NULL DEFAULT '0',
  `Precio` int NOT NULL DEFAULT '0',
  `Seguro` int NOT NULL DEFAULT '0',
  `NModel` int NOT NULL DEFAULT '0',
  `PriceJoin` int NOT NULL DEFAULT '0',
  `PricePiece` int NOT NULL DEFAULT '0',
  `NameBizz` text CHARACTER SET latin1 COLLATE latin1_swedish_ci NOT NULL,
  `Dueno` text CHARACTER SET latin1 COLLATE latin1_swedish_ci NOT NULL,
  `Extorsion` text CHARACTER SET latin1 COLLATE latin1_swedish_ci NOT NULL,
  `Materiales` int NOT NULL DEFAULT '0',
  `DepositoExtorsion` int NOT NULL DEFAULT '0',
  `Empty0` int NOT NULL DEFAULT '0',
  `Station` int NOT NULL DEFAULT '0',
  `PosInX_PC` float NOT NULL DEFAULT '0',
  `PosInY_PC` float NOT NULL DEFAULT '0',
  `PosInZ_PC` float NOT NULL DEFAULT '0',
  PRIMARY KEY (`ID`),
  KEY `INDEX` (`Dueno`(24),`Extorsion`(24))
) ENGINE=InnoDB DEFAULT CHARSET=utf8mb4 COLLATE=utf8mb4_unicode_ci;
/*!40101 SET character_set_client = @saved_cs_client */;

--
-- Dumping data for table `negocios`
--

LOCK TABLES `negocios` WRITE;
/*!40000 ALTER TABLE `negocios` DISABLE KEYS */;
/*!40000 ALTER TABLE `negocios` ENABLE KEYS */;
UNLOCK TABLES;

--
-- Table structure for table `negocios_type`
--

DROP TABLE IF EXISTS `negocios_type`;
/*!40101 SET @saved_cs_client     = @@character_set_client */;
/*!50503 SET character_set_client = utf8mb4 */;
CREATE TABLE `negocios_type` (
  `ID` int NOT NULL AUTO_INCREMENT,
  `TypeOfBizz` int NOT NULL DEFAULT '0',
  `Model_ID` int NOT NULL DEFAULT '0',
  `PosInX` float NOT NULL DEFAULT '0',
  `PosInY` float NOT NULL DEFAULT '0',
  `PosInZ` float NOT NULL DEFAULT '0',
  `PosInZZ` float NOT NULL DEFAULT '0',
  `PosInX_PC` float NOT NULL DEFAULT '0',
  `PosInY_PC` float NOT NULL DEFAULT '0',
  `PosInZ_PC` float NOT NULL DEFAULT '0',
  `InteriorId` int NOT NULL DEFAULT '0',
  `TypeName` text CHARACTER SET latin1 COLLATE latin1_swedish_ci NOT NULL,
  PRIMARY KEY (`ID`)
) ENGINE=InnoDB AUTO_INCREMENT=17 DEFAULT CHARSET=utf8mb4 COLLATE=utf8mb4_unicode_ci;
/*!40101 SET character_set_client = @saved_cs_client */;

--
-- Dumping data for table `negocios_type`
--

LOCK TABLES `negocios_type` WRITE;
/*!40000 ALTER TABLE `negocios_type` DISABLE KEYS */;
INSERT INTO `negocios_type` VALUES (1,0,0,-30.965,-91.3013,1003.55,0,-28.4566,-89.9593,1003.55,18,'24/7 1 Puerta'),(2,0,1,-25.8934,-141.553,1003.55,0,-22.6262,-138.62,1003.55,16,'24/7 2 Puertas'),(3,1,0,-2240.78,137.294,1035.41,269.982,-2237.09,130.238,1035.41,6,'RC Zero (Temporal)'),(4,2,0,365,-11.03,1001.8,0,369.446,-6.25038,1001.85,9,'Cluckin\' Bell'),(5,2,1,0,0,0,0,0,0,0,0,''),(6,3,0,362.916,-75.2124,1001.51,315.968,377.336,-67.4352,1001.51,10,'Burger Shot'),(7,4,0,372.329,-133.524,1001.49,359.047,374.627,-118.803,1001.5,5,'Pizzeria'),(8,5,0,377.097,-193.304,1000.63,0,380.852,-190.534,1000.63,17,'Donuteria'),(9,3,1,0,0,0,0,0,0,0,0,''),(10,7,0,502.003,-67.5628,998.758,179.944,497.854,-76.0373,998.758,11,'Bar'),(11,9,0,411.944,-54.4089,1001.9,359.27,414.239,-51.3542,1001.9,12,'Barberia'),(12,10,0,207.134,-139.359,1003.51,1.22812,199.094,-131.232,1003.52,3,'Prolaps'),(13,6,0,460.553,-88.7501,999.555,90.4398,450.313,-83.6524,999.555,4,'Restaurante'),(14,8,0,493.498,-24.9616,1000.67,0.574031,499.874,-20.44,1000.68,17,'Club'),(15,11,0,315.846,-143.661,999.602,359.259,314.253,-133.357,999.602,7,'Armeria dos pisos'),(16,12,0,1133.1,-15.801,1000.68,358.005,0,0,0,12,'Casino Floor');
/*!40000 ALTER TABLE `negocios_type` ENABLE KEYS */;
UNLOCK TABLES;

--
-- Table structure for table `pickup_faccion`
--

DROP TABLE IF EXISTS `pickup_faccion`;
/*!40101 SET @saved_cs_client     = @@character_set_client */;
/*!50503 SET character_set_client = utf8mb4 */;
CREATE TABLE `pickup_faccion` (
  `id_pickup` int NOT NULL,
  `faccionid` int NOT NULL DEFAULT '0',
  `PickupIn_Y` float NOT NULL DEFAULT '0',
  `PickupIn_X` float NOT NULL DEFAULT '0',
  `PickupIn_Z` float NOT NULL DEFAULT '0',
  `PickupIn_ZZ` float NOT NULL DEFAULT '0',
  `PickupOut_X` float NOT NULL DEFAULT '0',
  `PickupOut_Y` float NOT NULL DEFAULT '0',
  `PickupOut_Z` float NOT NULL DEFAULT '0',
  `PickupOut_ZZ` float NOT NULL DEFAULT '0',
  `LockP` tinyint(1) NOT NULL DEFAULT '0',
  `World` int NOT NULL DEFAULT '4',
  `InteriorFaccion` int NOT NULL DEFAULT '3',
  PRIMARY KEY (`id_pickup`),
  KEY `faccionid` (`faccionid`),
  CONSTRAINT `pickup_faccion_ibfk_1` FOREIGN KEY (`faccionid`) REFERENCES `facciones` (`faccionid`)
) ENGINE=InnoDB DEFAULT CHARSET=utf8mb4 COLLATE=utf8mb4_unicode_ci;
/*!40101 SET character_set_client = @saved_cs_client */;

--
-- Dumping data for table `pickup_faccion`
--

LOCK TABLES `pickup_faccion` WRITE;
/*!40000 ALTER TABLE `pickup_faccion` DISABLE KEYS */;
INSERT INTO `pickup_faccion` VALUES (0,0,0,0,0,0,0,0,0,0,0,4,3),(1,1,173.804,390.675,1008.38,91.3626,-2766.55,375.598,6.3347,270,0,4,3),(2,2,-103.744,-2027.04,1035.17,183.305,-2026.6,-101.79,35.1641,7.1465,0,4,3),(3,3,-1281.75,2532.23,1048.29,271.489,1073.16,-345.352,73.9922,360,0,4,2),(4,4,-785.296,1261.61,1091.91,272.487,1124.09,-2037.17,69.8851,263.705,0,4,5),(5,5,-1026.71,2317.85,1050.22,0.734,-2281.7,2288.21,4.9706,265.535,0,4,9),(6,6,-1150.62,2215.14,1025.8,268.836,1743.03,-1864.19,13.574,1.1633,0,4,15),(7,7,108.05,246.298,1003.22,358.321,-1605.43,711.551,13.8672,0.3981,0,4,10),(8,8,1309.51,1494.39,1093.28,175.457,535.228,-1293.89,17.2422,4.3904,0,4,3),(9,9,731.558,1673.91,10.8768,180,-2655.14,640.134,14.4545,181.82,0,4,11),(10,10,1602.87,2150.85,1001.97,272.012,647.873,-1359.27,13.5826,91.579,0,4,1),(11,11,1352.46,2602.47,78.4764,171.944,-2076.12,1421.03,7.1295,178.461,0,4,9),(12,12,2177.19,948.583,1011.02,173.638,-516.165,-506.032,25.5234,1.8267,0,4,1),(13,13,-11.8298,627.005,1000.92,80.4997,-2880.86,493.215,4.9066,179.544,0,4,1),(14,14,62.447,246.821,1003.64,0.6504,1555.35,-1675.68,16.1953,88.9913,0,4,6),(15,15,645.403,-2171.31,1057.59,268.358,725.622,-1440.45,13.5318,359.936,0,4,1),(16,16,-1174.76,2807.54,1025.57,0,1566.83,23.2475,24.1641,90,0,4,8),(17,17,-2023.03,1762.96,20.6677,84.5109,1764.58,-2021.44,14.1501,276.437,0,4,15),(18,18,-1180.94,2352.93,1027.98,90,2650.7,-2021.84,14.1766,90,0,4,5),(19,19,804.616,2674.38,10.9638,0,-2454.59,-135.936,26.1916,90,0,4,6),(20,20,2495.86,30.5535,16.4947,0,-2099.6,897.357,76.7109,0,0,4,5),(21,21,-2454.01,1781.79,13.5547,0,2045.55,-1116.43,26.3617,0,0,4,13),(22,22,1906.35,388.379,17.7156,90,1172.09,-1323.35,15.4062,270,0,4,18);
/*!40000 ALTER TABLE `pickup_faccion` ENABLE KEYS */;
UNLOCK TABLES;

--
-- Table structure for table `pistas`
--

DROP TABLE IF EXISTS `pistas`;
/*!40101 SET @saved_cs_client     = @@character_set_client */;
/*!50503 SET character_set_client = utf8mb4 */;
CREATE TABLE `pistas` (
  `ID` int NOT NULL,
  `Valid` int NOT NULL,
  `IsLock` int NOT NULL,
  `NamePista` varchar(35) CHARACTER SET utf8mb4 COLLATE utf8mb4_unicode_ci NOT NULL,
  `Interior` int NOT NULL,
  `World` int NOT NULL,
  `IsCameras` int NOT NULL,
  PRIMARY KEY (`ID`) USING BTREE
) ENGINE=InnoDB DEFAULT CHARSET=utf8mb4 COLLATE=utf8mb4_unicode_ci;
/*!40101 SET character_set_client = @saved_cs_client */;

--
-- Dumping data for table `pistas`
--

LOCK TABLES `pistas` WRITE;
/*!40000 ALTER TABLE `pistas` DISABLE KEYS */;
INSERT INTO `pistas` VALUES (0,1,1,'Carrera SF',0,0,0);
/*!40000 ALTER TABLE `pistas` ENABLE KEYS */;
UNLOCK TABLES;

--
-- Table structure for table `pistas_cameras`
--

DROP TABLE IF EXISTS `pistas_cameras`;
/*!40101 SET @saved_cs_client     = @@character_set_client */;
/*!50503 SET character_set_client = utf8mb4 */;
CREATE TABLE `pistas_cameras` (
  `ID` int NOT NULL AUTO_INCREMENT,
  `pista_id` int NOT NULL,
  `camera_id` int NOT NULL,
  `Valid` int NOT NULL,
  `Xpos` float NOT NULL,
  `Ypos` float NOT NULL,
  `Zpos` float NOT NULL,
  `Vel` float NOT NULL,
  PRIMARY KEY (`ID`),
  KEY `INDEX` (`pista_id`,`camera_id`) USING BTREE,
  CONSTRAINT `pistas_cameras_ibfk_1` FOREIGN KEY (`pista_id`) REFERENCES `pistas` (`ID`)
) ENGINE=InnoDB AUTO_INCREMENT=21 DEFAULT CHARSET=utf8mb4 COLLATE=utf8mb4_unicode_ci;
/*!40101 SET character_set_client = @saved_cs_client */;

--
-- Dumping data for table `pistas_cameras`
--

LOCK TABLES `pistas_cameras` WRITE;
/*!40000 ALTER TABLE `pistas_cameras` DISABLE KEYS */;
INSERT INTO `pistas_cameras` VALUES (1,0,0,1,-2840.4,450.201,4.19661,0.01),(2,0,1,1,-2852.99,444.758,4.08058,0.01),(3,0,2,0,0,0,0,0),(4,0,3,0,0,0,0,0),(5,0,4,0,0,0,0,0),(6,0,5,0,0,0,0,0),(7,0,6,0,0,0,0,0),(8,0,7,0,0,0,0,0),(9,0,8,0,0,0,0,0),(10,0,9,0,0,0,0,0),(11,0,10,0,0,0,0,0),(12,0,11,0,0,0,0,0),(13,0,12,0,0,0,0,0),(14,0,13,0,0,0,0,0),(15,0,14,0,0,0,0,0),(16,0,15,0,0,0,0,0),(17,0,16,0,0,0,0,0),(18,0,17,0,0,0,0,0),(19,0,18,0,0,0,0,0),(20,0,19,0,0,0,0,0);
/*!40000 ALTER TABLE `pistas_cameras` ENABLE KEYS */;
UNLOCK TABLES;

--
-- Table structure for table `pistas_checkpoints`
--

DROP TABLE IF EXISTS `pistas_checkpoints`;
/*!40101 SET @saved_cs_client     = @@character_set_client */;
/*!50503 SET character_set_client = utf8mb4 */;
CREATE TABLE `pistas_checkpoints` (
  `ID` int NOT NULL AUTO_INCREMENT,
  `pista_id` int NOT NULL,
  `checkpoint_id` int NOT NULL,
  `Valid` int NOT NULL,
  `Xpos` float NOT NULL,
  `Ypos` float NOT NULL,
  `Zpos` float NOT NULL,
  PRIMARY KEY (`ID`),
  KEY `INDEX` (`pista_id`,`checkpoint_id`) USING BTREE,
  CONSTRAINT `pistas_checkpoints_ibfk_1` FOREIGN KEY (`pista_id`) REFERENCES `pistas` (`ID`)
) ENGINE=InnoDB AUTO_INCREMENT=81 DEFAULT CHARSET=utf8mb4 COLLATE=utf8mb4_unicode_ci;
/*!40101 SET character_set_client = @saved_cs_client */;

--
-- Dumping data for table `pistas_checkpoints`
--

LOCK TABLES `pistas_checkpoints` WRITE;
/*!40000 ALTER TABLE `pistas_checkpoints` DISABLE KEYS */;
INSERT INTO `pistas_checkpoints` VALUES (1,0,0,1,-2853.16,464.268,3.85456),(2,0,1,1,-2869.65,767.216,32.4605),(3,0,2,1,-2876.3,1194.9,6.45538),(4,0,3,1,-2164.42,1334.1,6.76614),(5,0,4,1,-2108.07,1270.4,17.288),(6,0,5,1,-2263.3,1185.92,55.3055),(7,0,6,1,-2260.59,863.37,66.1366),(8,0,7,1,-2286.28,565.936,34.7427),(9,0,8,1,-2525.38,558.059,14.1952),(10,0,9,1,-2652.83,468.594,11.5722),(11,0,10,0,0,0,0),(12,0,11,0,0,0,0),(13,0,12,0,0,0,0),(14,0,13,0,0,0,0),(15,0,14,0,0,0,0),(16,0,15,0,0,0,0),(17,0,16,0,0,0,0),(18,0,17,0,0,0,0),(19,0,18,0,0,0,0),(20,0,19,0,0,0,0),(21,0,20,0,0,0,0),(22,0,21,0,0,0,0),(23,0,22,0,0,0,0),(24,0,23,0,0,0,0),(25,0,24,0,0,0,0),(26,0,25,0,0,0,0),(27,0,26,0,0,0,0),(28,0,27,0,0,0,0),(29,0,28,0,0,0,0),(30,0,29,0,0,0,0),(31,0,30,0,0,0,0),(32,0,31,0,0,0,0),(33,0,32,0,0,0,0),(34,0,33,0,0,0,0),(35,0,34,0,0,0,0),(36,0,35,0,0,0,0),(37,0,36,0,0,0,0),(38,0,37,0,0,0,0),(39,0,38,0,0,0,0),(40,0,39,0,0,0,0),(41,0,40,0,0,0,0),(42,0,41,0,0,0,0),(43,0,42,0,0,0,0),(44,0,43,0,0,0,0),(45,0,44,0,0,0,0),(46,0,45,0,0,0,0),(47,0,46,0,0,0,0),(48,0,47,0,0,0,0),(49,0,48,0,0,0,0),(50,0,49,0,0,0,0),(51,0,50,0,0,0,0),(52,0,51,0,0,0,0),(53,0,52,0,0,0,0),(54,0,53,0,0,0,0),(55,0,54,0,0,0,0),(56,0,55,0,0,0,0),(57,0,56,0,0,0,0),(58,0,57,0,0,0,0),(59,0,58,0,0,0,0),(60,0,59,0,0,0,0),(61,0,60,0,0,0,0),(62,0,61,0,0,0,0),(63,0,62,0,0,0,0),(64,0,63,0,0,0,0),(65,0,64,0,0,0,0),(66,0,65,0,0,0,0),(67,0,66,0,0,0,0),(68,0,67,0,0,0,0),(69,0,68,0,0,0,0),(70,0,69,0,0,0,0),(71,0,70,0,0,0,0),(72,0,71,0,0,0,0),(73,0,72,0,0,0,0),(74,0,73,0,0,0,0),(75,0,74,0,0,0,0),(76,0,75,0,0,0,0),(77,0,76,0,0,0,0),(78,0,77,0,0,0,0),(79,0,78,0,0,0,0),(80,0,79,0,0,0,0);
/*!40000 ALTER TABLE `pistas_checkpoints` ENABLE KEYS */;
UNLOCK TABLES;

--
-- Table structure for table `pistas_playerpos`
--

DROP TABLE IF EXISTS `pistas_playerpos`;
/*!40101 SET @saved_cs_client     = @@character_set_client */;
/*!50503 SET character_set_client = utf8mb4 */;
CREATE TABLE `pistas_playerpos` (
  `ID` int NOT NULL AUTO_INCREMENT,
  `pista_id` int NOT NULL,
  `spawn_id` int NOT NULL,
  `Valid` int NOT NULL,
  `Xpos` float NOT NULL,
  `Ypos` float NOT NULL,
  `Zpos` float NOT NULL,
  `ZZpos` float NOT NULL,
  PRIMARY KEY (`ID`),
  KEY `INDEX` (`pista_id`,`spawn_id`) USING BTREE,
  CONSTRAINT `pistas_playerpos_ibfk_1` FOREIGN KEY (`pista_id`) REFERENCES `pistas` (`ID`)
) ENGINE=InnoDB AUTO_INCREMENT=41 DEFAULT CHARSET=utf8mb4 COLLATE=utf8mb4_unicode_ci;
/*!40101 SET character_set_client = @saved_cs_client */;

--
-- Dumping data for table `pistas_playerpos`
--

LOCK TABLES `pistas_playerpos` WRITE;
/*!40000 ALTER TABLE `pistas_playerpos` DISABLE KEYS */;
INSERT INTO `pistas_playerpos` VALUES (1,0,0,1,-2851.48,451.705,4.07864,0.423362),(2,0,1,1,-2856.37,451.062,4.35936,356.852),(3,0,2,0,0,0,0,0),(4,0,3,0,0,0,0,0),(5,0,4,0,0,0,0,0),(6,0,5,0,0,0,0,0),(7,0,6,0,0,0,0,0),(8,0,7,0,0,0,0,0),(9,0,8,0,0,0,0,0),(10,0,9,0,0,0,0,0),(11,0,10,0,0,0,0,0),(12,0,11,0,0,0,0,0),(13,0,12,0,0,0,0,0),(14,0,13,0,0,0,0,0),(15,0,14,0,0,0,0,0),(16,0,15,0,0,0,0,0),(17,0,16,0,0,0,0,0),(18,0,17,0,0,0,0,0),(19,0,18,0,0,0,0,0),(20,0,19,0,0,0,0,0),(21,0,20,0,0,0,0,0),(22,0,21,0,0,0,0,0),(23,0,22,0,0,0,0,0),(24,0,23,0,0,0,0,0),(25,0,24,0,0,0,0,0),(26,0,25,0,0,0,0,0),(27,0,26,0,0,0,0,0),(28,0,27,0,0,0,0,0),(29,0,28,0,0,0,0,0),(30,0,29,0,0,0,0,0),(31,0,30,0,0,0,0,0),(32,0,31,0,0,0,0,0),(33,0,32,0,0,0,0,0),(34,0,33,0,0,0,0,0),(35,0,34,0,0,0,0,0),(36,0,35,0,0,0,0,0),(37,0,36,0,0,0,0,0),(38,0,37,0,0,0,0,0),(39,0,38,0,0,0,0,0),(40,0,39,0,0,0,0,0);
/*!40000 ALTER TABLE `pistas_playerpos` ENABLE KEYS */;
UNLOCK TABLES;

--
-- Table structure for table `pistas_playerposexit`
--

DROP TABLE IF EXISTS `pistas_playerposexit`;
/*!40101 SET @saved_cs_client     = @@character_set_client */;
/*!50503 SET character_set_client = utf8mb4 */;
CREATE TABLE `pistas_playerposexit` (
  `ID` int NOT NULL AUTO_INCREMENT,
  `pista_id` int NOT NULL,
  `spawn_id` int NOT NULL,
  `Valid` int NOT NULL,
  `Xpos` float NOT NULL,
  `Ypos` float NOT NULL,
  `Zpos` float NOT NULL,
  `ZZpos` float NOT NULL,
  PRIMARY KEY (`ID`),
  KEY `INDEX` (`pista_id`,`spawn_id`) USING BTREE,
  CONSTRAINT `pistas_playerposexit_ibfk_1` FOREIGN KEY (`pista_id`) REFERENCES `pistas` (`ID`)
) ENGINE=InnoDB AUTO_INCREMENT=41 DEFAULT CHARSET=utf8mb4 COLLATE=utf8mb4_unicode_ci;
/*!40101 SET character_set_client = @saved_cs_client */;

--
-- Dumping data for table `pistas_playerposexit`
--

LOCK TABLES `pistas_playerposexit` WRITE;
/*!40000 ALTER TABLE `pistas_playerposexit` DISABLE KEYS */;
INSERT INTO `pistas_playerposexit` VALUES (1,0,0,1,-2839.08,460.869,4.01423,277.866),(2,0,1,1,-2839.08,460.869,4.01423,277.866),(3,0,2,0,0,0,0,0),(4,0,3,0,0,0,0,0),(5,0,4,0,0,0,0,0),(6,0,5,0,0,0,0,0),(7,0,6,0,0,0,0,0),(8,0,7,0,0,0,0,0),(9,0,8,0,0,0,0,0),(10,0,9,0,0,0,0,0),(11,0,10,0,0,0,0,0),(12,0,11,0,0,0,0,0),(13,0,12,0,0,0,0,0),(14,0,13,0,0,0,0,0),(15,0,14,0,0,0,0,0),(16,0,15,0,0,0,0,0),(17,0,16,0,0,0,0,0),(18,0,17,0,0,0,0,0),(19,0,18,0,0,0,0,0),(20,0,19,0,0,0,0,0),(21,0,20,0,0,0,0,0),(22,0,21,0,0,0,0,0),(23,0,22,0,0,0,0,0),(24,0,23,0,0,0,0,0),(25,0,24,0,0,0,0,0),(26,0,25,0,0,0,0,0),(27,0,26,0,0,0,0,0),(28,0,27,0,0,0,0,0),(29,0,28,0,0,0,0,0),(30,0,29,0,0,0,0,0),(31,0,30,0,0,0,0,0),(32,0,31,0,0,0,0,0),(33,0,32,0,0,0,0,0),(34,0,33,0,0,0,0,0),(35,0,34,0,0,0,0,0),(36,0,35,0,0,0,0,0),(37,0,36,0,0,0,0,0),(38,0,37,0,0,0,0,0),(39,0,38,0,0,0,0,0),(40,0,39,0,0,0,0,0);
/*!40000 ALTER TABLE `pistas_playerposexit` ENABLE KEYS */;
UNLOCK TABLES;

--
-- Table structure for table `pistas_records`
--

DROP TABLE IF EXISTS `pistas_records`;
/*!40101 SET @saved_cs_client     = @@character_set_client */;
/*!50503 SET character_set_client = utf8mb4 */;
CREATE TABLE `pistas_records` (
  `ID` int NOT NULL AUTO_INCREMENT,
  `pista_id` int NOT NULL DEFAULT '0',
  `record_id` int NOT NULL DEFAULT '0',
  `PlayerName` varchar(24) CHARACTER SET utf8mb4 COLLATE utf8mb4_unicode_ci NOT NULL DEFAULT '0',
  `Time` int NOT NULL DEFAULT '0',
  `Empty_1` int NOT NULL DEFAULT '0',
  `Empty_2` int NOT NULL DEFAULT '0',
  `Vueltas` int NOT NULL DEFAULT '0',
  `DateHour` int NOT NULL DEFAULT '0',
  `DateMinute` int NOT NULL DEFAULT '0',
  `DateSecond` int NOT NULL DEFAULT '0',
  `DateMonth` int NOT NULL DEFAULT '0',
  `DateDay` int NOT NULL DEFAULT '0',
  `DateYear` int NOT NULL DEFAULT '0',
  `CarModel` int NOT NULL DEFAULT '0',
  PRIMARY KEY (`ID`),
  KEY `pista_id` (`pista_id`),
  CONSTRAINT `pistas_records_ibfk_1` FOREIGN KEY (`pista_id`) REFERENCES `pistas` (`ID`)
) ENGINE=InnoDB DEFAULT CHARSET=utf8mb4 COLLATE=utf8mb4_unicode_ci;
/*!40101 SET character_set_client = @saved_cs_client */;

--
-- Dumping data for table `pistas_records`
--

LOCK TABLES `pistas_records` WRITE;
/*!40000 ALTER TABLE `pistas_records` DISABLE KEYS */;
/*!40000 ALTER TABLE `pistas_records` ENABLE KEYS */;
UNLOCK TABLES;

--
-- Table structure for table `rangos_faccion`
--

DROP TABLE IF EXISTS `rangos_faccion`;
/*!40101 SET @saved_cs_client     = @@character_set_client */;
/*!50503 SET character_set_client = utf8mb4 */;
CREATE TABLE `rangos_faccion` (
  `idrango` int NOT NULL,
  `rango` varchar(30) CHARACTER SET utf8mb4 COLLATE utf8mb4_unicode_ci DEFAULT 'No asignado',
  `paga` int NOT NULL DEFAULT '0',
  `skins_groupid` int NOT NULL DEFAULT '0',
  `faccionid` int NOT NULL DEFAULT '0',
  PRIMARY KEY (`idrango`),
  KEY `skins_groupid` (`skins_groupid`),
  KEY `faccionid` (`faccionid`),
  CONSTRAINT `rangos_faccion_ibfk_1` FOREIGN KEY (`skins_groupid`) REFERENCES `skins_faccion` (`groupid`),
  CONSTRAINT `rangos_faccion_ibfk_2` FOREIGN KEY (`faccionid`) REFERENCES `facciones` (`faccionid`)
) ENGINE=InnoDB DEFAULT CHARSET=utf8mb4 COLLATE=utf8mb4_unicode_ci;
/*!40101 SET character_set_client = @saved_cs_client */;

--
-- Dumping data for table `rangos_faccion`
--

LOCK TABLES `rangos_faccion` WRITE;
/*!40000 ALTER TABLE `rangos_faccion` DISABLE KEYS */;
INSERT INTO `rangos_faccion` VALUES (0,'Ninguno',250,0,0),(1,'Presidente',1200,1,1),(2,'Vice-Presidente',950,2,1),(3,'Gobernador',850,3,1),(4,'Secretario',630,4,1),(5,'Escolta',550,5,1),(6,'Asistente',500,6,1),(7,'Director',500,7,2),(8,'Sub-Director',450,8,2),(9,'Jefe de Licencieros',450,9,2),(10,'Jefe de Profesores',450,10,2),(11,'Licenciero',400,11,2),(12,'Profesor',400,12,2),(13,'Patron',430,13,3),(14,'Mano Derecha',400,14,3),(15,'Vendedor de Armas',370,15,3),(16,'Vendedor de Drogas',370,16,3),(17,'Pichon',370,17,3),(19,'Capi di tutti capi',430,19,4),(20,'Don',450,20,4),(21,'Sottocapo',400,21,4),(22,'Consigliere',400,22,4),(23,'Capo',370,23,4),(24,'Soldado',370,24,4),(25,'Asociado',370,25,4),(26,'Oyabun',500,26,5),(27,'Wakashu',480,27,5),(28,'Wakagashira',450,28,5),(29,'Shateigashira',420,29,5),(30,'Kyodai',400,30,5),(31,'Shatei',370,31,5),(32,'Director',700,32,6),(33,'Sub-Director',650,33,6),(34,'Instructor',600,34,6),(35,'Conductor de Tren',550,35,6),(36,'Conductor de Autobus',500,36,6),(37,'Conductor de Tren',450,37,6),(38,'Principiante',350,38,6),(39,'Comisario',600,39,7),(40,'Sub-comisario',550,40,7),(41,'Capitan',500,41,7),(42,'Teniente',500,42,7),(43,'Sargento',500,43,7),(44,'Cabo',400,44,7),(45,'Oficial',400,45,7),(46,'Cadete',350,46,7),(47,'Jefe',350,47,8),(48,'Encargado',340,48,8),(49,'Vendedor',320,49,8),(50,'Conductor',320,50,8),(51,'Director',700,51,9),(52,'Sub-Director',600,52,9),(53,'Jefe de Bomberos',650,53,9),(54,'Doctor',500,54,9),(55,'Paramerico',450,55,9),(56,'Bombero',550,56,9),(57,'Aprendiz',500,57,9),(58,'Director',500,58,10),(59,'Sub-Director',450,59,10),(60,'Supervisor',450,60,10),(61,'Cronista',400,61,10),(62,'Auxiliar',350,62,10),(63,'Director',450,63,11),(64,'Sub-Director',450,64,11),(65,'Jefe de Detectives',400,65,11),(66,'Jefe de GuardaEspaldas',370,66,11),(67,'Detective',350,67,11),(68,'Guardaespaldas',350,68,11),(69,'Empresario',450,69,12),(70,'Encargado',400,70,12),(71,'Camionero Experto',370,71,12),(72,'Camionero Novato',350,72,12),(73,'Marinero',350,73,12),(74,'Ayudante',350,74,12),(75,'Empresario',460,75,13),(76,'Encargado',430,76,13),(77,'Maquinista',400,77,13),(78,'Mecanico',370,78,13),(79,'Mecanico Novato',350,79,13),(80,'Comisario',600,80,14),(81,'Sub-comisario',550,81,14),(82,'Capitan',500,82,14),(83,'Teniente',500,83,14),(84,'Sargento',500,84,14),(85,'Cabo',400,85,14),(86,'Oficial',400,86,14),(87,'Cadete',350,87,14),(88,'Narco',410,88,15),(89,'Mano Derecha',400,89,15),(90,'Contrabandista',370,90,15),(91,'Comerciante',370,91,15),(92,'Aliado',350,92,15),(93,'Pupilo',350,93,15),(94,'Capo',650,94,16),(95,'Mano Derecha',630,95,16),(96,'Extorsionador',610,96,16),(97,'Exterminador',590,97,16),(98,'Maton',550,98,16),(99,'Integrandose',430,99,16),(100,'Empresario',460,100,17),(101,'Encargado',430,101,17),(102,'Maquinista',400,102,17),(103,'Mecanico',370,103,17),(104,'Mecanico Novato',350,104,17),(105,'Colt',460,105,18),(106,'El Menor',430,106,18),(107,'Activo',400,107,18),(108,'Chismoso',370,108,18),(109,'Pibe',350,109,18),(110,'AK',460,110,19),(111,'El Menor',430,111,19),(112,'Activo',400,112,19),(113,'Chismoso',370,113,19),(114,'Pibe',350,114,19),(115,'Veltran',460,115,20),(116,'El Menor',430,116,20),(117,'Activo',400,117,20),(118,'Chismoso',370,118,20),(119,'Pibe',350,119,20),(120,'Heor',460,120,21),(121,'El Menor',430,121,21),(122,'Activo',400,122,21),(123,'Chismoso',370,123,21),(124,'Pibe',350,124,21),(125,'Director',700,125,22),(126,'Sub-Director',600,126,22),(127,'Jefe de Bomberos',650,127,22),(128,'Doctor',500,128,22),(129,'Paramerico',450,129,22),(130,'Bombero',550,130,22),(131,'Aprendiz',500,131,22);
/*!40000 ALTER TABLE `rangos_faccion` ENABLE KEYS */;
UNLOCK TABLES;

--
-- Table structure for table `skins_faccion`
--

DROP TABLE IF EXISTS `skins_faccion`;
/*!40101 SET @saved_cs_client     = @@character_set_client */;
/*!50503 SET character_set_client = utf8mb4 */;
CREATE TABLE `skins_faccion` (
  `groupid` int NOT NULL,
  `skin_00` int NOT NULL DEFAULT '0',
  `skin_01` int NOT NULL DEFAULT '0',
  `skin_02` int NOT NULL DEFAULT '0',
  `skin_03` int NOT NULL DEFAULT '0',
  `skin_04` int NOT NULL DEFAULT '0',
  `skin_05` int NOT NULL DEFAULT '0',
  `skin_06` int NOT NULL DEFAULT '0',
  `skin_07` int NOT NULL DEFAULT '0',
  `skin_08` int NOT NULL DEFAULT '0',
  `skin_09` int NOT NULL DEFAULT '0',
  `skin_10` int NOT NULL DEFAULT '0',
  `skin_11` int NOT NULL DEFAULT '0',
  `skin_12` int NOT NULL DEFAULT '0',
  `skin_13` int NOT NULL DEFAULT '0',
  `skin_14` int NOT NULL DEFAULT '0',
  PRIMARY KEY (`groupid`)
) ENGINE=InnoDB DEFAULT CHARSET=utf8mb4 COLLATE=utf8mb4_unicode_ci;
/*!40101 SET character_set_client = @saved_cs_client */;

--
-- Dumping data for table `skins_faccion`
--

LOCK TABLES `skins_faccion` WRITE;
/*!40000 ALTER TABLE `skins_faccion` DISABLE KEYS */;
INSERT INTO `skins_faccion` VALUES (0,26,0,0,0,0,0,0,0,0,0,0,0,0,0,0),(1,147,216,228,0,0,0,0,0,0,0,0,0,0,0,0),(2,17,216,228,0,0,0,0,0,0,0,0,0,0,0,0),(3,57,216,228,0,0,0,0,0,0,0,0,0,0,0,0),(4,227,216,148,0,0,0,0,0,0,0,0,0,0,0,0),(5,163,172,228,0,0,0,0,0,0,0,0,0,0,0,0),(6,189,150,148,0,0,0,0,0,0,0,0,0,0,0,0),(7,171,194,172,0,0,0,0,0,0,0,0,0,0,0,0),(8,59,60,194,0,0,0,0,0,0,0,0,0,0,0,0),(9,59,60,194,0,0,0,0,0,0,0,0,0,0,0,0),(10,59,60,194,0,0,0,0,0,0,0,0,0,0,0,0),(11,59,60,194,0,0,0,0,0,0,0,0,0,0,0,0),(12,59,60,194,0,0,0,0,0,0,0,0,0,0,0,0),(13,72,0,0,0,0,0,0,0,0,0,0,0,0,0,0),(14,72,261,183,131,133,4,5,6,0,0,0,0,0,0,0),(15,72,261,183,131,133,4,5,6,0,0,0,0,0,0,0),(16,72,261,183,131,133,4,5,6,0,0,0,0,0,0,0),(17,72,261,183,131,133,4,5,6,0,0,0,0,0,0,0),(18,72,261,183,131,133,4,5,6,0,0,0,0,0,0,0),(19,113,216,3,0,0,0,0,0,0,0,0,0,0,0,0),(20,126,216,3,0,0,0,0,0,0,0,0,0,0,0,0),(21,111,141,0,0,0,0,0,0,0,0,0,0,0,0,0),(22,98,141,0,0,0,0,0,0,0,0,0,0,0,0,0),(23,125,141,0,0,0,0,0,0,0,0,0,0,0,0,0),(24,124,141,0,0,0,0,0,0,0,0,0,0,0,0,0),(25,127,141,0,0,0,0,0,0,0,0,0,0,0,0,0),(26,208,228,263,0,0,0,0,0,0,0,0,0,0,0,0),(27,186,263,0,0,0,0,0,0,0,0,0,0,0,0,0),(28,120,224,0,0,0,0,0,0,0,0,0,0,0,0,0),(29,123,169,0,0,0,0,0,0,0,0,0,0,0,0,0),(30,122,169,0,0,0,0,0,0,0,0,0,0,0,0,0),(31,121,169,0,0,0,0,0,0,0,0,0,0,0,0,0),(32,61,69,0,0,0,0,0,0,0,0,0,0,0,0,0),(33,240,69,0,0,0,0,0,0,0,0,0,0,0,0,0),(34,240,69,0,0,0,0,0,0,0,0,0,0,0,0,0),(35,255,69,0,0,0,0,0,0,0,0,0,0,0,0,0),(36,255,69,0,0,0,0,0,0,0,0,0,0,0,0,0),(37,255,69,0,0,0,0,0,0,0,0,0,0,0,0,0),(38,36,69,0,0,0,0,0,0,0,0,0,0,0,0,0),(39,283,285,284,150,101,250,60,170,184,148,191,0,0,0,0),(40,288,285,284,150,101,250,60,170,184,148,191,0,0,0,0),(41,282,285,284,150,101,250,60,170,184,148,191,0,0,0,0),(42,265,285,284,150,101,250,60,170,184,148,191,0,0,0,0),(43,267,285,284,150,101,250,60,170,184,148,191,0,0,0,0),(44,281,285,284,150,101,250,60,170,184,148,191,0,0,0,0),(45,280,285,284,150,101,250,60,170,184,148,191,0,0,0,0),(46,71,285,284,150,101,250,60,170,184,148,191,0,0,0,0),(47,185,29,170,192,0,0,0,0,0,0,0,0,0,0,0),(48,185,29,170,192,0,0,0,0,0,0,0,0,0,0,0),(49,185,29,170,192,0,0,0,0,0,0,0,0,0,0,0),(50,185,20,170,192,0,0,0,0,0,0,0,0,0,0,0),(51,70,150,277,278,279,0,0,0,0,0,0,0,0,0,0),(52,223,191,277,278,279,0,0,0,0,0,0,0,0,0,0),(53,279,191,0,0,0,0,0,0,0,0,0,0,0,0,0),(54,156,191,274,275,276,0,0,0,0,0,0,0,0,0,0),(55,274,191,274,275,276,0,0,0,0,0,0,0,0,0,0),(56,277,278,191,0,0,0,0,0,0,0,0,0,0,0,0),(57,275,91,0,0,0,0,0,0,0,0,0,0,0,0,0),(58,290,40,219,0,0,0,0,0,0,0,0,0,0,0,0),(59,223,40,219,0,0,0,0,0,0,0,0,0,0,0,0),(60,223,40,219,0,0,0,0,0,0,0,0,0,0,0,0),(61,223,40,219,0,0,0,0,0,0,0,0,0,0,0,0),(62,188,40,219,0,0,0,0,0,0,0,0,0,0,0,0),(63,187,91,0,0,0,0,0,0,0,0,0,0,0,0,0),(64,166,165,91,0,0,0,0,0,0,0,0,0,0,0,0),(65,166,165,93,0,0,0,0,0,0,0,0,0,0,0,0),(66,164,165,93,0,0,0,0,0,0,0,0,0,0,0,0),(67,164,163,93,0,0,0,0,0,0,0,0,0,0,0,0),(68,164,163,93,0,0,0,0,0,0,0,0,0,0,0,0),(69,187,0,0,0,0,0,0,0,0,0,0,0,0,0,0),(70,182,0,0,0,0,0,0,0,0,0,0,0,0,0,0),(71,234,15,0,0,0,0,0,0,0,0,0,0,0,0,0),(72,206,15,0,0,0,0,0,0,0,0,0,0,0,0,0),(73,95,15,0,0,0,0,0,0,0,0,0,0,0,0,0),(74,202,15,0,0,0,0,0,0,0,0,0,0,0,0,0),(75,42,55,0,0,0,0,0,0,0,0,0,0,0,0,0),(76,268,55,58,0,0,0,0,0,0,0,0,0,0,0,0),(77,16,55,8,55,0,0,0,0,0,0,0,0,0,0,0),(78,50,55,8,0,0,0,0,0,0,0,0,0,0,0,0),(79,50,55,8,0,0,0,0,0,0,0,0,0,0,0,0),(80,283,285,284,150,101,250,60,170,184,148,191,0,0,0,0),(81,288,285,284,150,101,250,60,170,184,148,191,0,0,0,0),(82,282,285,284,150,101,250,60,170,184,148,191,0,0,0,0),(83,265,285,284,150,101,250,60,170,184,148,191,0,0,0,0),(84,267,285,284,150,101,250,60,170,184,148,191,0,0,0,0),(85,281,285,284,150,101,250,60,170,184,148,191,0,0,0,0),(86,280,285,284,150,101,250,60,170,184,148,191,0,0,0,0),(87,71,285,284,150,101,250,60,170,184,148,191,0,0,0,0),(88,120,141,169,0,0,0,0,0,0,0,0,0,0,0,0),(89,120,141,169,0,0,0,0,0,0,0,0,0,0,0,0),(90,118,141,169,0,0,0,0,0,0,0,0,0,0,0,0),(91,118,141,169,0,0,0,0,0,0,0,0,0,0,0,0),(92,117,141,169,0,0,0,0,0,0,0,0,0,0,0,0),(93,117,141,169,0,0,0,0,0,0,0,0,0,0,0,0),(94,294,68,93,0,0,0,0,0,0,0,0,0,0,0,0),(95,295,93,0,0,0,0,0,0,0,0,0,0,0,0,0),(96,165,93,0,0,0,0,0,0,0,0,0,0,0,0,0),(97,46,93,0,0,0,0,0,0,0,0,0,0,0,0,0),(98,272,93,0,0,0,0,0,0,0,0,0,0,0,0,0),(99,112,93,0,0,0,0,0,0,0,0,0,0,0,0,0),(100,42,55,0,0,0,0,0,0,0,0,0,0,0,0,0),(101,268,55,58,0,0,0,0,0,0,0,0,0,0,0,0),(102,16,55,8,55,0,0,0,0,0,0,0,0,0,0,0),(103,50,55,8,0,0,0,0,0,0,0,0,0,0,0,0),(104,50,55,8,0,0,0,0,0,0,0,0,0,0,0,0),(105,115,190,114,116,0,0,0,0,0,0,0,0,0,0,0),(106,116,190,114,0,0,0,0,0,0,0,0,0,0,0,0),(107,116,190,114,0,0,0,0,0,0,0,0,0,0,0,0),(108,116,190,0,0,0,0,0,0,0,0,0,0,0,0,0),(109,116,190,0,0,0,0,0,0,0,0,0,0,0,0,0),(110,248,195,254,247,181,100,0,0,0,0,0,0,0,0,0),(111,247,195,254,181,0,0,0,0,0,0,0,0,0,0,0),(112,247,195,254,181,0,0,0,0,0,0,0,0,0,0,0),(113,247,195,181,0,0,0,0,0,0,0,0,0,0,0,0),(114,247,195,191,0,0,0,0,0,0,0,0,0,0,0,0),(115,175,201,173,174,0,0,0,0,0,0,0,0,0,0,0),(116,174,201,173,0,0,0,0,0,0,0,0,0,0,0,0),(117,173,201,174,0,0,0,0,0,0,0,0,0,0,0,0),(118,173,201,0,0,0,0,0,0,0,0,0,0,0,0,0),(119,173,201,0,0,0,0,0,0,0,0,0,0,0,0,0),(120,292,110,207,108,109,0,0,0,0,0,0,0,0,0,0),(121,109,207,108,0,0,0,0,0,0,0,0,0,0,0,0),(122,108,207,108,0,0,0,0,0,0,0,0,0,0,0,0),(123,108,207,0,0,0,0,0,0,0,0,0,0,0,0,0),(124,108,207,0,0,0,0,0,0,0,0,0,0,0,0,0),(125,70,150,277,278,279,0,0,0,0,0,0,0,0,0,0),(126,223,191,277,278,279,0,0,0,0,0,0,0,0,0,0),(127,279,191,0,0,0,0,0,0,0,0,0,0,0,0,0),(128,156,191,274,275,276,0,0,0,0,0,0,0,0,0,0),(129,274,191,274,275,276,0,0,0,0,0,0,0,0,0,0),(130,277,278,191,0,0,0,0,0,0,0,0,0,0,0,0),(131,275,91,0,0,0,0,0,0,0,0,0,0,0,0,0);
/*!40000 ALTER TABLE `skins_faccion` ENABLE KEYS */;
UNLOCK TABLES;

--
-- Table structure for table `teles`
--

DROP TABLE IF EXISTS `teles`;
/*!40101 SET @saved_cs_client     = @@character_set_client */;
/*!50503 SET character_set_client = utf8mb4 */;
CREATE TABLE `teles` (
  `ID` int NOT NULL,
  `PosX` float NOT NULL DEFAULT '0',
  `PosY` float NOT NULL DEFAULT '0',
  `PosZ` float NOT NULL DEFAULT '-3000',
  `PosZZ` float NOT NULL DEFAULT '0',
  `PickupIDGo` int NOT NULL DEFAULT '-1',
  `World` int NOT NULL DEFAULT '0',
  `Interior` int NOT NULL DEFAULT '0',
  `Seguro` int NOT NULL DEFAULT '1',
  `Dueno` int NOT NULL DEFAULT '0',
  `DuenoType` int NOT NULL DEFAULT '0',
  `IsBankTele` int NOT NULL DEFAULT '0',
  `IsHotelTele` int NOT NULL DEFAULT '0',
  `IsNegocioTele` int NOT NULL DEFAULT '0',
  `IsCasaTele` int NOT NULL DEFAULT '0',
  `IsGarage` int NOT NULL DEFAULT '0',
  `Garage_ID` int NOT NULL DEFAULT '0',
  `PrecioEntrada` int NOT NULL DEFAULT '0',
  `LugarText` text CHARACTER SET latin1 COLLATE latin1_swedish_ci NOT NULL,
  PRIMARY KEY (`ID`)
) ENGINE=InnoDB DEFAULT CHARSET=utf8mb4 COLLATE=utf8mb4_unicode_ci;
/*!40101 SET character_set_client = @saved_cs_client */;

--
-- Dumping data for table `teles`
--

LOCK TABLES `teles` WRITE;
/*!40000 ALTER TABLE `teles` DISABLE KEYS */;
INSERT INTO `teles` VALUES (0,1590.6,720.659,17.9131,359.211,1,4,11,0,9,0,0,0,0,0,0,0,0,'Techo de la SFMD'),(1,-2674.89,623.494,66.0938,342.312,0,0,0,0,9,0,0,0,0,0,0,0,0,'Escaleras'),(2,1719.3,720.746,10.8734,90.2101,3,4,11,0,9,0,0,0,0,0,0,0,0,'Entrada a la Sala de Operaciones'),(3,2791.65,2509.39,17.6737,270,2,4,11,0,9,0,0,0,0,0,0,0,0,'Salida de la Sala de Operaciones'),(4,1715.81,710.45,10.8782,0,5,4,11,0,9,0,0,0,0,0,0,0,0,'Entrada a la Oficina'),(5,2467.52,1042.78,58.9644,90,4,4,11,0,9,0,0,0,0,0,0,0,0,'Salida de la Oficina'),(6,1673.96,709.216,10.8742,0,7,4,11,0,9,0,0,0,0,0,0,0,0,'Entrada a la Sala de Espera'),(7,2826.61,2465.65,18.4234,90,6,4,11,0,9,0,0,0,0,0,0,0,0,'Salida de la Sala de Espera'),(8,1677.02,715.69,10.8734,90,9,4,11,0,9,0,0,0,0,0,0,0,0,'Entrada al Consultorio'),(9,2802.42,2522.64,10.8203,180,8,4,11,0,9,0,0,0,0,0,0,0,0,'Salida del Consultorio'),(10,-2026.94,67.1684,28.6916,270,11,0,0,0,9,0,0,0,0,0,0,0,0,'Bomberos'),(11,1474.05,2746.31,11.2473,270,10,4,14,0,9,0,0,0,0,0,0,0,0,'Bomberos'),(12,-2047.68,67.1071,28.6456,90,13,0,0,0,9,0,0,0,0,0,0,0,0,'Entrada Trasera'),(13,1494.89,2746.31,11.2473,90,12,4,14,0,9,0,0,0,0,0,0,0,0,'Salida Trasera'),(14,1302.88,2666.33,10.8416,180,15,4,14,0,9,0,0,0,0,0,0,0,0,'Salida al Garage'),(15,1480.92,2744.71,10.8632,0,14,4,14,0,9,0,0,0,0,0,0,0,0,'Entrada del Garage'),(16,1342.86,2645.31,10.8606,0,17,4,14,0,9,0,0,0,0,0,0,0,0,'Salida de Garage'),(17,1488.95,2744.69,10.8475,0,16,4,14,0,9,0,0,0,0,0,0,0,0,'Entrada al Garage'),(18,1480.12,2856.2,10.8306,270,19,4,14,0,9,0,0,0,0,0,0,0,0,'Salida del Despacho'),(19,1485.04,2744.7,10.8552,0,18,4,14,0,9,0,0,0,0,0,0,0,0,'Entrada al Despacho'),(20,2596.16,1352.51,78.4764,180,21,4,9,0,11,0,0,0,0,0,0,0,0,'Entrada a la Oficina del Director'),(21,-2076.04,1431.85,7.12951,358.533,20,0,0,0,11,0,0,0,0,0,0,0,0,'Salida de la Oficina del Director'),(22,2193.29,-1147.67,1033.8,352.067,23,4,15,0,6,0,0,0,0,0,0,0,0,'Entrada al Salon'),(23,2228.54,-1150.51,1029.8,92.7406,22,4,15,0,6,0,0,0,0,0,0,0,0,'Salida de la Oficina'),(24,1951.04,1887.26,27.462,353.128,25,8,15,0,6,0,0,0,0,0,0,0,0,'Oficina del Director'),(25,2193.27,-1148.09,1029.8,357.012,24,4,15,0,6,0,0,0,0,0,0,0,0,'Oficina del Director'),(26,-794.932,489.454,1376.2,0.5641,27,4,1,0,4,0,0,0,0,0,0,0,0,'Uscita di Ristorante Italiano'),(27,1217.39,-1692.63,19.7344,273.576,26,0,0,0,4,0,0,0,0,0,0,0,0,'Ingresso di Ristorante Italiano'),(28,2281.13,1310.51,10.8203,89.5909,29,4,3,0,8,0,0,0,0,0,0,0,0,'Salida de la Oficina'),(29,1494.6,1304.29,1093.29,352.449,28,4,3,0,8,0,0,0,0,0,0,0,0,'Entrada de la Oficina'),(30,2278.23,1307.07,10.8203,0,31,4,3,0,8,0,0,0,0,0,0,0,0,'Entrada del Aseo'),(31,2295.48,1302.27,10.8203,87.4208,30,4,3,0,8,0,0,0,0,0,0,0,0,'Salida del Aseo'),(32,-2022.81,-113.738,1035.17,180,33,4,3,0,2,0,0,0,0,0,0,0,0,'Oficina del Director'),(33,2264.03,1008.16,79.5547,0,32,4,3,0,2,0,0,0,0,0,0,0,0,'Salida'),(34,-2029.7,-120.713,35.1714,175.286,35,0,0,0,2,0,0,0,0,0,0,0,0,'Patio de los Licencieros'),(35,-2029.79,-119.617,1035.17,0.363799,34,4,3,0,2,0,0,0,0,0,0,0,0,'Puerta trasera Licencieros'),(36,1525.43,-1677.76,5.8906,274.095,37,0,0,0,14,0,0,0,0,0,0,0,0,'Parqueo al fondo LSPD'),(37,246.302,87.4573,1003.64,180.314,36,4,6,0,14,0,0,0,0,0,0,0,0,'Puerta trasera de la LSPD'),(38,2360.97,1558.1,27.9562,0,39,4,11,0,14,0,0,0,0,0,0,0,0,'Camaras de Seguridad'),(39,220.172,74.2034,1005.04,0,38,4,6,0,14,0,0,0,0,0,0,0,0,'Camaras de Seguridad'),(40,1568.51,-1690.43,5.89062,177.783,41,0,0,0,14,0,0,0,0,0,0,0,0,'Parqueo a la entrada LSPD'),(41,243.156,66.3322,1003.64,269.046,40,4,6,0,14,0,0,0,0,0,0,0,0,'Puerta a la entrada LSPD'),(42,1548.69,-1364.44,326.218,186.115,43,0,0,0,0,0,0,0,0,0,0,0,0,'Asensor a la cima del Edificio'),(43,1574.76,-1335.83,16.4844,314.204,42,0,0,0,0,0,0,0,0,0,0,0,0,'Asensor a la salida del Edificio'),(44,155.629,-1950.29,47.875,6.2527,45,0,0,0,0,0,0,0,0,0,0,0,0,'Escaleras a la cima del Faro'),(45,154.262,-1946.19,5.1198,2.4509,44,0,0,0,0,0,0,0,0,0,0,0,0,'Escaleras a la salida del Faro'),(46,-1445.75,-206.169,6,273.113,47,0,0,0,0,0,0,0,0,0,0,0,0,'Asensor al Subterraneo del Aereo'),(47,-1422.16,-287.752,14.1484,141.072,46,0,0,0,0,0,0,0,0,0,0,0,0,'Asensor a la Salida del Aereo'),(48,-1951.87,-865.891,32.2266,2.1572,49,0,0,0,0,0,0,0,0,0,0,0,0,'Asensor a la entrada del Parque'),(49,-1945.51,-877.297,35.8906,89.7439,48,0,0,0,0,0,0,0,0,0,0,0,0,'Asensor a la salida del Parque'),(50,-2269.56,-156.091,35.3203,269.834,51,0,0,0,2,0,0,0,0,0,0,0,0,'Entrada del GYM'),(51,774.418,-50.238,1000.59,0.2655,50,4,6,0,2,0,0,0,0,0,0,0,0,'Salida del GYM'),(52,2229.29,-1721.87,13.5669,126.989,53,0,0,0,2,0,0,0,0,0,0,0,0,'Entrada del GYM'),(53,772.395,-4.5627,1000.73,2.6997,52,4,5,0,2,0,0,0,0,0,0,0,0,'Salida del GYM'),(54,2495.31,-1690.06,14.7656,2.978,55,0,0,0,0,0,0,0,0,0,0,0,0,'Entrada a la Casa de CJ'),(55,2495.88,-1692.33,1014.74,182.003,54,4,3,0,0,0,0,0,0,0,0,0,0,'Salida de la casa de CJ'),(56,-1989.65,1117.87,54.4688,271.081,57,0,0,0,1,0,0,0,0,0,0,0,0,'Entrada de la Iglesia'),(57,1921.46,1199.98,18.1,357.733,56,8,6,0,1,0,0,0,0,0,0,0,0,'Salida de la Iglesia'),(58,333.392,160.431,1014.19,269.104,59,4,3,0,1,0,0,0,0,0,0,0,0,'Entrada Oficina del Gobierno'),(59,2465.56,2250.48,91.6312,89.5417,58,4,1,0,1,0,0,0,0,0,0,0,0,'Salida Oficina del Gobierno'),(60,-2720.64,127.745,7.03906,271.723,61,0,0,0,1,0,1,0,0,0,0,0,0,'Banco de San Fierro'),(61,2305.45,-16.1226,26.7496,270.041,60,4,0,0,1,0,0,0,0,0,0,0,0,'Banco de San Fierro'),(62,368.505,206.962,1008.38,86.4808,63,4,3,0,1,0,0,0,0,0,0,0,0,'Entrada a la Oficina'),(63,1857.75,1426.78,16.9223,261.612,62,4,7,0,1,0,0,0,0,0,0,0,0,'Salida de la Oficina'),(64,1859.11,1413.49,16.9223,0,65,4,7,0,1,0,0,0,0,0,0,0,0,'Entrada a la Azotea'),(65,-2771.44,378.932,27.3259,261.804,64,0,0,0,1,0,0,0,0,0,0,0,0,'Salida de la Azotea'),(66,-2444.99,755.207,35.1719,180,67,0,0,0,1,0,0,0,0,0,0,0,0,'Entrada al SuperMercado'),(67,1463.34,1457.16,11.0517,270,66,4,1,0,1,0,0,0,0,0,0,0,0,'Salida del SuperMercado'),(68,-2440.34,755.375,35.1719,180,69,0,0,0,1,0,0,0,0,0,0,0,0,'Entrada al SuperMercado'),(69,1463.33,1448.82,11.0446,270,68,4,1,0,1,0,0,0,0,0,0,0,0,'Salida del SuperMercado'),(70,1488.4,1439.16,10.9998,0,71,4,1,0,1,0,0,0,0,0,0,0,0,'Tiendas Metro'),(71,1321.68,1370.1,10.8797,359.205,70,4,2,0,1,0,0,0,0,0,0,0,0,'Tiendas Metro'),(72,1486.82,1469.29,17.9232,184.555,73,4,1,0,1,0,0,0,0,0,0,0,0,'Tiendas Wong'),(73,1321.17,1341.48,10.8256,0,72,4,3,0,1,0,0,0,0,0,0,0,0,'Tiendas Wong'),(74,1488.48,1467.49,10.9952,180,75,4,1,0,1,0,0,0,0,0,0,0,0,'Tienda de Discos'),(75,1288.44,1304.39,10.9,90,74,4,4,0,1,0,0,0,0,0,0,0,0,'Tienda de Discos'),(76,1492.92,1437.28,17.9583,357.975,77,4,1,0,1,0,0,0,0,0,0,0,0,'Tienda de Licores'),(77,1336.89,1331.47,10.8208,0,76,4,5,0,1,0,0,0,0,0,0,0,0,'Tienda de Licores'),(78,2851.26,-1532.54,11.0938,264.718,79,0,0,0,1,0,0,0,0,0,0,0,0,'Entrada al Recreation Park'),(79,-928.129,2192.66,43.3984,359.373,78,4,0,0,1,0,0,0,0,0,0,0,0,'Salida del Recreation Park'),(80,-916.272,2225.04,43.3984,180,81,4,0,0,1,0,0,0,0,0,0,0,0,'Entrada al Segundo Piso'),(81,-916.195,2225.04,51.3453,180,80,4,0,0,1,0,0,0,0,0,0,0,0,'Entrada al Primer Piso'),(82,-920.587,2225.1,51.3453,180,83,4,0,0,1,0,0,0,0,0,0,0,0,'Entrada al Tercer Piso'),(83,-920.751,2225.02,59.9453,180,82,4,0,0,1,0,0,0,0,0,0,0,0,'Entrada al Segundo Piso'),(84,613.403,3.5391,1000.92,180,85,4,1,0,13,0,0,0,0,0,0,0,0,'Entrada a la Oficina'),(85,2146.78,2413.25,65.304,0,84,4,3,0,13,0,0,0,0,0,0,0,0,'Salida de la Oficina'),(86,-2170.28,635.553,1052.38,2.566,87,4,1,0,15,0,0,0,0,0,0,0,0,'Entrada al sotano'),(87,1889.84,1017.84,31.8828,268.944,86,4,10,0,15,0,0,0,0,0,0,0,0,'Salida del sotano'),(88,2157.37,1596.46,999.969,4.7598,89,4,1,0,10,0,0,0,0,0,0,0,0,'Entrada al Estudio CNN'),(89,1101,1249,11,269.004,88,4,1,0,10,0,0,0,0,0,0,0,0,'Salida del Estudio CNN'),(90,738.163,-1340.14,13.528,265.078,91,0,0,0,10,0,0,0,0,0,0,0,0,'Entrada a la CNN'),(91,2168.25,1618.69,999.978,94.5618,90,4,1,0,10,0,0,0,0,0,0,0,0,'Salida de la CNN'),(92,1134.56,1536.89,8.76089,11.666,93,4,15,0,10,0,0,0,0,0,0,0,0,'Salida del Escenario'),(93,1429.38,1330.96,10.8245,8.9184,92,4,15,0,10,0,0,0,0,0,0,0,0,'Entrada del Escenario'),(94,1467.59,1768.22,10.8862,256.695,95,4,15,0,10,0,0,0,0,0,0,0,0,'Entrada del Escenario'),(95,1136.51,1563.91,7.99928,87.8791,94,4,15,0,10,0,0,0,0,0,0,0,0,'Salida del Escenario'),(96,1108.57,1243.2,10.8203,1.9525,97,4,1,0,10,0,0,0,0,0,0,0,0,'Entrada a la Disquera'),(97,1164.04,1234.86,10.8656,93.6875,96,4,1,0,10,0,0,0,0,0,0,0,0,'Salida de la Disquera'),(98,2172.99,1602.14,999.967,81.4674,99,4,1,0,10,0,0,0,0,0,0,0,0,'Entrada a la Oficina'),(99,1157.5,1323.11,10.8256,0,98,4,1,0,10,0,0,0,0,0,0,0,0,'Salida de la Oficina'),(100,1454.31,1768.37,10.8764,87.5658,101,4,15,0,10,0,0,0,0,0,0,0,0,'Entrada del Escenario'),(101,1115.41,1572.24,7.99928,255.441,100,4,15,0,10,0,0,0,0,0,0,0,0,'Salida del Escenario'),(102,-2227.1,258.417,35.3203,91.3942,103,0,0,0,10,0,0,0,0,0,0,0,0,'Entrada al Teatro'),(103,1466.63,1785.31,10.8909,173.034,102,4,15,0,10,0,0,0,0,0,0,0,0,'Salida del Teatro'),(104,-2227.22,245.838,35.3203,88.4293,105,0,0,0,10,0,0,0,0,0,0,0,0,'Entrada al Teatro'),(105,1454.89,1785.31,10.8873,178.988,104,4,15,0,10,0,0,0,0,0,0,0,0,'Salida del Teatro'),(106,-2172.03,258.435,35.3285,267.489,107,0,0,0,10,0,0,0,0,0,0,0,0,'Entrada al Teatro'),(107,1420.77,1342.39,10.8245,170.432,106,4,15,0,10,0,0,0,0,0,0,0,0,'Salida del Teatro'),(108,-2172.04,245.811,35.3307,274.168,109,0,0,0,10,0,0,0,0,0,0,0,0,'Entrada al Teatro'),(109,1432.46,1342.4,10.8245,158.066,108,4,15,0,10,0,0,0,0,0,0,0,0,'Salida del Teatro'),(110,552.005,-2982.31,10.9435,9.92249,111,0,0,0,0,0,0,0,0,0,0,0,0,'Entrada Casa en la Isla'),(111,422.112,2536.5,10,84.6123,110,4,10,0,0,0,0,0,0,0,0,0,0,'Salida Casa en la Isla'),(112,718.654,-1476.35,5.4688,176.408,113,0,0,0,15,0,0,0,0,0,0,0,0,'Entrada Trasera Contrabandistas'),(113,-2170.26,639.516,1052.38,178.68,112,4,1,0,15,0,0,0,0,0,0,0,0,'Salida Trasera Contrabandistas'),(114,1564.84,-1666.9,28.3956,1.3394,115,0,0,0,14,0,0,0,0,0,0,0,0,'Ascensor a la LSPD'),(115,217.435,68.2754,1005.05,270.931,114,4,6,0,14,0,0,0,0,0,0,0,0,'Ascensor al techo de LSPD'),(116,-1606.31,672.071,-4.9063,357.54,117,0,0,0,7,0,0,0,0,0,0,0,0,'Entrada a la SFPD'),(117,214.384,121.953,999.016,272.194,116,4,10,0,7,0,0,0,0,0,0,0,0,'Salida al Parqueo SFPD'),(118,259.278,107.47,1003.23,0,119,4,10,0,7,0,0,0,0,0,0,0,0,'Camaras de Seguridad'),(119,1954.59,968.816,21.8709,0,118,4,7,0,7,0,0,0,0,0,0,0,0,'Camaras de Seguridad'),(120,2706.57,-1315.48,1009.66,87.3108,121,4,2,0,2,0,0,0,0,0,0,0,0,'Salida de la Univeresidad'),(121,-1492.49,920.14,7.1875,88.9468,120,0,0,0,2,0,0,0,0,0,0,0,0,'Entrada de la Universidad'),(122,-328.708,-877.293,49.2925,331.971,123,0,0,0,1,0,0,1,0,0,0,0,40,'Entrada al Hotel Blur~N~~G~Precio: ~W~$40'),(123,965.099,-53.1099,1001.12,86.461,122,4,3,0,1,0,0,0,0,0,0,0,0,'Salida del Hotel Blur'),(124,2393.5,1156.59,34.6063,267.035,125,-1,3,0,0,0,0,0,0,0,0,0,0,'Cocina del Tren'),(125,2368.11,1106.62,35.5234,180,124,-1,3,0,0,0,0,0,0,0,0,0,0,'Primer Vagon'),(126,2407.44,1159.59,34.6063,90,127,-1,3,0,0,0,0,0,0,0,0,0,0,'Segundo Vagon'),(127,2394.2,1136.31,34.2678,270,126,-1,3,0,0,0,0,0,0,0,0,0,0,'Primer Vagon'),(128,2408.91,1133.2,34.2678,93.615,129,-1,3,0,0,0,0,0,0,0,0,0,0,'Bar del Tren'),(129,2391.49,1110.37,34.7262,270,128,-1,3,0,0,0,0,0,0,0,0,0,0,'Segundo Vagon'),(130,-2156.5,645.496,52.3672,270,131,0,0,0,5,0,0,0,0,0,0,0,0,'Entrada al Callejon'),(131,958.161,1724.96,8.67354,0,130,4,6,0,5,0,0,0,0,0,0,0,0,'Salida del Callejon'),(132,922.119,1893.54,10.9535,270,133,4,6,0,5,0,0,0,0,0,0,0,0,'Entrada al Callejon'),(133,959.185,1734.57,8.67354,90,132,4,6,0,5,0,0,0,0,0,0,0,0,'Entrada al Garage'),(134,-2172.45,679.875,55.1614,90,135,0,0,0,5,0,0,0,0,0,0,0,0,'Entrada al Callejon'),(135,963.85,1742.01,8.67354,180,134,4,6,0,5,0,0,0,0,0,0,0,0,'Salida del Callejon'),(136,1670.04,715.211,10.8751,270,137,4,11,0,9,0,0,0,0,0,0,0,0,'Escaleras'),(137,1593.24,728.92,10.9297,270.184,136,4,11,0,9,0,0,0,0,0,0,0,0,'Primer Piso'),(138,1677.35,725.903,10.8729,450.682,139,4,11,0,9,0,0,0,0,0,0,0,0,'Entrada al Parking'),(139,2118.59,2416.69,10.8203,448.852,138,4,0,0,9,0,0,0,0,0,0,0,0,'Segundo Piso'),(140,-1924.68,292.905,41.0469,270,141,0,0,0,8,0,0,0,0,0,0,0,0,'Entrada al concesionario'),(141,-496.755,2565.61,53.8705,90,140,4,16,0,8,0,0,0,0,0,0,0,0,'Salida del concesionario'),(142,1752.5,-1912.17,13.5675,271.217,143,0,0,0,6,0,0,0,0,0,0,0,0,'Entrada trasera'),(143,2193.35,-1138.63,1029.8,183.202,142,4,15,0,6,0,0,0,0,0,0,0,0,'Salida trasera'),(144,-2648.89,376.019,6.15925,452.836,145,0,0,0,1,0,0,0,0,0,0,0,40,'Entrada al Museo ~B~Colonial SF~N~~G~Precio: ~W~$40'),(145,319.753,2524.72,16.9508,180,144,4,15,0,1,0,0,0,0,0,0,0,0,'Salida del Museo ~B~Colonial'),(146,-1749.41,873.158,25.0859,181.023,147,0,0,0,0,0,0,0,0,0,0,0,0,'69 Hasselholf Street'),(147,-1753.65,883.947,295.601,360.369,146,0,0,0,0,0,0,0,0,0,0,0,0,'Ir Abajo'),(148,356.436,2502.32,17.6959,90,149,4,15,0,1,0,0,0,0,0,0,0,0,'Entrada a la Segunda Planta'),(149,211.334,2464.29,17.6959,0,148,4,15,0,1,0,0,0,0,0,0,0,0,'Salida de la Segunda Planta'),(150,356.424,2492.51,17.6885,90,151,4,15,0,1,0,0,0,0,0,0,0,0,'Entrada a la Segunda Planta'),(151,220.272,2464.26,17.6959,0,150,4,15,0,1,0,0,0,0,0,0,0,0,'Salida de la Segunda Planta'),(152,216.907,2518.27,16.9508,180,153,4,15,0,1,0,0,0,0,0,0,0,0,'Entrada a la Tumba de Skiruch'),(153,574.202,1666.47,7.17969,177.348,152,4,15,0,1,0,0,0,0,0,0,0,0,'Salida de la Tumba de Skiruch'),(154,2347.55,-661.967,128.302,180,155,0,0,0,4,0,0,0,0,0,0,0,0,'Entrada al AlmacÅ¾n'),(155,672.854,1833.58,5.6238,0,154,4,12,0,4,0,0,0,0,0,0,0,0,'Salida del AlmacÅ¾n'),(156,1736.02,-2052.78,20.6677,359.934,157,4,15,0,17,0,0,0,0,0,0,0,0,'Salida del Taller'),(157,1736.45,-2054.08,13.5707,186.822,156,0,0,0,17,0,0,0,0,0,0,0,0,'Entrada al Taller'),(158,1297.42,-800.908,84.1406,273.644,159,0,0,0,0,0,0,0,0,0,0,0,0,'Subida a la Piscina'),(159,1302.28,-784.966,88.3125,173.737,158,0,0,0,0,0,0,0,0,0,0,0,0,'Bajada a la entrada'),(160,1295.42,-787.389,88.3125,270.221,161,0,0,0,0,0,0,0,0,0,0,0,0,'Subida a el techo'),(161,1293.55,-788.46,92.0313,178.727,160,0,0,0,0,0,0,0,0,0,0,0,0,'Bajada a la Piscina'),(162,1280.55,-812.293,83.4447,180.496,163,0,0,0,0,0,0,0,0,0,0,0,0,'Entrada al balcon'),(163,1280.59,-828.989,76.721,179.869,162,0,0,0,0,0,0,0,0,0,0,0,0,'Salida del balcon'),(164,1730.49,-2022.97,20.6677,273.429,165,4,15,0,17,0,0,0,0,0,0,0,0,'Entrada a la Oficina'),(165,1588.66,-2505.83,13.5547,267.35,164,6,15,0,17,0,0,0,0,0,0,0,0,'Salida de la Oficina'),(166,1636.39,-2491.04,13.6198,273.117,167,4,3,0,8,0,0,0,0,0,0,0,0,'Entrada a el Recibidor'),(167,1502.61,1308.48,1093.29,89.9395,166,4,3,0,8,0,0,0,0,0,0,0,0,'Entrada al Concesionario'),(168,549.599,-1293.89,17.2482,4.7037,169,0,0,0,8,0,0,0,0,0,0,0,0,'Entrada al Concesionario'),(169,1647.49,-2486.13,13.6146,178.779,168,4,3,0,8,0,0,0,0,0,0,0,0,'Salida del Concesionario'),(170,548.626,-1314.21,17.2422,183.619,171,0,0,0,8,0,0,0,0,0,0,0,0,'Entrada al Concesionario'),(171,1646.85,-2502.75,13.6146,353.621,170,4,3,0,8,0,0,0,0,0,0,0,0,'Salida del Concesionario'),(172,2233.88,-1333.23,23.9815,90,173,0,0,0,1,0,0,0,0,0,0,0,0,'Entrada a la Iglesia'),(173,2870.79,911.546,10.7805,90,172,4,19,0,1,0,0,0,0,0,0,0,0,'Salida de la Iglesia'),(174,2254.23,-1333.2,23.9815,270,175,0,0,0,1,0,0,0,0,0,0,0,0,'Entrada a la Iglesia'),(175,2858.17,911.408,10.7806,270,174,4,19,0,1,0,0,0,0,0,0,0,0,'Salida de la Iglesia'),(176,1421.1,1317.96,11.1494,121.142,177,10,0,0,7,0,0,0,0,0,0,0,0,'Entrada a la Garita'),(177,-1229.42,-228.986,14.4109,309.205,176,4,4,0,7,0,0,0,0,0,0,0,0,'Salida de la Garita'),(178,2338.82,-1176.97,1027.98,270,179,4,5,0,18,0,0,0,0,0,0,0,0,'Entrada a la Sala'),(179,2345.23,-1180.69,1031.97,83.839,178,4,5,0,18,0,0,0,0,0,0,0,0,'Salida de la Sala'),(180,2329.6,-1178.02,1031.98,180,181,4,5,0,18,0,0,0,0,0,0,0,0,'Entrada a la Cocina'),(181,2330.2,-1173.07,1027.98,90,180,4,5,0,18,0,0,0,0,0,0,0,0,'Salida de la Cocina'),(182,2319.72,-1185.88,1028.64,0,183,4,5,0,18,0,0,0,0,0,0,0,0,'Entrada al Subterraneo'),(183,1088.29,1707.55,10.9153,270,182,4,5,0,18,0,0,0,0,0,0,0,0,'Entada a la Casa Colts'),(184,1103.02,1707.48,10.9153,90,185,4,5,0,18,0,0,0,0,0,0,0,0,'Entrada al Garage Colts'),(185,1080.22,1752.4,10.8728,180,184,4,5,0,18,0,0,0,0,0,0,0,0,'Entrada al Subterraneo'),(186,2688.7,819.415,10.9638,90,187,4,6,0,19,0,0,0,0,0,0,0,0,'Entrada al Garage'),(187,2653.99,800.592,11.0725,180,186,4,6,0,19,0,0,0,0,0,0,0,0,'Entrada a la Casa AK'),(188,1290.76,-1161.25,23.961,0,189,0,0,0,10,0,0,0,0,0,0,0,0,'Entrada al Teatro'),(189,1536.17,1715.93,10.8359,90,188,4,8,0,10,0,0,0,0,0,0,0,0,'Salida del Teatro'),(190,1283.68,-1161.25,23.961,0,191,0,0,0,10,0,0,0,0,0,0,0,0,'Entrada al Teatro'),(191,1536.15,1724.96,10.8359,90,190,4,8,0,10,0,0,0,0,0,0,0,0,'Salida del Teatro'),(192,1312.94,-1172.46,23.799,180,193,0,0,0,10,0,0,0,0,0,0,0,0,'Entrada al Pasillo'),(193,1486.48,1668.75,10.8359,180,192,4,8,0,10,0,0,0,0,0,0,0,0,'Salida del Pasillo'),(194,1262.42,-1172.48,23.8122,180,195,0,0,0,10,0,0,0,0,0,0,0,0,'Entrada al Pasillo'),(195,1507.86,1668.79,10.8359,180,194,4,8,0,10,0,0,0,0,0,0,0,0,'Salida del Pasillo'),(196,1257.26,-1165.24,23.8281,90,197,0,0,0,10,0,0,0,0,0,0,0,0,'Entrada Secundaria'),(197,1560.99,1427.77,10.9359,90,196,4,8,0,10,0,0,0,0,0,0,0,0,'Salida'),(198,1552.35,1426.07,10.9359,0,199,4,8,0,10,0,0,0,0,0,0,0,0,'Entrada a la Boleteria'),(199,1527.11,1720.84,10.8359,270,198,4,8,0,10,0,0,0,0,0,0,0,0,'Salida de la Boleteria'),(200,1530.45,1425.87,10.9359,0,201,4,8,0,10,0,0,0,0,0,0,0,0,'Solo Actores'),(201,1409.21,1826.94,10.9359,90,200,4,8,0,10,0,0,0,0,0,0,0,0,'Salida'),(202,1488.26,1645.03,10.8359,90,203,4,8,0,10,0,0,0,0,0,0,0,0,'Entrada al Teatro'),(203,1533.69,1709.69,10.8359,0,202,4,8,0,10,0,0,0,0,0,0,0,0,'Entrada al Pasillo'),(204,1506.05,1645.31,10.8359,270,205,4,8,0,10,0,0,0,0,0,0,0,0,'Entrada al Teatro'),(205,1533.8,1730.58,10.8359,180,204,4,8,0,10,0,0,0,0,0,0,0,0,'Entrada al Pasillo'),(206,1526.91,1730.38,10.8359,270,207,4,8,0,10,0,0,0,0,0,0,0,0,'Pasillo Principal'),(207,1585.08,1598.1,10.8359,180,206,4,8,0,10,0,0,0,0,0,0,0,0,'Salida'),(208,1526.9,1709.98,10.8359,270,209,4,8,0,10,0,0,0,0,0,0,0,0,'Pasillo Principal'),(209,1604.35,1598.09,10.8359,180,208,4,8,0,10,0,0,0,0,0,0,0,0,'Salida'),(210,1594.65,1591.46,10.8359,0,211,4,8,0,10,0,0,0,0,0,0,0,0,'Teatro'),(211,1370.28,1829.97,10.8359,270,210,4,8,0,10,0,0,0,0,0,0,0,0,'Salida'),(212,1245.3,-1177.43,23.5128,0,213,0,0,0,10,0,0,0,0,0,0,0,0,'Entrada al Parking'),(213,1960.4,1860.18,27.6344,90,212,4,8,0,10,0,0,0,0,0,0,0,0,'Salida del Parkin'),(214,1225.77,-1178.98,22.3886,90,215,0,0,0,10,0,0,0,0,0,0,0,0,'Entrada al Parking'),(215,1958.37,1890.86,27.6344,180,214,4,8,0,10,0,0,0,0,0,0,0,0,'Salida del Parking'),(216,1232.57,-1210.45,25.6044,180,217,0,0,0,10,0,0,0,0,0,0,0,0,'Entrada al Parking'),(217,1883.44,1888.32,27.6344,270,216,4,8,0,10,0,0,0,0,0,0,0,0,'Entrada al Segundo Piso'),(218,1051.79,-346.076,73.9922,0,219,0,0,0,3,0,0,0,0,0,0,0,0,'Entrada al Almacen'),(219,2817.1,2010.12,16.7922,90,218,4,10,0,3,0,0,0,0,0,0,0,0,'Salida del Almacen'),(220,1871.18,-1668.72,31.8115,0,221,0,0,1,20,1,0,0,1,0,0,0,40,'Entrada al Alhambra'),(221,473.899,-11.6455,1003.7,270,220,20,17,1,20,1,0,0,0,0,0,0,0,'Entrada al Piso Superior'),(222,-2679.72,1403.48,23.8926,344.9,223,0,0,0,11,1,0,0,1,0,0,0,0,'Entrada al Jizzy\'s'),(223,-2676.25,1392.98,918.352,270,222,11,3,0,11,1,0,0,0,0,0,0,0,'Entrada al Piso Superior'),(224,755.124,-1361.5,13.5128,270,225,0,0,0,10,0,0,0,0,0,0,0,0,'Entrada al Parking'),(225,2324.73,1419.78,42.8833,180,224,4,11,0,10,0,0,0,0,0,0,0,0,'Salida del Parking'),(226,1546.31,1282.23,10.8268,265.019,227,4,10,0,8,0,0,0,0,0,0,0,0,'Salida del AlmacÅ¾n NFS'),(227,-50.6239,-233.613,6.7646,0.9264,226,0,0,0,8,0,0,0,0,0,0,0,0,'Entrada al almacÅ¾n NFS'),(228,1219.22,-1811.7,16.5938,180,229,0,0,0,1,0,0,0,0,0,0,0,40,'Entrada al Museo ~B~Colonial LS~N~~G~Precio: ~W~$40'),(229,1397.55,1603.97,11.0953,180,228,4,7,0,1,0,0,0,0,0,0,0,0,'Salida del Museo Colonial'),(230,1154,-1772.68,16.5992,0,231,0,0,0,1,0,0,0,0,0,0,0,40,'Entrada al Museo ~B~Colonial LS~N~~G~Precio: ~W~$40'),(231,1500.47,1325.8,11.13,270,230,4,7,0,1,0,0,0,0,0,0,0,0,'Salida del Museo Colonial'),(232,1111.92,-1792.84,16.5938,90,233,0,0,0,1,0,0,0,0,0,0,0,40,'Entrada al Museo ~B~Colonial LS~N~~G~Precio: ~W~$40'),(233,1535.17,1296.59,11.3076,0,232,4,7,0,1,0,0,0,0,0,0,0,0,'Salida del Museo Colonial'),(234,1111.92,-1801.16,16.5938,90,235,0,0,0,1,0,0,0,0,0,0,0,40,'Entrada al Museo ~B~Colonial LS~N~~G~Precio: ~W~$40'),(235,1543.1,1296.59,11.3076,0,234,4,7,0,1,0,0,0,0,0,0,0,0,'Salida del Museo Colonial'),(236,1113.72,-1837.33,16.6,90,237,0,0,0,1,0,0,0,0,0,0,0,40,'Entrada al Museo ~B~Colonial LS~N~~G~Precio: ~W~$40'),(237,1387.59,1214.07,10.986,90,236,4,7,0,1,0,0,0,0,0,0,0,0,'Salida del Museo Colonial'),(238,1449.53,1601.77,10.8418,90,239,4,7,0,1,0,0,0,0,0,0,0,0,'Entrada al Pasillo'),(239,1338.04,1214.03,10.843,270,238,4,7,0,1,0,0,0,0,0,0,0,0,'Entrada al Museo'),(240,1368.15,1210.25,11.0143,0,241,4,7,0,1,0,0,0,0,0,0,0,0,'Entrada al Museo'),(241,1549.85,1338.16,11.1481,90,240,4,7,0,1,0,0,0,0,0,0,0,0,'Entrada al Pasillo'),(242,2770.66,-1628.72,12.1775,0,243,0,0,0,21,0,0,0,0,0,0,0,0,'Entrada al Almacen'),(243,2437.75,2083.65,62.3593,270,242,4,4,0,21,0,0,0,0,0,0,0,0,'Salida al Almacen'),(244,2468.87,2275.61,92.4605,90,245,4,4,0,21,0,0,0,0,0,0,0,0,'Entrada al Almacen'),(245,2439.16,2096.54,62.3593,180,244,4,4,0,21,0,0,0,0,0,0,0,0,'Entrada al Garage'),(246,-2129.23,894.78,80,90,247,0,0,0,20,0,0,0,0,0,0,0,0,'Entrada al Garage'),(247,-53.8952,2515.65,16.5187,270,246,4,5,0,20,0,0,0,0,0,0,0,0,'Salida del Garage'),(248,39.082,2496.42,16.4937,90,249,4,5,0,20,0,0,0,0,0,0,0,0,'Entrada al Garage'),(249,-18.3525,2500.54,16.5187,90,248,4,5,0,20,0,0,0,0,0,0,0,0,'Entrada a la Casa Volts'),(250,2807.45,-1165.13,1025.57,180,251,4,8,0,16,0,0,0,0,0,0,0,0,'Salon Privado'),(251,397.355,2435.04,16.5078,0,250,4,8,0,16,0,0,0,0,0,0,0,0,'Salida del Salon Privado'),(252,2806.99,-1161.38,1029.16,180,253,4,8,0,16,0,0,0,0,0,0,0,0,'Entrada al Armario'),(253,417.757,2440.22,16.5094,180,252,4,8,0,16,0,0,0,0,0,0,0,0,'Salida del Armario'),(254,373.24,1912.17,17.7156,270,255,4,18,0,22,0,0,0,0,0,0,0,0,'Segundo Piso'),(255,309.908,1810.93,17.6478,180,254,4,18,0,22,0,0,0,0,0,0,0,0,'Primer Piso'),(256,384.917,1913.77,17.7156,180,257,4,18,0,22,0,0,0,0,0,0,0,0,'Consultorio del Doctor'),(257,287.932,1877.14,17.6406,270,256,4,18,0,22,0,0,0,0,0,0,0,0,'Salida del Consultorio'),(258,296.595,1807.54,17.6478,270,259,4,18,0,22,0,0,0,0,0,0,0,0,'Sala de Operaciones'),(259,309.892,1900.41,17.7415,90,258,4,18,0,22,0,0,0,0,0,0,0,0,'Salida'),(260,304.074,1810.97,17.6556,180,261,4,18,0,22,0,0,0,0,0,0,0,0,'Sala de Juntas'),(261,283.359,1921.98,17.6556,270,260,4,18,0,22,0,0,0,0,0,0,0,0,'Salida'),(262,376.179,1910.28,17.7156,0,263,4,18,0,22,0,0,0,0,0,0,0,0,'Entrada al Parking'),(263,-18.1108,1528.6,12.7953,90,262,4,18,0,22,0,0,0,0,0,0,0,0,'Entrada al Hospital'),(264,376.138,1913.75,17.7156,180,265,4,18,0,22,0,0,0,0,0,0,0,0,'Entrada al Parking'),(265,33.7245,1528.71,12.7953,270,264,4,18,0,22,0,0,0,0,0,0,0,0,'Entrada al Hospital'),(266,2034.17,-1401.68,17.2948,180,267,0,0,0,22,0,0,0,0,0,0,0,0,'Bomberos'),(267,1706.34,1199.85,34.9203,90,266,4,18,0,22,0,0,0,0,0,0,0,0,'Salida'),(268,1697.47,1200.08,34.9203,0,269,4,18,0,22,0,0,0,0,0,0,0,0,'Entrada al Garage'),(269,1914.54,1193.57,18.3547,0,268,4,18,0,22,0,0,0,0,0,0,0,0,'Oficina de Bomberos'),(270,1705.18,1204.54,34.9128,180,271,4,18,0,22,0,0,0,0,0,0,0,0,'Sala de Entrenamiento'),(271,1863.13,1387.45,17.0014,0,270,4,18,0,22,0,0,0,0,0,0,0,0,'Oficina de Bomberos'),(272,1467.24,-1009.93,26.8438,180,273,0,0,0,1,0,0,0,0,0,0,0,0,'Super Mercado'),(273,1825.85,-2526.09,13.6,90,272,4,16,0,1,0,0,0,0,0,0,0,0,'Salida'),(274,1457.07,-1009.92,26.8438,180,275,0,0,0,1,0,0,0,0,0,0,0,0,'Super Mercado'),(275,1825.85,-2537.48,13.6,90,274,4,16,0,1,0,0,0,0,0,0,0,0,'Salida'),(276,1430.61,-969.281,37.4074,0,277,0,0,0,1,0,0,0,0,0,0,0,0,'Super Mercado'),(277,1759.73,-2526.05,13.6,270,276,4,16,0,1,0,0,0,0,0,0,0,0,'Salida'),(278,1422.52,-967.811,37.4489,0,279,0,0,0,1,0,0,0,0,0,0,0,0,'Super Mercado'),(279,1759.73,-2537.44,13.6,270,278,4,16,0,1,0,0,0,0,0,0,0,0,'Salida'),(280,1802.93,-2547.78,13.6,0,281,4,16,0,1,0,0,0,0,0,0,0,0,'Tiendas Wong'),(281,1596.03,-2566.31,13.575,0,280,4,16,0,1,0,0,0,0,0,0,0,0,'Salida'),(282,1775.49,-2547.8,13.6,0,283,4,16,0,1,0,0,0,0,0,0,0,0,'Tiendas Metro'),(283,1541.14,-2562.6,13.5628,270,282,4,16,0,1,0,0,0,0,0,0,0,0,'Salida'),(284,1795.99,-2515.74,13.6,180,285,4,16,0,1,0,0,0,0,0,0,0,0,'Licoreria Bazar'),(285,1593.81,-2587.74,13.5469,0,284,4,16,0,1,0,0,0,0,0,0,0,0,'Salida'),(286,1778.75,-2438.43,13.5547,180,287,4,13,0,21,0,0,0,0,0,0,0,0,'Callejon'),(287,1732.19,-2446.2,13.6246,180,286,4,13,0,21,0,0,0,0,0,0,0,0,'Casa Heors'),(288,1730.92,-2453.04,13.6246,0,289,4,13,0,21,0,0,0,0,0,0,0,0,'Salida'),(289,2034.48,-1112.52,26.0466,90,288,0,0,0,21,0,0,0,0,0,0,0,0,'Puerta Tracera'),(290,1601.92,722.15,15.4412,448.304,291,4,11,0,0,0,0,0,0,0,0,0,0,'Segundo PIso'),(291,1712.21,712.485,10.8751,270.619,290,4,11,0,0,0,0,0,0,0,0,0,0,'Escaleras'),(292,-2026.74,92.7125,28.4574,270,293,0,0,0,9,0,0,0,0,0,1,0,0,'Garage'),(293,1291.69,2648.71,10.8461,270,292,4,14,0,9,0,0,0,0,0,1,0,0,'Garage'),(294,-2026.73,84.051,28.3414,270,295,0,0,0,9,0,0,0,0,0,1,1,0,'Garage'),(295,1291.69,2656.01,10.8604,270,294,4,14,0,9,0,0,0,0,0,1,1,0,'Garage'),(296,-2026.74,75.4999,28.3413,270,297,0,0,0,9,0,0,0,0,0,1,2,0,'Garage'),(297,1291.68,2663.29,10.8642,270,296,4,14,0,9,0,0,0,0,0,1,2,0,'Garage'),(298,-2047.83,92.6136,28.4079,90,299,0,0,0,9,0,0,0,0,0,1,3,0,'Garage'),(299,1331.68,2663.22,10.8642,270,298,4,14,0,9,0,0,0,0,0,1,3,0,'Garage'),(300,-2047.83,83.9479,28.3906,90,301,0,0,0,9,0,0,0,0,0,1,4,0,'Garage'),(301,1331.69,2656,10.8604,270,300,4,14,0,9,0,0,0,0,0,1,4,0,'Garage'),(302,-2047.83,75.348,28.3977,90,303,0,0,0,9,0,0,0,0,0,1,5,0,'Garage'),(303,1331.69,2648.69,10.8461,270,302,4,14,0,9,0,0,0,0,0,1,5,0,'Garage'),(304,-2874.2,493.414,4.9141,180.759,305,0,0,0,13,0,0,0,0,0,1,6,0,'Garage'),(305,622.2,-1.3114,1000.92,84.8417,304,4,1,0,13,0,0,0,0,0,1,6,0,'Garage'),(306,1642.21,-1681.7,13.5292,90,307,0,0,0,1,0,0,0,0,0,1,7,0,'Garage'),(307,2445.62,2374.48,74.5412,270,306,4,4,0,1,0,0,0,0,0,1,7,0,'Garage'),(308,-1979.48,426.946,24.6212,0,309,0,0,0,1,0,0,0,0,0,1,8,0,'Garage'),(309,2390.48,2450.86,70.3141,270,308,4,4,0,1,0,0,0,0,0,1,8,0,'Garage'),(310,-2161.62,654.636,52.3672,270,311,0,0,0,5,0,0,0,0,0,1,9,0,'Garage'),(311,926.126,1884.61,10.9535,0,310,4,6,0,5,0,0,0,0,0,1,9,0,'Garage'),(312,-2172.45,692.955,53.8906,90,313,0,0,0,5,0,0,0,0,0,1,10,0,'Garage'),(313,938.239,1910.87,10.9535,180,312,4,6,0,5,0,0,0,0,0,1,10,0,'Garage'),(314,-2089.11,95.0547,35.3203,90,315,0,0,0,16,0,0,0,0,0,1,11,0,'Garage'),(315,1030.43,1272.25,20.4648,270,314,4,7,0,16,0,0,0,0,0,1,11,0,'Garage'),(316,-2647.5,694.888,27.9346,0,317,0,0,0,9,0,0,0,0,0,1,12,0,'Garage'),(317,2101.35,2373.49,14.7902,90,316,4,0,0,9,0,0,0,0,0,1,12,0,'Garage'),(318,-2010.2,-142.958,35.7109,270,319,0,0,0,2,0,0,0,0,0,1,13,0,'Garage'),(319,1928.01,658.361,19.3469,270,318,4,12,0,2,0,0,0,0,0,1,13,0,'Garage'),(320,-2010.2,-133.512,35.7109,270,321,0,0,0,2,0,0,0,0,0,1,14,0,'Garage'),(321,1928.01,649.52,19.358,270,320,4,12,0,2,0,0,0,0,0,1,14,0,'Garage'),(322,-2022.21,-133.592,35.2803,90,323,0,0,0,2,0,0,0,0,0,1,15,0,'Garage'),(323,1952.5,649.438,19.3695,90,322,4,12,0,2,0,0,0,0,0,1,15,0,'Garage'),(324,-2022.2,-143.026,35.3163,90,325,0,0,0,2,0,0,0,0,0,1,16,0,'Garage'),(325,1952.5,658.75,19.3469,90,324,4,12,0,2,0,0,0,0,0,1,16,0,'Garage'),(326,-1936.13,277.728,41.0469,180,327,0,0,0,8,0,0,0,0,0,1,17,0,'Garage'),(327,-515.002,2544.13,53.7953,0,326,4,16,0,8,0,0,0,0,0,1,17,0,'Garage'),(328,-1928.63,277.727,41.0469,180,329,0,0,0,8,0,0,0,0,0,1,18,0,'Garage'),(329,-502.814,2544.13,53.8005,0,328,4,16,0,8,0,0,0,0,0,1,18,0,'Garage'),(330,-1925.19,303.419,41.0469,270,331,0,0,0,8,0,0,0,0,0,1,19,0,'Garage'),(331,-496.755,2572.88,53.8653,90,330,4,16,0,8,0,0,0,0,0,1,19,0,'Garage'),(332,2361.99,-657.504,128.092,270,333,0,0,0,4,0,0,0,0,0,1,20,0,'Garage'),(333,692.438,1839.4,5.60912,90,332,4,12,0,4,0,0,0,0,0,1,20,0,'Garage'),(334,1768.66,-2020,14.1372,182.898,335,0,0,0,17,0,0,0,0,0,1,21,0,'Garage'),(335,1768.58,-2017.81,20.6677,4.2969,334,4,15,0,17,0,0,0,0,0,1,21,0,'Garage'),(336,1764.71,-2031.93,14.0901,275.31,337,0,0,0,17,0,0,0,0,0,1,22,0,'Garage'),(337,1763.12,-2032.01,20.6677,92.6578,336,4,15,0,17,0,0,0,0,0,1,22,0,'Garage'),(338,1764.85,-2049.11,14.0862,267.163,339,0,0,0,17,0,0,0,0,0,1,23,0,'Garage'),(339,1763.05,-2048.97,20.6755,95.1645,338,4,15,0,17,0,0,0,0,0,1,23,0,'Garage'),(340,1751.41,-2053.99,14.1226,181.622,341,0,0,0,17,0,0,0,0,0,1,24,0,'Garage'),(341,1751.2,-2052.8,20.6677,1.1636,340,4,15,0,17,0,0,0,0,0,1,24,0,'Garage'),(342,542.453,-1293.79,17.2422,356.871,343,0,0,0,8,0,0,0,0,0,1,25,0,'Garage'),(343,1640.46,-2485.87,13.6146,182.226,342,4,3,0,8,0,0,0,0,0,1,25,0,'Garage'),(344,540.243,-1314.48,17.2422,178.605,345,0,0,0,8,0,0,0,0,0,1,26,0,'Garage'),(345,1640.02,-2502.48,13.6146,356.128,344,4,3,0,8,0,0,0,0,0,1,26,0,'Garage'),(346,2644.73,-2038.81,13.55,0,347,0,0,0,18,0,0,0,0,0,1,27,0,'Garage'),(347,1067.61,1736.5,10.8728,0,346,4,5,0,18,0,0,0,0,0,1,27,0,'Garage'),(348,-2454.61,-123.044,26.1304,90,349,0,0,0,19,0,0,0,0,0,1,28,0,'Garage'),(349,2655.06,789.423,11.0725,90,348,4,6,0,19,0,0,0,0,0,1,28,0,'Garage'),(350,1247.24,-1181.42,23.5781,270,351,0,0,0,10,0,0,0,0,0,1,29,0,'Garage'),(351,1957.62,1856.04,27.6344,0,350,4,8,0,10,0,0,0,0,0,1,29,0,'Garage'),(352,1059.68,-345.896,73.9922,0,353,0,0,0,3,0,0,0,0,0,1,30,0,'Garage'),(353,2817.09,2002.49,16.8344,90,352,4,10,0,3,0,0,0,0,0,1,30,0,'Garage'),(354,751.254,-1359.19,13.5,0,355,0,0,0,10,0,0,0,0,0,1,31,0,'Garage'),(355,2320.19,1415.86,42.8881,270,354,4,11,0,10,0,0,0,0,0,1,31,0,'Garage'),(356,-60.5768,-224.024,5.4297,268.847,357,0,0,0,8,0,0,0,0,0,1,32,0,'Garage'),(357,1555.85,1261.68,10.8337,271.785,356,4,10,0,8,0,0,0,0,0,1,32,0,'Garage'),(358,2787.58,-1628.78,10.9272,0,359,0,0,0,21,0,0,0,0,0,1,33,0,'Garage'),(359,2448.53,2272.74,91.7594,0,358,4,4,0,21,0,0,0,0,0,1,33,0,'Garage'),(360,-2105.28,897.357,76.7109,0,361,0,0,0,20,0,0,0,0,0,1,34,0,'Garage'),(361,-27.1538,2525.57,16.5187,180,360,4,5,0,20,0,0,0,0,0,1,34,0,'Garage'),(362,-2129.23,899.566,80,90,363,0,0,0,20,0,0,0,0,0,1,35,0,'Garage'),(363,-53.8996,2521.09,16.5187,270,362,4,5,0,20,0,0,0,0,0,1,35,0,'Garage'),(364,-2129.23,890.006,80,90,365,0,0,0,20,0,0,0,0,0,1,36,0,'Garage'),(365,-53.8992,2510.04,16.5187,270,364,4,5,0,20,0,0,0,0,0,1,36,0,'Garage'),(366,1173.25,-1339.09,13.9909,270,367,0,0,0,22,0,0,0,0,0,1,37,0,'Garage'),(367,-24.3436,1515.16,12.7953,0,366,4,18,0,22,0,0,0,0,0,1,37,0,'Garage'),(368,1173.27,-1308.28,13.9937,270,369,0,0,0,22,0,0,0,0,0,1,38,0,'Garage'),(369,39.1129,1515.17,12.7953,0,368,4,18,0,22,0,0,0,0,0,1,38,0,'Garage'),(370,2012.56,-1408.43,16.9922,180,371,0,0,0,22,0,0,0,0,0,1,39,0,'Garage'),(371,1906.96,1171.51,18.3547,0,370,4,18,0,22,0,0,0,0,0,1,39,0,'Garage');
/*!40000 ALTER TABLE `teles` ENABLE KEYS */;
UNLOCK TABLES;

--
-- Table structure for table `users`
--

DROP TABLE IF EXISTS `users`;
/*!40101 SET @saved_cs_client     = @@character_set_client */;
/*!50503 SET character_set_client = utf8mb4 */;
CREATE TABLE `users` (
  `ID` int NOT NULL AUTO_INCREMENT,
  `Nombre` text CHARACTER SET latin1 COLLATE latin1_swedish_ci NOT NULL,
  `Email` varchar(60) CHARACTER SET latin1 COLLATE latin1_swedish_ci NOT NULL DEFAULT '0',
  `Password` varchar(65) CHARACTER SET latin1 COLLATE latin1_swedish_ci NOT NULL DEFAULT '',
  `AccountState` int NOT NULL DEFAULT '0',
  `Spawn_X` float NOT NULL DEFAULT '0',
  `Spawn_Y` float NOT NULL DEFAULT '0',
  `Spawn_Z` float NOT NULL DEFAULT '0',
  `Spawn_ZZ` float NOT NULL DEFAULT '0',
  `HoursPlaying` int NOT NULL DEFAULT '0',
  `DeahtCount` int NOT NULL DEFAULT '0',
  `KilledCount` int NOT NULL DEFAULT '0',
  `Phone` int NOT NULL DEFAULT '0',
  `House` int NOT NULL DEFAULT '0',
  `Negocio` int NOT NULL DEFAULT '0',
  `Car` int NOT NULL DEFAULT '0',
  `Faccion` int NOT NULL DEFAULT '0',
  `Rango` int NOT NULL DEFAULT '0',
  `GirlFreind` varchar(65) CHARACTER SET latin1 COLLATE latin1_swedish_ci NOT NULL DEFAULT '',
  `Bolsillos0` int NOT NULL DEFAULT '0',
  `Bolsillos1` int NOT NULL DEFAULT '0',
  `Bolsillos2` int NOT NULL DEFAULT '0',
  `Bolsillos3` int NOT NULL DEFAULT '0',
  `Bolsillos4` int NOT NULL DEFAULT '0',
  `Habilidad` int NOT NULL DEFAULT '0',
  `Warn` int NOT NULL DEFAULT '0',
  `Ciudad` int NOT NULL DEFAULT '0',
  `Vida` float NOT NULL DEFAULT '0',
  `Chaleco` float NOT NULL DEFAULT '0',
  `Cansansio` int NOT NULL DEFAULT '0',
  `Dinero` int NOT NULL DEFAULT '0',
  `Banco` int NOT NULL DEFAULT '0',
  `Jail` int NOT NULL DEFAULT '0',
  `Admin` int NOT NULL DEFAULT '0',
  `World` int NOT NULL DEFAULT '0',
  `Interior` int NOT NULL DEFAULT '0',
  `Skin` int NOT NULL DEFAULT '0',
  `Drogas` int NOT NULL DEFAULT '0',
  `Materiales` int NOT NULL DEFAULT '0',
  `Lata` int NOT NULL DEFAULT '0',
  `Ganzuas` int NOT NULL DEFAULT '0',
  `Alquiler` int NOT NULL DEFAULT '0',
  `Bombas` int NOT NULL DEFAULT '0',
  `Sexo` int NOT NULL DEFAULT '0',
  `Idiomas0` int NOT NULL DEFAULT '0',
  `Idiomas1` int NOT NULL DEFAULT '0',
  `Idiomas2` int NOT NULL DEFAULT '0',
  `Idiomas3` int NOT NULL DEFAULT '0',
  `Idiomas4` int NOT NULL DEFAULT '0',
  `Idiomas5` int NOT NULL DEFAULT '0',
  `Licencias0` int NOT NULL DEFAULT '0',
  `Licencias1` int NOT NULL DEFAULT '0',
  `Licencias2` int NOT NULL DEFAULT '0',
  `Licencias3` int NOT NULL DEFAULT '0',
  `Licencias4` int NOT NULL DEFAULT '0',
  `Licencias5` int NOT NULL DEFAULT '0',
  `Licencias6` int NOT NULL DEFAULT '0',
  `IsInJail` int NOT NULL DEFAULT '0',
  `Nacer` int NOT NULL DEFAULT '0',
  `TimeRequestBank` int NOT NULL DEFAULT '0',
  `MyBonus` int NOT NULL DEFAULT '0',
  `InTutorial` int NOT NULL DEFAULT '0',
  `Edad` int NOT NULL DEFAULT '0',
  `IsPlayerInHouse` int NOT NULL DEFAULT '0',
  `TimeEquipo` int NOT NULL DEFAULT '0',
  `SpawnAmigo` int NOT NULL DEFAULT '0',
  `IsPaga` int NOT NULL DEFAULT '0',
  `MyIP` varchar(65) CHARACTER SET latin1 COLLATE latin1_swedish_ci NOT NULL DEFAULT '',
  `Job` int NOT NULL DEFAULT '0',
  `MyStyleWalk` int NOT NULL DEFAULT '0',
  `Saldo` int NOT NULL DEFAULT '0',
  `LicenciaPesca` int NOT NULL DEFAULT '0',
  `IntermitentState` int NOT NULL DEFAULT '0',
  `MyStyleTalk` int NOT NULL DEFAULT '0',
  `IsPlayerInBizz` int NOT NULL DEFAULT '0',
  `IsPlayerInGarage` int NOT NULL DEFAULT '0',
  `WeaponS` varchar(100) CHARACTER SET latin1 COLLATE latin1_swedish_ci NOT NULL DEFAULT '',
  `AmmoS` varchar(100) CHARACTER SET latin1 COLLATE latin1_swedish_ci NOT NULL DEFAULT '',
  `Asignados0` int NOT NULL DEFAULT '0',
  `Asignados1` int NOT NULL DEFAULT '0',
  `Asignados2` int NOT NULL DEFAULT '0',
  `Bolsa0` int NOT NULL DEFAULT '0',
  `Bolsa1` int NOT NULL DEFAULT '0',
  `Bolsa2` int NOT NULL DEFAULT '0',
  `Bolsa3` int NOT NULL DEFAULT '0',
  `BolsaC0` int NOT NULL DEFAULT '0',
  `BolsaC1` int NOT NULL DEFAULT '0',
  `BolsaC2` int NOT NULL DEFAULT '0',
  `BolsaC3` int NOT NULL DEFAULT '0',
  `HaveBolsa` int NOT NULL DEFAULT '0',
  `IsPlayerInVehInt` int NOT NULL DEFAULT '0',
  `Cartera0` int NOT NULL DEFAULT '0',
  `Cartera1` int NOT NULL DEFAULT '0',
  `Cartera2` int NOT NULL DEFAULT '0',
  `Cartera3` int NOT NULL DEFAULT '0',
  `Cartera4` int NOT NULL DEFAULT '0',
  `Cartera5` int NOT NULL DEFAULT '0',
  `CarteraC0` int NOT NULL DEFAULT '0',
  `CarteraC1` int NOT NULL DEFAULT '0',
  `CarteraC2` int NOT NULL DEFAULT '0',
  `CarteraC3` int NOT NULL DEFAULT '0',
  `CarteraC4` int NOT NULL DEFAULT '0',
  `CarteraC5` int NOT NULL DEFAULT '0',
  `CarteraT0` int NOT NULL DEFAULT '0',
  `CarteraT1` int NOT NULL DEFAULT '0',
  `CarteraT2` int NOT NULL DEFAULT '0',
  `CarteraT3` int NOT NULL DEFAULT '0',
  `CarteraT4` int NOT NULL DEFAULT '0',
  `CarteraT5` int NOT NULL DEFAULT '0',
  `AccountBankingOpen` int NOT NULL DEFAULT '0',
  `CarteraI0` int NOT NULL DEFAULT '0',
  `CarteraI1` int NOT NULL DEFAULT '0',
  `CarteraI2` int NOT NULL DEFAULT '0',
  `CarteraI3` int NOT NULL DEFAULT '0',
  `CarteraI4` int NOT NULL DEFAULT '0',
  `CarteraI5` int NOT NULL DEFAULT '0',
  `IsPlayerInBank` int NOT NULL DEFAULT '0',
  `AlertSMSBank` int NOT NULL DEFAULT '0',
  `HorasWork` int NOT NULL DEFAULT '0',
  `CameraLogin` int NOT NULL DEFAULT '0',
  `Enfermedad` int NOT NULL DEFAULT '0',
  `Description` int NOT NULL DEFAULT '0',
  `EnableDescription` int NOT NULL DEFAULT '0',
  `DescriptionString` varchar(65) CHARACTER SET latin1 COLLATE latin1_swedish_ci NOT NULL DEFAULT '',
  `DescriptionColor` int NOT NULL DEFAULT '0',
  `DescriptionSelect` int NOT NULL DEFAULT '0',
  `SpawnFac` int NOT NULL DEFAULT '0',
  `WantAudio` int NOT NULL DEFAULT '0',
  `Objetos0` int NOT NULL DEFAULT '0',
  `Objetos1` int NOT NULL DEFAULT '0',
  `Objetos2` int NOT NULL DEFAULT '0',
  `Objetos3` int NOT NULL DEFAULT '0',
  `Objetos4` int NOT NULL DEFAULT '0',
  `Objetos5` int NOT NULL DEFAULT '0',
  `Objetos6` int NOT NULL DEFAULT '0',
  `Objetos7` int NOT NULL DEFAULT '0',
  `Objetos8` int NOT NULL DEFAULT '0',
  `ObjetosVision0` int NOT NULL DEFAULT '0',
  `ObjetosVision1` int NOT NULL DEFAULT '0',
  `ObjetosVision2` int NOT NULL DEFAULT '0',
  `ObjetosVision3` int NOT NULL DEFAULT '0',
  `ObjetosVision4` int NOT NULL DEFAULT '0',
  `ObjetosVision5` int NOT NULL DEFAULT '0',
  `ObjetosVision6` int NOT NULL DEFAULT '0',
  `ObjetosVision7` int NOT NULL DEFAULT '0',
  `ObjetosVision8` int NOT NULL DEFAULT '0',
  `TypePhone` int NOT NULL DEFAULT '0',
  `Ayudante` int NOT NULL DEFAULT '0',
  `Local` int NOT NULL DEFAULT '-1',
  `InLocal` int NOT NULL DEFAULT '-1',
  `Mapper` int NOT NULL DEFAULT '0',
  PRIMARY KEY (`ID`),
  UNIQUE KEY `UNIQUE` (`Nombre`(24),`Email`,`AccountBankingOpen`),
  KEY `INDEX` (`Phone`) USING BTREE
) ENGINE=InnoDB AUTO_INCREMENT=2 DEFAULT CHARSET=utf8mb4 COLLATE=utf8mb4_unicode_ci;
/*!40101 SET character_set_client = @saved_cs_client */;


--
-- Table structure for table `users_banco`
--

DROP TABLE IF EXISTS `users_banco`;
/*!40101 SET @saved_cs_client     = @@character_set_client */;
/*!50503 SET character_set_client = utf8mb4 */;
CREATE TABLE `users_banco` (
  `AccountNumber` int NOT NULL DEFAULT '0',
  `Client` varchar(30) CHARACTER SET latin1 COLLATE latin1_swedish_ci NOT NULL DEFAULT '0',
  `Balance` int NOT NULL DEFAULT '0',
  `LockIn` int NOT NULL DEFAULT '0',
  `LockOut` int NOT NULL DEFAULT '0',
  `Cheques` varchar(700) CHARACTER SET latin1 COLLATE latin1_swedish_ci NOT NULL DEFAULT '0',
  PRIMARY KEY (`AccountNumber`),
  KEY `INDEX` (`AccountNumber`,`Client`(24)) USING BTREE
) ENGINE=InnoDB DEFAULT CHARSET=utf8mb4 COLLATE=utf8mb4_unicode_ci;
/*!40101 SET character_set_client = @saved_cs_client */;


--
-- Table structure for table `users_contacts`
--

DROP TABLE IF EXISTS `users_contacts`;
/*!40101 SET @saved_cs_client     = @@character_set_client */;
/*!50503 SET character_set_client = utf8mb4 */;
CREATE TABLE `users_contacts` (
  `ID` int NOT NULL AUTO_INCREMENT,
  `user_id` int NOT NULL,
  `contact_id` int NOT NULL,
  `NameC` text CHARACTER SET utf8mb3 COLLATE utf8mb3_unicode_ci NOT NULL,
  `NumberC` int NOT NULL,
  `IsBlackList` int NOT NULL,
  PRIMARY KEY (`ID`,`contact_id`),
  KEY `INDEX` (`user_id`)
) ENGINE=InnoDB AUTO_INCREMENT=11 DEFAULT CHARSET=utf8mb4 COLLATE=utf8mb4_unicode_ci;
/*!40101 SET character_set_client = @saved_cs_client */;


--
-- Table structure for table `users_sms`
--

DROP TABLE IF EXISTS `users_sms`;
/*!40101 SET @saved_cs_client     = @@character_set_client */;
/*!50503 SET character_set_client = utf8mb4 */;
CREATE TABLE `users_sms` (
  `user_id` int NOT NULL DEFAULT '-1',
  `Number_0` int NOT NULL DEFAULT '0',
  `SMSText_0` text CHARACTER SET latin1 COLLATE latin1_swedish_ci,
  `Number_1` int NOT NULL DEFAULT '0',
  `SMSText_1` text CHARACTER SET latin1 COLLATE latin1_swedish_ci,
  `Number_2` int NOT NULL DEFAULT '0',
  `SMSText_2` text CHARACTER SET latin1 COLLATE latin1_swedish_ci,
  `Number_3` int NOT NULL DEFAULT '0',
  `SMSText_3` text CHARACTER SET latin1 COLLATE latin1_swedish_ci,
  `Number_4` int NOT NULL DEFAULT '0',
  `SMSText_4` text CHARACTER SET latin1 COLLATE latin1_swedish_ci,
  `Number_5` int NOT NULL DEFAULT '0',
  `SMSText_5` text CHARACTER SET latin1 COLLATE latin1_swedish_ci,
  `Number_6` int NOT NULL DEFAULT '0',
  `SMSText_6` text CHARACTER SET latin1 COLLATE latin1_swedish_ci,
  `Number_7` int NOT NULL DEFAULT '0',
  `SMSText_7` text CHARACTER SET latin1 COLLATE latin1_swedish_ci,
  `Number_8` int NOT NULL DEFAULT '0',
  `SMSText_8` text CHARACTER SET latin1 COLLATE latin1_swedish_ci,
  `Number_9` int NOT NULL DEFAULT '0',
  `SMSText_9` text CHARACTER SET latin1 COLLATE latin1_swedish_ci,
  `Number_10` int NOT NULL DEFAULT '0',
  `SMSText_10` text CHARACTER SET latin1 COLLATE latin1_swedish_ci,
  `Number_11` int NOT NULL DEFAULT '0',
  `SMSText_11` text CHARACTER SET latin1 COLLATE latin1_swedish_ci,
  `Number_12` int NOT NULL DEFAULT '0',
  `SMSText_12` text CHARACTER SET latin1 COLLATE latin1_swedish_ci,
  `Number_13` int NOT NULL DEFAULT '0',
  `SMSText_13` text CHARACTER SET latin1 COLLATE latin1_swedish_ci,
  `Number_14` int NOT NULL DEFAULT '0',
  `SMSText_14` text CHARACTER SET latin1 COLLATE latin1_swedish_ci,
  PRIMARY KEY (`user_id`),
  CONSTRAINT `users_sms_ibfk_1` FOREIGN KEY (`user_id`) REFERENCES `users` (`ID`)
) ENGINE=InnoDB DEFAULT CHARSET=utf8mb4 COLLATE=utf8mb4_unicode_ci;
/*!40101 SET character_set_client = @saved_cs_client */;

--
-- Table structure for table `vehicles`
--

DROP TABLE IF EXISTS `vehicles`;
/*!40101 SET @saved_cs_client     = @@character_set_client */;
/*!50503 SET character_set_client = utf8mb4 */;
CREATE TABLE `vehicles` (
  `ID` int NOT NULL AUTO_INCREMENT,
  `PosX` float NOT NULL DEFAULT '0',
  `PosY` float NOT NULL DEFAULT '0',
  `PosZ` float NOT NULL DEFAULT '0',
  `PosZZ` float NOT NULL DEFAULT '0',
  `Modelo` int NOT NULL DEFAULT '0',
  `Color1` int NOT NULL DEFAULT '0',
  `Color2` int NOT NULL DEFAULT '0',
  `Dueno` varchar(100) CHARACTER SET latin1 COLLATE latin1_swedish_ci NOT NULL DEFAULT '',
  `Seguro` int NOT NULL DEFAULT '0',
  `Time` int NOT NULL DEFAULT '0',
  `Matricula` int NOT NULL DEFAULT '0',
  `LockPolice` int NOT NULL DEFAULT '0',
  `ReasonLock` varchar(100) CHARACTER SET latin1 COLLATE latin1_swedish_ci NOT NULL DEFAULT '',
  `Maletero_0_0` int NOT NULL DEFAULT '0',
  `Maletero_0_1` int NOT NULL DEFAULT '0',
  `Maletero_1_0` int NOT NULL DEFAULT '0',
  `Maletero_1_1` int NOT NULL DEFAULT '0',
  `Maletero_2_0` int NOT NULL DEFAULT '0',
  `Maletero_2_1` int NOT NULL DEFAULT '0',
  `Maletero_3_0` int NOT NULL DEFAULT '0',
  `Maletero_3_1` int NOT NULL DEFAULT '0',
  `Maletero_4_0` int NOT NULL DEFAULT '0',
  `Maletero_4_1` int NOT NULL DEFAULT '0',
  `Maletero_5_0` int NOT NULL DEFAULT '0',
  `Maletero_5_1` int NOT NULL DEFAULT '0',
  `Maletero_6_0` int NOT NULL DEFAULT '0',
  `Maletero_6_1` int NOT NULL DEFAULT '0',
  `Maletero_7` int NOT NULL DEFAULT '0',
  `Maletero_8` int NOT NULL DEFAULT '0',
  `Maletero_9` int NOT NULL DEFAULT '0',
  `Maletero_10` int NOT NULL DEFAULT '0',
  `Maletero_11` int NOT NULL DEFAULT '0',
  `MaleteroState` int NOT NULL DEFAULT '0',
  `Oil` int NOT NULL DEFAULT '0',
  `Gas` int NOT NULL DEFAULT '0',
  `LastX` float NOT NULL DEFAULT '0',
  `LastY` float NOT NULL DEFAULT '0',
  `LastZ` float NOT NULL DEFAULT '0',
  `LastZZ` float NOT NULL DEFAULT '0',
  `LastDamage` float NOT NULL DEFAULT '0',
  `PanelS` int NOT NULL DEFAULT '0',
  `DoorS` int NOT NULL DEFAULT '0',
  `LightS` int NOT NULL DEFAULT '0',
  `TiresS` int NOT NULL DEFAULT '0',
  `SlotsTunning_0` int NOT NULL DEFAULT '0',
  `SlotsTunning_1` int NOT NULL DEFAULT '0',
  `SlotsTunning_2` int NOT NULL DEFAULT '0',
  `SlotsTunning_3` int NOT NULL DEFAULT '0',
  `SlotsTunning_4` int NOT NULL DEFAULT '0',
  `SlotsTunning_5` int NOT NULL DEFAULT '0',
  `SlotsTunning_6` int NOT NULL DEFAULT '0',
  `SlotsTunning_7` int NOT NULL DEFAULT '0',
  `SlotsTunning_8` int NOT NULL DEFAULT '0',
  `SlotsTunning_9` int NOT NULL DEFAULT '0',
  `SlotsTunning_10` int NOT NULL DEFAULT '0',
  `SlotsTunning_11` int NOT NULL DEFAULT '0',
  `SlotsTunning_12` int NOT NULL DEFAULT '0',
  `SlotsTunning_13` int NOT NULL DEFAULT '0',
  `Vinillo` int NOT NULL DEFAULT '0',
  `Interior` int NOT NULL DEFAULT '0',
  `InteriorLast` int NOT NULL DEFAULT '0',
  `World` int NOT NULL DEFAULT '0',
  `WorldLast` int NOT NULL DEFAULT '0',
  `StationID` int NOT NULL DEFAULT '0',
  `VolumenVehicle` int NOT NULL DEFAULT '0',
  `EcualizadorVehicle_0` int NOT NULL DEFAULT '0',
  `EcualizadorVehicle_1` int NOT NULL DEFAULT '0',
  `EcualizadorVehicle_2` int NOT NULL DEFAULT '0',
  `EcualizadorVehicle_3` int NOT NULL DEFAULT '0',
  `EcualizadorVehicle_4` int NOT NULL DEFAULT '0',
  `EcualizadorVehicle_5` int NOT NULL DEFAULT '0',
  `EcualizadorVehicle_6` int NOT NULL DEFAULT '0',
  `EcualizadorVehicle_7` int NOT NULL DEFAULT '0',
  `EcualizadorVehicle_8` int NOT NULL DEFAULT '0',
  `GuanteraLock` int NOT NULL DEFAULT '0',
  `GuanteraObjects_0` int NOT NULL DEFAULT '0',
  `GuanteraObjects_1` int NOT NULL DEFAULT '0',
  `GuanteraObjects_2` int NOT NULL DEFAULT '0',
  `GuanteraObjects_3` int NOT NULL DEFAULT '0',
  `GuanteraObjects_4` int NOT NULL DEFAULT '0',
  `GuanteraObjects_5` int NOT NULL DEFAULT '0',
  `GuanteraObjects_6` int NOT NULL DEFAULT '0',
  `GuanteraObjects_7` int NOT NULL DEFAULT '0',
  `Freno` int NOT NULL DEFAULT '0',
  `FactionId` int NOT NULL DEFAULT '0',
  `JobId` int NOT NULL DEFAULT '0',
  `OwnerId` int NOT NULL DEFAULT '0',
  PRIMARY KEY (`ID`),
  KEY `INDEX` (`Dueno`(25),`Matricula`) USING BTREE
) ENGINE=InnoDB AUTO_INCREMENT=4 DEFAULT CHARSET=utf8mb4 COLLATE=utf8mb4_unicode_ci;
/*!40101 SET character_set_client = @saved_cs_client */;

/*!40101 SET SQL_MODE=@OLD_SQL_MODE */;
/*!40014 SET FOREIGN_KEY_CHECKS=@OLD_FOREIGN_KEY_CHECKS */;
/*!40014 SET UNIQUE_CHECKS=@OLD_UNIQUE_CHECKS */;
/*!40101 SET CHARACTER_SET_CLIENT=@OLD_CHARACTER_SET_CLIENT */;
/*!40101 SET CHARACTER_SET_RESULTS=@OLD_CHARACTER_SET_RESULTS */;
/*!40101 SET COLLATION_CONNECTION=@OLD_COLLATION_CONNECTION */;
/*!40111 SET SQL_NOTES=@OLD_SQL_NOTES */;

-- Dump completed on 2026-01-20 18:18:52